FOROZ	a.	Bir ağ atılışında çıkarılan balık miktarı
FORSA	a.	Gemilerde kürek çeken tutsak veya hükümlü kimse
FORSE	sf.	“Gücünü hissettirmek, güç uygulamak” anlamlarındaki forse etmek birleşik fiilinde geçen bir söz
FORTE	zf.,müz.	Güçlü bir biçimde (çalınmak)
FORUM	a.,tar.	Eski Romalılar zamanında, Roma'da ve diğer şehirlerde kamu işlerini konuşmak için halkın toplandığı alan
FORZA	a.	Güç, kudret
FOSİL	a.	Geçmiş yer bilimi zamanlarına ilişkin hayvanların ve bitkilerin, yer kabuğu kayaçları içindeki kalıntıları veya izleri; müstehase, taşıl
FRAPE	a.	Buzlu veya dondurulmuş olarak sunulan içki, meşrubat
FRESK	a.	Yaş duvar sıvası üzerine kireç suyunda eritilmiş madenî boyalarla resim yapma yöntemi
FREZE	a.,tek.	Tornacılıkta, bir deliğin ağzını genişletmeye yarayan çelik alet
FRİGO	a.	Dondurulmuş krema
FRİSA	a.	Tütsüleme suretiyle kurutulmuş ringa balığı
FUAYE	a.	► dinlenmelik
FUHUŞ	a.	İçinde bulunulan toplumun kurallarına uymayan bir biçimde bir veya birkaç kişiyle para karşılığında cinsel ilişkide bulunma
FUJER	a.,bit. b.	► eğrelti otu
FULAR	a.	Genellikle boyna bağlanan, bir tür ince ipek kumaş
FULYA	a.,bit. b.	Nergisgillerden, soğan köklü bir bitki; soğan çiçeği, zerrin (Narcissus jonquilla)
FUNDA	a.,bit. b.	► süpürge otu
FURYA	a.	Olağandan çok fazla bulunma durumu
FÜLÜS	a.,esk.	Bakır para
FÜNYE	a.	Barut vb. patlayıcı maddeleri ateşlemek için kullanılan kapsül
FÜSUN	a.,esk.	► büyü
FÜTUR	a.,esk.	Bezginliğin verdiği gevşeklik ve gayretsizlik
FÜZEN	a.	► kömür kalem
GABİN	a.,esk.	Alışverişte satın alınan mala ödenen karşılığın, malın değerinden çok fazla olması, alışverişte hile yapma
GABRO	a.,jeol.	Amfibol, piroksen, olivin vb. renkli minerallerden oluşan bir tür iri taneli kaya
GABYA	a.,den.	Ana direklerin üzerine sürülen çubuklar ve ana direklerin üstlerinde bulunan serenler
GADİR	a.,esk.	Haksızlık etme, zarar verme; gadirlik
GAFİL	sf.	► aymaz
GAFUR	sf.,din b.	Çok bağışlayıcı, merhamet eden ve bağışlayan (Tanrı)
GAİLE	a.	Sıkıntı, dert, keder, üzüntü
GAİTA	a.	İnsan dışkısı
GALAT	a.	Yanlış kelime veya söz
GALİP	sf.	Bir yarışma, karşılaşma, çatışma vb. sonunda yenen, üstün gelen, başarı kazanan
GALİZ	sf.	Kaba ve çirkin
GALON	a.	Anglosaksonların kullandığı yaklaşık dört buçuk litrelik bir tür ölçü birimi
GALOP	a.,sp.	At yarışında veya hazırlık çalışmasında atın yaptığı derece
GALOŞ	a.	Sağlık kurumları, müzeler vb. yerlerde özel bölümlere girerken ayakkabıya geçirilen ince ve şeffaf kılıf
GAMBA	a.,den.	İyi toplanmamış halat veya zincirlerde ortaya çıkan dolaşıklık
GAMET	a.,biy.	Erkek veya dişi üreme hücresi
GAMLI	sf.	► kaygılı
GAMZE	a.	Bazı insanların çenelerinde, yanaklarında doğal olarak bulunan özellikle güldüklerinde daha iyi görülen küçük çukur
GARAJ	a.	Otomobil vb. taşıtların konulduğu üstü örtülü yer; arabalık
GARAZ	a.	► kin
GARBİ	a.,esk.	► Batı
GARİP	sf.	Kimsesiz, zavallı olan
GAROZ	a.	Palamut ve toriğin iç organları
GASİL	a.,din b.	► ölü yıkama
GAŞİY	a.,esk.	► esrime
GAUSS	a.,fiz.	Manyetik alanın şiddet birimi
GAVOT	a.	Bir tür eski Fransız halk dansı
GÂVUR	a.,din b.	Dinsiz kimse
GAYDA	a.,müz.	Kamıştan yapılmış çift düdük ve tulumdan oluşan, tiz sesli, nefesli, İskoçların millî çalgısı
GAYET	zf.	Pek, çok, pek çok, aşırı bir biçimde
GAYRI	e.	► başka
GAYRİ	zf.	► gayrı
GAYUR	sf.,esk.	Gayreti olan, gayretli, çok çalışkan
GAYYA	a.,din b.	Cehennemde bulunduğu varsayılan bir kuyunun veya derenin adı
GAZAL	a.,esk.,hay. b.	► ceylan
GAZAP	a.	► öfke
GAZEL	a.,ed.	Divan edebiyatında 5-10 beyit arasında değişen, ilk beytinin dizeleri birbiriyle, sonraki beyitlerinin ikinci dizeleri birinci beyitle uyaklı, genellikle lirik konularda yazılan nazım biçimi
GAZLI	sf.	Gazı olan veya gaz bulaşmış olan
GAZOZ	a.	Meyve esansı, şeker ve karbon asidi ile yapılan, basınçlı hava ile şişelere doldurularak hazırlanan içecek
GAZVE	a.,esk.	Arap aşiretleri arasında yapılan savaş
GEBEŞ	sf.,argo	Karnı şiş olan (kimse)
GEBRE	a.	Atı tımar etmekte kullanılan kıldan kese
GEÇÇE	zf.	Biraz geç olarak, geç saatlere yakın
GEÇEK	a.,ağz.	Çok geçilen yer, işlek yol
GEÇEN	sf.	Bir önceki (hafta, ay, yaz, kış vb.)
GEÇER	sf.	Yürürlükte bulunan, geçerliği olan, kullanılan
GEÇİM	a.	Geçinmek işi; maişet
GEÇİŞ	a.	Geçmek işi
GEÇİT	a.	Geçmeye yarayan yer, geçecek yer
GEÇME	a.	Geçmek işi; mürur
GEDİK	a.	Bir düzey üstündeki yıkık, çatlak veya aralık; rahne
GEDME	a.	Gedmek işi
GELEN	sf.	Gelme işini yapan (kimse veya nesne)
GELİM	a.	Gelmek işi
GELİR	a.	Bir kimseye veya topluluğa belli zamanlarda, belli yerlerden gelen para; hasılat, varidat
GELİŞ	a.	Gelmek işi; vürut
GELME	a.	Gelmek işi
GEMRE	a.,bit. b.	Son turfanda yetişen, sert kabuklu bir tür siyah üzüm
GENEL	sf.	Bir şeye veya bir kimseye özgü olmayıp onun bütün benzerlerini içine alan; umumi
GENİŞ	sf.	Eni çok olan; enli, gen (I), vâsi
GENİZ	a.	Ağız ve burun boşluğunun arka bölümü
GENOM	a.,biy.	Gametlerde bulunan kromozomlar
GEOİT	a.	Yerkürenin geometrik olmayan gerçek biçimi
GERÇİ	zf.	Her ne kadar ... ise de; vâkıâ
GEREÇ	a.	Belirli bir işi yapmak için kullanılması gereken maddeler; materyal
GEREK	a.	Varlığına ihtiyaç duyulan, yapılması, edinilmesi icap eden şey; lüzum
GEREN	a.,ağz.	Kuruyunca çatlayan toprak, verimsiz, tuzlu, killi toprak
GERGİ	a.,ağz.	► perde
GERİM	a.,tıp	Dinlenme durumundaki kasın normal gerginliği
GERİŞ	a.	Germek işi
GERİZ	a.	► lağım
GERME	a.	Germek işi
GETTO	a.	Bir yerleşim bölgesinin, aynı şehir, ülke veya kültürden gelen insanların yerleştiği bölümü
GEVEN	a.,bit. b.	Baklagillerden, çok yıllık, bazı türlerinden kitre denilen zamk çıkarılan, arıcılıkta aromasından faydalanılan, eğimli alanlarda toprağı koruyan, eczacılık, boya, dokuma ve kâğıt sanayisinde ham madde olarak kullanılan, dikenli bir çalı; keven (Astragalus)
GEVİŞ	a.	Bazı hayvanların yutmuş olduğu yiyeceği ağzına getirip yeniden çiğnemesi
GEVME	a.	Gevmek işi
GEYİK	a.,hay. b.	Geyikgillerden, erkeklerinin başında uzun ve çatallı boynuzları olan memeli hayvan (Cervus elaphus)
GEYŞA	a.	Dansçı ve şarkıcı Japon kadını
GEZİŞ	a.	Gezmek işi
GEZME	a.	Gezmek işi; seyran
GICIK	a.	Boğazda duyulup aksırtan, öksürten yakıcı kaşıntı
GICIR	sf.,argo	► yeni
GIDIK	a.	Bir kimseyi vücudundaki hassas yerlere bir an için dokunarak güldürme veya sinirlendirme işi
GIDIM	a.	Küçük bir parça, bir miktar
GIPTA	a.	► imrenme
GIRLA	zf.,tkz.	► alabildiğine
GIYAP	a.	Yokluk, bulunmama; yitiklik
GİDER	a.	Bir iş için harcanan paranın bütünü; masraf
GİDİM	a.	Gitmek işi
GİDİŞ	a.	Gitmek işi; azimet
GİDON	a.	► yönelteç
GİRAY	a.,tar.	Kırım’da XV. yüzyıl başından 1783’e kadar hüküm süren hanedan
GİRDİ	a.,tic.	Bir üretimde yararlanılan para, gereç ve iş gücü, çıktı karşıtı
GİREN	a.,ağz.	Hafif bulutlu, sisli hava
GİRİM	a.	Girmek işi
GİRİŞ	a.	Girmek işi
GİRME	a.	Girmek işi; intisap
GİTAR	a.,müz.	Genellikle ahşap gövdeli, perdeli, altı teli olan, telleri parmakla çekilerek veya pena ile vurularak çalınan bir telli çalgı
GİTME	a.	Gitmek işi
GİTTİ		geçmiş zaman kipindeki fiillerden sonra gelerek istenmeyen bir şeyin yapıldığını, yapılacağını, istenen bir şeyin olmadığını veya olmayacağını anlatan bir söz
GİYİM	a.	Giymek işi
GİYİŞ	a.	Giymek işi
GİYİT	a.	► giysi
GİYME	a.	Giymek işi
GİYSİ	a.	Her türlü giyim eşyası; giyecek, giyim, giyit, don (I), çul, üst, elbise, kılık kıyafet, kıyafet, esvap, libas, ruba, urba
GİZEM	a.	► sır (II)
GİZİL	sf.	► potansiyel
GİZLİ	sf.	Görünmez, belli olmaz bir durumda olan; mahfi, edimsel karşıtı
GLASE	a.	Yumuşak deri
GNAYS	a.,jeol.	Kuvars, mika ve feldspattan birleşmiş kayaç
GOCUK	a.	Tek parça hayvan postundan yapılan ceket
GODOŞ	a.	► pezevenk
GOFRE	a.	Klişe aracılığıyla kâğıtta kabartma yapmaya yarayan basımcılık tekniği
GOLCÜ	a.	Çok gol atan oyuncu
GOLLÜ	sf.	Golü olan
GONCA	a.,bit. b.	Henüz açılmamış veya açılmak üzere olan çiçek; tomurcuk
GORİL	a.,hay. b.	Afrika'nın Ekvator bölgesinde ormanlarda yaşayan, iri ve güçlü bir tür maymun (Gorilla gorilla)
GÖBEK	a.	İnsan ve memeli hayvanlarda göbek bağının düşmesinden sonra karnın ortasında bulunan çukurluk
GÖBEL	a.,ağz.	Kimsesiz, başıboş çocuk
GÖBÜT	a.,ağz.	Yuvarlak, yassı, içine yumurta vb. malzemeler konan ekmek
GÖCEN	a.,ağz.	Tavşan yavrusu
GÖÇER	sf.	► göçebe
GÖÇME	a.	Göçmek işi
GÖÇÜK	a.	Çökmüş, kaymış toprak, çöküntü, yıkıntı
GÖÇÜM	a.,biy.	Bazı kimyasal maddelerin veya ışık, ısı, elektrik vb. güçlerin etkisiyle protoplazmanın yanaşma veya uzaklaşma biçiminde olan yer değiştirmesi; taksi (II)
GÖÇÜŞ	a.	Göçmek işi
GÖDEN	a.,anat.	Kalın bağırsağın son bölümü; göden bağırsağı, rektum
GÖDEŞ	sf.,ağz.	Semiz, etli
GÖĞEM	a.,ağz.	Yeşile çalan mor renk
GÖĞÜS	a.	Vücudun boyunla karın arasında bulunan ve kalp, akciğer vb. organları içine alan bölümü; bağır, sine
GÖKÇE	a.	Gök rengi, mavi
GÖLEK	a.,ağz.	► gölet
GÖLET	a.,ağz.	Birikinti suların sulamak amacıyla genellikle bir set ardında toplandığı küçük göl; gölcük, gölek, büvet (I), büğet
GÖLGE	a.	Saydam olmayan bir cisim tarafından ışığın engellenmesiyle ışıklı yerde oluşan karanlık; saye
GÖLÜK	a.,ağz.	Yük taşıyan ve binilen at, eşek, beygir, katır vb. hayvan
GÖMME	a.	Gömmek işi
GÖMÜK	sf.	Gömülmüş olan, gömülü
GÖMÜŞ	a.	Gömmek işi
GÖMÜT	a.	► mezar
GÖNCÜ	a.,ağz.	Ham veya işlenmiş deri satan kimse
GÖNEN	a.,ağz.	Ekilecek toprağın sulandırılması
GÖNÜL	a.	Sevgi, istek, düşünüş, anma, hatır vb. duyguların kaynağı; içeri, yürek, dil (II), kalp (I)
GÖNYE	a.	Dik açıları ölçmeye ve çizmeye yarayan dik üçgen biçiminde araç
GÖREV	a.	Bir nesne veya bir kimsenin yaptığı iş
GÖRGÜ	a.	Bir toplum içinde var olan ve uyulması gereken saygı ve incelik davranışları; terbiye (I)
GÖRME	a.	Görmek işi; rüyet, müşahede
GÖRÜM	a.	Görme yetisi
GÖRÜŞ	a.	Görmek işi
GÖVDE	a.	Bir şeyin asıl bölümü
GÖVEK	a.,ağz.	Cevizin yeşil kabuğu
GÖVEL	sf.,ağz.	Yeşil başlı
GÖVEM	a.,ağz.	Sığırlara dadanan zar kanatlı bir tür sinek
GÖYME	a.	Göymek işi
GÖYÜK	sf.,ağz.	Yanık, yanmış olan
GÖZCÜ	a.	Gözlemleme veya gözetleme işini yapan kimse; dideban
GÖZDE	sf.	Benzerleri arasında nitelikleri sebebiyle üstün tutulan, beğenilen, önem verilen (kimse veya şey); favori
GÖZER	a.,ağz.	Buğday, toprak vb.nin elendiği iri gözlü kalbur
GÖZGÜ	a.,esk.	► ayna
GÖZLÜ	sf.	Gözü olan
GRADO	a.,kim.	Bir sıvının içindeki alkol derecesi
GRENA	a.,min.	Nar çiçeği renginde bir süs taşı
GRİDA	a.	► lagos
GRİZU	a.,kim.	Normal sıcaklık ve basınçta kömür ocaklarında açığa çıkan ve büyük bölümü saf metandan oluşan, kolayca tutuşabilen gaz
GROGİ	a.	Boksta rakibinin yumruklarıyla çok sarsılmış ancak hâlâ ayakta durabilen boksör
GROSA	a.	Yüz kırk dört adede karşılık gelen sayı birimi
GUANO	a.	Özellikle deniz kuşlarının pisliklerinin bir yerde uzun süreden beri birikip yığılmasıyla oluşan, azot ve fosfat bakımından zengin, gübre olarak kullanılan madde
GUARD	a.,sp.	343 oyun kurucu
GUATR	a.,tıp	Boyundaki troit bezinin aşırı büyümesiyle beliren hastalık; guşa, cedre
GUDDE	a.,esk.,anat.	► beze (I)
GUGUK	a.	► guguk kuşu
GULAŞ	a.	Etli, salçalı bir Macar yemeği
GULET	a.,den.	İki direkli, yelkenli savaş gemisi
GURME	sf.	Yiyecek ve içecek konusunda uzmanlık ölçüsünde bilgisi bulunan, tadına bakan ve lezzetini değerlendiren (kimse); tatbilir
GURUP	a.	Ay, güneş, yıldız vb. gök cisimlerinin ufkun altına inmesi
GURUR	a.	Kendini beğenme; azamet
GUSTO	a.	► beğeni
GUSÜL	a.,din b.	► boy abdesti
GÜBRE	a.	Verimini artırmak için toprağa dökülen her türlü hayvan dışkısı, kimyasal veya bitkisel madde; kemre
GÜBÜR	a.,ağz.	► çöp
GÜCÜK	sf.,ağz.	Kısa, bodur, gelişmemiş
GÜCÜN	zf.,ağz.	► dara dar
GÜÇLÜ	sf.	Gücü, kuvveti olan; yavuz
GÜDEK	a.	Amaçlanan sonuç, güdülen şey
GÜDÜK	sf.	Eksik yanı olan, tamamlanmamış, kısa
GÜDÜM	a.	Yönetmek işi; idare
GÜFTE	a.	Müzik eserlerinin yazılı metni; söz
GÜĞÜM	a.	Yandan kulplu, boynu uzun, genellikle bakırdan su kabı; debbe
GÜLCÜ	a.	Gül yetiştiren veya alıp satan kimse
GÜLEÇ	sf.	Her zaman gülümseyen; mütebessim
GÜLLE	a.	Eskiden som taş veya demirden, yuvarlak bir biçimde yapılırken, günümüzde çelikten silindir biçiminde, bir ucu sivri olarak yapılan top mermisi
GÜLLÜ	sf.	Gülü olan
GÜLME	a.	Gülmek işi; hande
GÜLÜK	a.,ağz.	► hindi
GÜLÜŞ	a.	Gülmek işi; hande
GÜLÜT	a.,sin.,tiy.	Skeç, revü, eğlence gösterisi vb.ne eklenen beklenmedik gülünç sözler veya durumlar
GÜMAN	a.	► kuşku
GÜMEÇ	a.	Bal peteğini oluşturan altı köşeli gözeneklerden her biri
GÜMÜL	a.,ağz.	Susam ve ekin demeti veya yığını
GÜMÜŞ	a.,kim.	Atom numarası 47, atom ağırlığı 107,88, yoğunluğu 10,5 olan, 960 °C'ye doğru sıvı durumuna geçen, parlak beyaz renkte, kolay işlenir ve tel durumuna gelebilen element; sim (I), arjante (simgesi Ag)
GÜNAH	a.	Dinî bakımdan suç sayılan iş veya davranış
GÜNCE	a.,ed.	► günlük (I)
GÜNDE	zf.	► her gün
GÜNEÇ	a.,ağz.	Çok güneş alan yer
GÜNEY	a.	Bulunulan yerde sola doğu, sağa batı alındığında yüzün dönük olduğu yön; lodosluk, cenup, kuzey karşıtı
GÜNLÜ	sf.	► tarihli
GÜPÜR	a.	İplikten veya ipekten olan, geniş ilmeklerden oluşan bir dantel türü
GÜRUH	a.	Değersiz, aşağı görülen, küçümsenen topluluk; derinti
GÜTME	a.	Gütmek işi
GÜVEÇ	a.	İçinde yemek pişirilen toprak kap
GÜVEN	a.	Korku, çekinme ve kuşku duymadan inanma ve bağlanma duygusu; emniyet, itimat
GÜVEY	a.	► damat
GÜVEZ	a.	Mora çalan kırmızı renk; güvezî
GÜZEL	sf.	Göze ve kulağa hoş gelen, hayranlık uyandıran, çirkin karşıtı
GÜZEY	a.,coğ.	Az güneş alan, çok gölgeli kuzey yamaç
GÜZÜN	zf.	Güz mevsiminde, sonbaharda
HABBE	a.,esk.	Tahıl tanesi; evin
HABER	a.	Bir olay, bir olgu üzerine edinilen bilgi; çav (I), selen
HABEŞ	a.	► Etiyopyalı
HABİP	a.,esk.	► sevgili
HABİS	sf.	Kötü, alçak, soysuz (kimse)
HACET	a.	Herhangi bir şey için gerekli olma; ihtiyaç, gereklilik, lüzum
HACİM	a.	Bir cismin uzayda doldurduğu boşluk; oylum, cirim, sıygı
HACİR	a.,esk.,huk.	► kısıt
HACİZ	a.,huk.	Bir alacağın ödenmesi için borçlunun parasına, aylığına veya malına icra dairesi tarafından el konulması
HAÇLI	sf.	Haçı olan
HADDE	a.	Madenleri tel durumuna getirmek için kullanılan ve türlü çapta delikleri olan çelik araç
HADIM	a.	Erkeklik bezleri çıkarılmış veya köreltilmiş erkek; abelardize
HADİM	sf.,esk.	Hizmet eden
HADİS	a.,din b.	Hz. Muhammed'in sözleri; hadisişerif
HAFIZ	a.,din b.	Kur'an'ı bütünüyle ezbere bilen kimse
HAFİF	sf.	Tartıda ağırlığı az gelen; yeğni, ağır karşıtı
HAFİT	a.,esk.	Erkek torun
HAFTA	a.	Birbiri ardınca gelen yedi günlük dönem
HAHAM	a.,din b.	Yahudi din adamı
HAHHA	a.	Alaylı, yapmacıklı gülerken çıkan ses
HAİLE	a.,esk.	Çok acıklı olay
HAKAN	a.,tar.	Türk, Moğol ve Tatar hanları için "hükümdarlar hükümdarı" anlamında kullanılan bir ünvan
HAKÇA	zf.	Adalete uygun bir biçimde, doğrulukla; adilane
HAKİM	sf.,esk.	► bilge
HÂKİM	sf.	Egemenliğini yürüten, buyruğunu yürüten, sözünü geçiren
HAKİR	sf.	Aşağı görülen, değersiz
HAKLI	sf.	Hakka uygun, doğru, yerinde olan; muhik
HALAS	a.,esk.	► kurtuluş
HALAT	a.	Pamuk, kenevir, Hindistan cevizi gibi bitkisel liflerin veya çelik tellerin sarılmasıyla oluşan kolların bir arada bükülmesiyle elde edilen kalın ip
HALAY	a.	Anadolu'nun çeşitli bölgelerinde genellikle davul ve zurna eşliğinde toplu olarak oynanan bir halk oyunu
HALEF	a.	Birinin ardından gelip onun makamına geçen kimse; arda, ardıl, selef karşıtı
HALEL	a.,esk.	► bozukluk
HÂLEN	zf.	İçinde bulunduğumuz zamanda
HÂLET	a.,esk.	► durum
HALFA	a.,bit. b.	Buğdaygillerden, lifleri ip, çuval ve kâğıt yapımında kullanılan bir bitki (Sitipa tenacissima)
HALİÇ	a.,coğ.	► körfez
HALİM	sf.	Yumuşak huylu (kimse)
HALİS	sf.	► saf (II)
HALKA	a.	Çeşitli metallerden veya tahtadan yapılmış çember
HALUK	sf.,esk.	Temiz huylu, iyi ahlaklı
HAMAK	a.	İki ağaç veya direk arasına asılarak kurulan, içine yatılarak sallanılabilen, ağ, bez vb.nden yapılmış yatak; ağ yatak
HAMAL	a.	Sırtında yük taşıyarak geçinen kimse; sırtçı, taşıyıcı, yükçü
HAMAM	a.	Yıkanılacak yer; ısıdam, sıcak
HAMIZ	a.,esk.,kim.	► asit
HAMİL	sf.,esk.	Elinde bulunduran, üzerinde taşıyan
HAMİŞ	a.,esk.	► çıkma
HAMLA	a.,den.	Küreklerin bir kez suya daldırılıp çıkarılması
HAMLE	a.	► atılım
HAMSE	a.,ed.	Divan edebiyatında beş mesnevinin bir araya gelmesinden oluşan eser
HAMUR	a.	Unun su veya başka sıvılarla yoğrulmuş durumu
HAMUT	a.	Araba koşumunda atların boyunlarına geçirilen ağaç veya üstüne meşin geçirilmiş çember
HANAY	a.,ağz.	İki ve daha çok katlı ev
HANCI	a.	Han işleten kimse
HANDE	a.,esk.	► gülme
HANEK	a.,ağz.	Söz, konuşma
HANGİ	sf.	İki veya daha çok şeyden bir tanesini belirtecek bir cevap istemek için kullanılan soru sıfatı; ne (II)
HANIM	a.	Kız ve kadınlara verilen ünvan; bayan, hatun, leydi
HANUT	a.,argo	Özellikle turist kafilelerini alışveriş etmeleri için belirli dükkânlara götürme işinden alınan yüzde
HAPAZ	a.,ağz.	► avuç
HAPÇI	a.	Uyuşturucu madde özelliği taşıyan haplara düşkün olan kimse
HAPİS	a.	Bir yere kapatıp salıvermeme
HAPŞU	a.	Hapşırırken çıkan ses
HARAÇ	a.	Bir yerden, bir kimseden zorbalıkla alınan para; baç
HARAM	sf.,din b.	Din kurallarına aykırı olan, dinî bakımdan yasak olan, helal karşıtı
HARAP	sf.	Bayındırlığı kalmamış, yıkılacak duruma gelmiş; yıkkın, viran
HARAR	a.,esk.	Çoğu kıldan dokunmuş, büyük çuval
HARBE	a.,esk.	Kısa mızrak
HARBÎ	sf.,tar.	Savaşla ilgili
HARBİ	a.	Ateşli silahların içini temizlemekte kullanılan çubuk; harbe
HAREM	a.	Saray ve konaklarda kadınlara ayrılan bölüm, selamlık karşıtı
HARIM	a.,ağz.	Sebze ve meyve bahçesi
HARIN	sf.,ağz.	Bir şeyden huylanıp yürümeyen, geri geri giden (hayvan)
HARİÇ	a.	► dış
HARİM	a.,esk.	Girilmesi yabancıya yasak olan, kutsal tutulan, korunulan yer
HARİR	a.,esk.	► ipek
HARİS	sf.	► açgözlü
HARLI	zf.	Kuvvetli bir biçimde
HARTA	a.	"Sırasız, saygısız davranışlarda bulunmak" anlamındaki hartası hurtası olmamak deyiminde geçen bir söz
HASAR	a.	Herhangi bir olayın yol açtığı kırılma, dökülme, yıkılma gibi zarar
HASAT	a.	Ürün kaldırma, ekin biçme işi
HASBİ	sf.,esk.	Gönüllü ve karşılıksız yapılan
HASEP	a.,esk.	Kişinin kendine özgü olan ve kişisel özelliklerinden doğan değeri
HASET	a.	► kıskançlık
HASIL	sf.	Olan, ortaya çıkan, görünen
HASIM	a.	► düşman
HASIR	a.	Saz, kabuk, yaprak vb. bir bitki maddesiyle örülmüş taban veya tavan örtüsü
HASİS	sf.	► cimri
HASPA	a.,alay,şaka	Kızlara, kadınlara şaka yollu söylenen bir söz
HASSA	a.,esk.	► özellik
HASSE	a.	Patiska cinsinden, patiskaya göre daha sık dokunmuş, kalın beyaz bez
HASTA	sf.	Hastalık, kaza veya yaralanma dolayısıyla fizik veya ruh sağlığı bozulmuş ve tedavi edilmesi gereken (kimse, hayvan, organ); rahatsız, sayrı, sökel, alil, pestil
HASUT	sf.,esk.	► kıskanç
HAŞAT	sf.,argo	Darmadağınık, işe yaramaz, bozuk, kötü
HAŞIL	a.,ağz.	Dokumacılıkta kullanılan unlu veya çirişli sıvı
HAŞİN	sf.	Sert, kırıcı, gönül kırıcı
HAŞİR	a.,esk.	Toplanma, bir araya gelme
HAŞİŞ	a.,esk.	Hint kenevirinden çıkarılan esrar
HAŞİV	a.,esk.	► doldurma
HATIL	a.,esk.,mim.	Ağırlığı yatay olarak dağıtmak ve duvarların düşey doğrultudaki çatlamalarını önlemek için yatay olarak boydan boya yerleştirilen ahşap, tuğla veya beton bağlama ögesi
HATIR	a.	Düşünme, akılda tutma
HATİF	sf.,esk.	Sesi işitilen fakat kendisi görülmeyen
HATİM	a.,din b.	Kur'an'ın tamamını okuma
HATİP	a.	► konuşmacı
HATMİ	a.,bit. b.	Ebegümecigillerden, bazı cinslerinin kök ve çiçekleri hekimlikte kullanılan, çok yıllık otsu bir süs bitkisi; ağaçküpesi (Althaea officinalis)
HATTA	bağ.	“Bile, dahi, üstelik, bundan başka, hem de” anlamlarında anlamı kuvvet-lendirmek için kullanılan bir söz; velev ki
HATUN	a.	► kadın
HAVAİ	sf.	Hava ile ilgili, havada bulunan
HAVAN	a.	İçinde bir şey dövüp ufalamaya yarayan, tahta, taş, maden veya plastikten yapılan kap
HAVAS	a.,esk.	Nitelikler, özellikler
HAVİT	a.	İçine pul konulması için hazırlanmış, pulu kaplayarak rutubet, nem vb. dış etkilerden koruyan, ön yüzü saydam, arka yüzü zamklı kılıf
HAVLI	sf.	Havı olan
HAVLU	a.	Vücudun çeşitli yerlerinin kurulanmasına yarayan dokuma bez; silgi
HAVRA	a.,din b.	► sinagog
HAVUÇ	a.,bit. b.	Maydanozgillerden, koni biçimindeki etli kökü için sebze olarak yetiştirilen, iki yıllık otsu bir kültür bitkisi; pürçekli, yeregeçen (Daucus carota)
HAVUT	a.,esk.	Deve semeri
HAVUZ	a.	Su biriktirme, yüzme, çevreyi güzelleştirme vb. amaçlarla altı ve yanları mermer, beton benzeri şeylerden yapılarak içine su doldurulan, genellikle üstü açık yer
HAVYA	a.,tek.	Madenlerle yapılan kaynak işlerinde lehimi eritmek için ateşle veya elektrikle kızdırılarak kullanılan, çoğunlukla çekiç biçiminde ucu bakır alet
HAVZA	a.	► bölge
HAYAT	a.	Canlı, sağ olma durumu
HAYBE	a.,argo	Boş, işe yaramaz, anlamsız iş
HAYCI	a.	Avlanmak istenen hayvanı veya sürüyü ürkütüp avcıya doğru yönlendiren kimse
HAYDA	ünl.	Hayvanları harekete geçirmek için kullanılan söz
HAYDİ	ünl.	İsteklendirmek, çabukluk belirtmek için kullanılan bir söz; hadi
HAYFA	ünl.,esk.	"Eyvah, yazık, heyhat" anlamlarında kullanılan bir söz
HAYIF	a.,esk.	Haksızlık yapma
HAYIR	a.	İyilik, karşılık beklenmeden yapılan yardım
HAYIT	a.,bit. b.	► ayıt
HAYIZ	a.,esk.	Kadınlarda aybaşı hâli
HAYLİ	sf.	► çok
HAYTA	a.,tar.	Osmanlıların ilk dönemlerinde eyalet askerlerinin uç boylarında görevli sınıflarından biri
HAZAN	a.	► sonbahar
HAZAR	a.	VI-X. yüzyıllar arasında Hazar Denizi'nin ve Kafkasların kuzeyinde yaşamış bir Türk boyu veya bu boydan olan kimse
HAZCI	sf.,fel.,ekon.	Hazcılığı benimseyen ve savunan; hedonist
HAZIK	sf.,esk.	► usta
HAZIM	a.,biy.	► sindirim
HAZIR	sf.	Bir iş yapmak için gereken her şeyi tamamlamış olan; anık (I), amade, müheyya
HAZİN	sf.	► hüzünlü
HAZNE	a.	► hazine
HECİN	a.,hay. b.	Devegillerden, sırtında besin depo etmeye yarayan tek hörgücü bulunan, hızlı yürüyen, susuzluğa dayanıklı bir tür memeli (Camelus dromedarius)
HEDEF	a.	Nişan alınacak yer; nişangâh
HEDER	a.	Karşılığını alamama, boşa gitme, ziyan olma
HEDİK	a.,ağz.	Kaynatılmış buğday, bulgur, mısır vb. şeyler
HEKİM	a.	İnsanlardaki hastalıkları teşhis ve onları ilaçlarla veya bazı araçlarla tedavi eden kimse; doktor, tabip
HELAK	a.	Yok olma
HELAL	sf.,din b.	Dinin kurallarına aykırı olmayan, dinî bakımdan yasaklanmamış olan, haram karşıtı
HELİK	a.,ağz.	Duvar örülürken büyük taşların arasına konulan ufak taşlar
HELİS	a.,mat.	Bir silindirin ana doğrularını sabit bir açı altında kesen eğri
HELKE	a.,ağz.	Bakırdan yapılan bakraç, kova
HELME	a.	Fasulye, pirinç, buğday vb. taneler kaynatıldığında nişastanın çökelmesiyle oluşan koyu sıvı
HEMEN	zf.	► çabucak
HEMPA	a.,esk.	► omuzdaş
HEMŞO	a.,argo	"Hemşehri" kelimesinin kısaltılmasıyla ortaya çıkan bir hitap şekli
HEMZE	a.	Gırtlakta, ses tellerinin birbirine yapışması sonucu havanın akışını birdenbire engellemesiyle oluşan ve bir kesinti izlenimi veren ünsüz
HENÜZ	zf.	Az önce; daha
HEPSİ	zm.	Sözü edilenlerin tamamı; cümlesi, cemi cümlesi, topu
HEREK	a.	► sırık
HERİF	a.,mec.	Güven vermeyen, aşağı görülen, bayağı kimse
HERİK	a.,hay. b.	Karadeniz'in geçit bölgelerinde yetiştirilen, beyaz renkli, kaba ve karışık yapağılı bir tür koyun
HERTZ	a.,fiz.	Saniyede bir titreşim yapan devirli bir olayın frekansına eşit frekans birimi
HERZE	a.,esk.	Saçma sapan olan söz
HEVES	a.	► istek
HEYBE	a.	At, eşek vb. binek hayvanlarının eyeri üzerine geçirilen veya omuzda taşınan, içine öteberi koymaya yarayan, kilim veya halıdan yapılmış iki gözlü torba
HEYET	a.	► kurul
HEZAR	a.	► bülbül
HEZEL	a.,esk.	Karşısındakini neşelendirmek amacıyla yazılan veya söylenen söz
HEZEN	a.	Ahşap ev, cami vb. yerlerde damların üzerine döşenen kalın ve büyük ağaç
HIFIZ	a.,esk.	► saklama
HIMIŞ	a.,ağz.	Ağaç çatkıların arasına kerpiç doldurularak yapılmış duvar veya bina
HIRBO	sf.,argo	İri yarı (kimse)
HIRKA	a.	Genellikle soğuktan korunmak için giyilen, bazen içi pamukla beslenmiş, ceket biçiminde, önden açık, kollu üst giysisi
HIRLI	sf.,ağz.	İşinde doğru, uslu, iyi (kimse)
HISIM	a.,huk.	Evlilik yoluyla birbirine bağlı olan kimseler; yan soy
HIŞIM	a.	► öfke
HIŞIR	a.,ağz.	Olmamış meyve
HIYAR	a.,bit. b.	Kabakgillerden, uzun, iri meyveli, sürüngen, bir yıllık otsu bir bitki (Cucumis sativus)
HIZAR	a.	Tahta ve kereste biçmeye yarayan, elektrik veya su gücüyle çalışan büyük bıçkı
HIZLA	zf.	► çabucak
HIZLI	sf.	Hızı çok olan; seri (II), süratli, şiddetli
HIZMA	a.	Ayı, boğa vb. hayvanların dudaklarına veya burnuna geçirilen demir halka
HİCAP	a.,esk.	► utanma
HİCAZ	a.,müz.	Klasik Türk müziğinde dügâh perdesinde karar kılan bir makam
HİCİV	a.,ed.	► yergi
HİCRİ	sf.	Tarih başı olarak hicreti kabul eden
HİÇÇİ	sf.,fel.	► nihilist
HİDİV	a.,tar.	► vezir
HİDRA	a.,hay. b.	Hidralar takımından, 1 santimetre uzunluğundaki, vücudu torba biçiminde, ağız çevresinde 6-10 dokunacı olan tatlı su hayvanı (Hydra)
HİKEM	a.,esk.	Hikmetler
HİLAF	sf.	► aykırı
HİLAL	a.	Ayın ilk günlerinde aldığı yay biçimi; ayça, yeni ay
HİLAT	a.,tar.	► kaftan
HİLTİ	a.	Hava basıncıyla çalışan, beton kırıcı, delici alet
HİLYE	a.,ed.	Hz. Muhammed'in dış görünüşünü ve niteliklerini anlatan manzum ve mensur eser
HİMEN	a.,anat.	► kızlık zarı
HİNDİ	a.,hay. b.	Tavukgillerden, XV. yüzyılda evcilleştirilerek Amerika'dan bütün dünyaya yayılan, boyun ve başı çıplak, parlak, yeşil ve esmer tüylü, kümes hayvanlarının en büyüğü; gülük, keloğlan (II), mısırtavuğu (Meleagris gallopavo)
HİPPİ	a.	Toplumsal düzene, tüketime ve şiddete karşı çıkan, derbederce yaşayan, örgütlenmemiş gençler topluluğu
HİSAR	a.	Bir şehrin veya önemli bir yerin korunması için taştan yapılmış, yüksek duvarlı ve kuleli, çevresinde hendekler bulunan küçük kale
HİSÇE	zf.	His bakımından
HİSLİ	sf.	► duygulu
HİSSE	a.	► pay
HİSSÎ	sf.	► duygusal
HİTAM	a.,esk.	Son, bitim
HİTAN	a.,esk.	Sünnet etme
HİTAP	a.	Sözü birine veya birilerine yöneltme; seslenme
HİZİP	a.	Bir toplum içinde inanç, düşünce vb. yönlerden ayrılıkçı davranarak toplumun büyük kısmıyla çatışma durumundaki küçük topluluk; klik
HODAN	a.,bit. b.	Hodangillerden, çiçekleri hekimlikte kullanılan ve kökü kavrularak yenilen, bir yıllık ve otsu bir bitki (Borago officinalis)
HODRİ	a.	"Kendine güvenen ortaya çıksın, işte meydan" anlamında hodri meydan deyiminde geçen bir söz
HOKEY	a.	Bir ucu kıvrık sopalarla çayır veya buz üzerinde iki takım arasında oynanılan top oyunu
HOKKA	a.	Metal, cam veya topraktan yapılmış küçük kap
HOPPA	sf.	Yaşına uymayan davranışlarda bulunan; delişmen, koket, ağırbaşlı karşıtı
HORON	a.	Karadeniz Bölgesi'nde kemençe ile oynanan halk oyunu
HOROZ	a.,hay. b.	Tavukgillerden, tavuğun erkeği olan kümes hayvanı
HORST	a.,coğ.	Çöküntü sonucu oluşmuş ova ve havzaların çevresinde yükselen dağlık alan
HOŞAF	a.	Bütün veya dilimler hâlindeki kuru meyvenin şekerli suyla kaynatılmasıyla yapılan bir tatlı türü
HOŞÇA	sf.	Hoş bir biçimde olan
HOŞUR	sf.	Bir inceliği ve albenisi olmayan
HOTOZ	a.	Kadınların süs için saçlarının üstüne taktıkları, çeşitli renk ve biçimde yapılmış küçük başlık
HOZAN	a.,ağz.	Dinlenmeye bırakılmış, birkaç yıl işlenmemiş tarla
HÖDÜK	sf.,argo	Görgüsüz, kaba, anlayışı kıt (kimse)
HÖYÜK	a.	Tarih boyunca türlü nedenlerle yıkılan yerleşme bölgelerinde, yıkıntıların üst üste birikmesiyle oluşan ve çoğu kez içinde yapı kalıntılarının gömülü bulunduğu yayvan tepe
HUDUT	a.	► sınır
HUKUK	a.	Toplumu düzenleyen ve devletin yaptırım gücünü belirleyen yasaların bütünü; tüze
HULUL	a.,esk.	Gelme, gelip çatma
HULUS	a.,esk.	Gönül temizliği, saf olma
HUMAR	a.,esk.	İçki veya uyku sersemliği
HUMMA	a.,tıp	Hastalıkla gelen şiddetli ateş
HUMOR	a.	► gülmece
HUMUS	a.,bit. b.	Bitkilerin çürümesiyle oluşan koyu renkte organik toprak
HURDA	a.	Eski maden parçası
HURMA	a.	► hurma ağacı
HURRA	ünl.	Kalabalık ve gürültülü hareketlenmeyi ifade eden söz
HURUÇ	a.,esk.	Dışarı çıkma, çıkış
HUSUF	a.,esk.,gök b.	► Ay tutulması
HUSUL	a.	Meydana gelme
HUSUS	a.	► konu
HUSYE	a.,anat.	► taşak
HUTBE	a.,din b.	Cuma namazından önce ve bayram namazından sonra hatibin minberde yaptığı öğüt niteliğindeki konuşma
HUTUT	a.,esk.	Çizgiler
HUYLU	sf.	Herhangi bir huyu olan
HUZUR	a.	Dirlik, baş dinçliği, gönül rahatlığı
HÜCRE	a.,anat.,biy.	Organizmanın canlılığını kendi başına sürdürebilen, bölünüp çoğalabilen ve dışarıdan aldığı maddeleri özümleyebilen en küçük birimi; göze
HÜCUM	a.	► saldırı
HÜKMİ	sf.,esk.,huk.	► tüzel
HÜKÜM	a.	► yargı
HÜLLE	a.,esk.	Medeni Kanun'un kabulünden önce, kocasından üç kez boşanan kadının, yine eski kocasıyla evlenebilmesi için yabancı bir erkeğe bir günlüğüne nikâh edilmesi
HÜLYA	a.	Gerçekleşmesi özlenerek zihinde kurulan ve insanı oyalayıp avutan tatlı hayal
HÜNER	a.	Beceri isteyen ustalık, beceriklilik
HÜNSA	sf.,esk.,biy.	► erdişi
HÜRLE	a.,ağz.	Bir cins burçak
HÜRYA	zf.	Hep birden, cümbür cemaat
HÜSÜN	a.,esk.	► güzellik
HÜZME	a.	► ışık demeti
HÜZÜN	a.	Gönül üzgünlüğü; melankoli
IĞRIP	a.,ağz.	Bir tür büyük balık ağı; ırıp
IHMAK	nsz.,ağz.	Deve çöküp oturmak
ILGAR	a.,ağz.	Dizginleri koyuverilmiş atın dörtnala koşması
ILGIM	a.	► serap
ILGIN	a.,bit. b.	Ilgıngillerden, Akdeniz Bölgesi'nde yetişen bir ağaç veya ağaççık cinsi (Tamarix)
ILICA	a.	Sıcak su çıkan yer
ILIMA	a.	Ilımak işi
ILTAR	a.,ağz.	Çoban köpeklerinin boğazına takılan çivili demir
IRAMA	a.	► uzaklaşma
IRGAT	a.	Tarım işçisi; rençper
IRKÇI	sf.,top. b.	Irkçılık yanlısı olan; rasist
ISKAT	a.,esk.	Düşürme, aşağı atma
ISLAH	a.	► iyileştirme
ISLAK	sf.	Suya batırılmış, üzerine su dökülmüş veya yağmurdan ıslanmış olan; yaş (II)
ISLIK	a.	Dudakların büzülmesiyle veya parmağın dil üzerine getirilmesiyle çıkarılan ince ve tiz ses
ISRAR	a.	Direnme, ayak direme, üsteleme, üstünde durma
ISSIZ	sf.	Kimse bulunmayan veya az kimse bulunan; yaban, kûhi, tenha
ISTAR	a.,ağz.	Halı, kilim dokunan tezgâh
IŞIMA	a.	► aydınlanma
IŞKIN	a.,ağz.	Bahar aylarında yüksek kayalık yerlerde ve dağlarda yetişen, vitamin değeri yüksek, çiğ veya pişmiş olarak tüketilebilen bir tür ot (Reun ribes)
IŞTIR	a.,bit. b.	Pancargillerden, 30-70 santimetre yüksekliğinde, yapraklı dalları pişirilerek yenen bir yıllık otsu bitki; yaban pazısı (Chenopodium urbicum)
ITLAK	a.,esk.	Salıverme, koyuverme
ITRAH	a.,esk.	Dışarı çıkarma, dışarı atma
IZGIN	a.,bit. b.	Rozet yapraklı, sarı çiçekli, tohumlarından yağ çıkarılan, bir yıllık, otsu bir bitki (Eruca cappadocica)
IZRAR	a.,esk.	Zarar verme, zarara sokma
İBARE	a.	Bir düşünceyi anlatan bir veya birkaç cümlelik söz
İBATE	a.,esk.	► barındırma
İBDAİ	sf.,esk.	► özgün
İBLAĞ	a.,esk.	Ulaştırma, eriştirme
İBLİS	a.,din b.	► şeytan
İBRAZ	a.	Ortaya koyma, gösterme, meydana çıkarma
İBRET	a.	Kötü bir olaydan alınması gereken ders, uyarıcı sonuç
İBRİK	a.	Su koymaya yarayan kulplu, emzikli kap
İBZAL	a.,esk.	Esirgemeden bol bol verme, yapma veya söyleme
İCBAR	a.,esk.	Zorlama, zorunda bırakma
İCMAL	a.,esk.	► gösterge
İÇERİ	a.	İç taraf, içteki bölüm, dışarı karşıtı
İÇİCİ	sf.	İçme işini yapan (kimse)
İÇKİN	sf.,fel.	Varlığın içinde bulunan, varlığın yapısına karışmış olan; mündemiç
İÇLEM	a.,man.	Bir kavramın çağrıştırdığı kapsama giren niteliklerin veya taşıdığı özelliklerin bütünü; tazammun
İÇLİK	a.,ağz.	İçe giyilen çamaşır
İÇMEK	-i	Bir sıvıyı ağza alıp yutmak
İÇREK	sf.,fel.	İçe ait, içe özgü olan; bâtıni, ezoterik
İÇSEL	sf.	İçle ilgili, içe ilişkin; dâhilî
İÇSİZ	sf.	İçi olmayan (taneli sebze veya kuru yemiş)
İÇTEN	sf.	Her türlü çıkar düşüncesinden uzak; ılım ılım, içtenlikli, kalpten, yürekten, kalbî, samimi
İÇYÜZ	a.,mec.	Herkesçe bilinmeyen, anlaşılmayan ve görünenden büsbütün başka olan neden veya nitelik; bâtın, mahiyet, zamir (II)
İDADİ	a.,esk.	Lise derecesindeki okul
İDAME	a.,esk.	Sürdürme, devam ettirme
İDARE	a.	Yönetme, çekip çevirme; güdüm, yönetim
İDARİ	sf.	► yönetimsel
İDDİA	a.	Kendinde olmayan bir yeteneği, bir durumu varmış gibi gösterme
İDEAL	a.,fel.	► ülkü
İDMAN	a.,sp.	Vücudun gücünü ve dayanıklılığını artırmak, taktik çalışmaları yapmak, maçlara hazırlanmak için yapılan uygulama; çalışım, hazırlık çalışması, antrenman
İDRAK	a.	► anlayış
İDRAR	a.	Böbreklerde kandan süzülerek idrar yolları aracılığıyla dışarıya atılan sıvı; sidik, küçük abdest, küçük
İFADE	a.	► anlatım
İFFET	a.	Cinsel konularda ahlak kurallarına bağlılık
İFHAM	a.,esk.	► anlatma
İFLAH	a.	Kötü, güç bir durumdan kurtulma, iyi bir duruma gelme; onma
İFLAS	a.,tic.	Borçlarını ödeyemediği mahkeme kararı ile tespit ve ilan olunan iş adamının durumu; batkı
İFRAĞ	a.,esk.	Bir şeyi başka bir biçime çevirme
İFRAT	a.	Herhangi bir konuda çok ileri gitme, ölçüyü aşma, aşırı davranma, taşkınlık, tefrit karşıtı
İFRAZ	a.,esk.	Bir arazinin bölünmesi, parsellere ayrılması
İFRİT	a.	Doğu masal ve efsanelerinde kötü, korkunç cin
İFSAT	a.,esk.	Düzeni bozma, karışıklık çıkarma
İFTAR	a.,din b.	Oruç açma, oruç bozma
İĞDİŞ	sf.	Erkeklik bezleri çıkarılarak veya burularak erkeklik görevi yapamayacak duruma getirilmiş (hayvan ve özellikle at)
İĞFAL	a.	Bir kadını aldatma, baştan çıkarma
İĞLİK	sf.	İçinde herhangi bir sayıda iğ bulunan
İHALE	a.,tic.	Bir işin kimin tarafından daha ucuz yapılacağının anlaşılması için istekliler arasında açılan fiyat kırma işi; eksiltme
İHATA	a.,esk.,ask.	► kuşatma
İHBAR	a.	Bildirme, bildirim, haber verme
İHDAS	a.,esk.	Ortaya çıkarma, meydana getirme
İHLAK	a.,esk.	Helak etme, yok etme
İHLAL	a.	Bozma, zarar verme
İHLAS	a.	Temiz sevgi ve yürekten bağlılık
İHMAL	a.	Gereken ilgiyi göstermeme, önem vermeme; boşlama, savsaklama, savsama
İHRAÇ	a.	Çıkarma, dışarıya atma
İHRAM	a.	Hacca giden Müslüman erkeklerin dikişsiz, beyaz bir peştamal ve omuza atılan bir havludan, kadınların ise bolca bir elbiseden ibaret olan kıyafetleri
İHRAZ	a.,esk.	Kazanma, elde etme, erişme
İHSAN	a.	İyilik etme, iyi davranma
İHSAS	a.,esk.	Üstü kapalı anlatma; sezdirme, ima
İHTAR	a.	► uyarı
İHVAN	a.,esk.	Yakın dostlar, samimi arkadaşlar
İHZAR	a.,esk.	Hazırlama, hazır etme
İKAME	a.	Bir şeyi başka bir şeyin yerine koyma, yerine kullanma
İKBAL	a.	Baht açıklığı veya yüksek bir makama, duruma erişmiş olma durumu
İKDAM	a.,esk.	Gayretle çalışma, sürekli uğraşma
İKİCİ	sf.,fel.	İkicilik felsefesini kabul eden; düalist
İKİLİ	sf.	İki parçadan oluşan, kendinde herhangi bir şeyden iki tane bulunan
İKLİL	a.	► taç (I)
İKLİM	a.,coğ.	Yeryüzünün herhangi bir yerinde hava olaylarına bağlı olarak gerçekleşen etkilerin uzun yılların ortalamasına dayanan durumu; abuhava
İKMAL	a.	► bütünleme
İKONA	a.	Ortodokslarda İsa, Meryem veya ermişlerin tahta üzerine mumlu ve yumurtalı boyalarla yapılmış dinî içerikli resimleri; ikon
İKRAH	a.,esk.	► tiksinme
İKRAM	a.	Konuğu ağırlama
İKRAR	a.,esk.	Saklamayıp doğruca söyleme, açıkça söyleme
İKRAZ	a.,esk.	Borç veya ödünç verme
İKSİR	a.	İç ferahlatıcı ilaç veya sıvı
İLAHE	a.	► tanrıça
İLAHÎ	ünl.	Ey Allah'ım
İLAHİ	ünl.	"Bu ne hâl, ne tuhaf" gibi şaşma, sitem bildiren bir söz
İLAVE	a.	Ekleme, ulama
İLBAY	a.,esk.	► vali
İLENÇ	a.	► beddua
İLERİ	a.	Herhangi bir şeye göre daha ötede olan yer, geri karşıtı
İLETİ	a.	Yazı veya sözle verilen, gönderilen bilgi; mesaj
İLGEÇ	a.,db.	► edat
İLHAK	a.	Egemenliği altına alma
İLHAM	a.	► esin
İLHAN	a.,tar.	► imparator
İLKAH	a.,esk.,biy.	► dölleme
İLKEL	sf.	İlk durumunda kalmış olan, gelişmesinin başında bulunan; ilkelce, iptidai, primitif
İLKİN	zf.	Başta, başlangıçta
İLLET	a.	► hastalık
İLMEK	a.	İpe halka şekli verilerek yapılan düğüm; ilmik, din (IV)
İLMİK	a.	► ilmek (I)
İLZAM	a.	Tartışma veya yargılamada delillerle karşı tarafı cevap veremez duruma getirme; susturma
İMALE	a.,ed.	Aruz vezninde kısa okunması gereken heceyi ölçüye uydurmak için uzun okuma, zihaf karşıtı
İMALI	sf.	Üstü kapalı, örtülü (söz veya davranış)
İMBAT	a.	Yazın, gündüz denizden karaya doğru esen mevsim rüzgârı; deniz yeli
İMBİK	a.	Damıtmaya yarayan, damıtma işinde kullanılan araç; damıtıcı
İMDAT	a.	Tehlikede olana yapılan yardım
İMECE	a.,top. b.	Kırsal topluluklarda köyün zorunlu ve isteğe bağlı işlerinin köylülerce eşit şartlarda emek birliğiyle gerçekleştirilmesi
İMKÂN	a.	Yararlanılan uygun şart veya durum
İMLEÇ	a.,fiz.	Fiziksel bir olayı kendiliğinden tespit edip çizen araç; kaydedici
İMLEK	a.	Bir kurum veya kuruluşun kendine seçtiği, bazı ticaret eşyası üzerine konulan, o eşyayı üreten veya satanı tanıtan resim, harf vb. özel işaret; logo
İMLİK	a.	Kitap sayfaları arasına konulan ve okunan yeri belirlemekte kullanılan ince, uzun karton parçası
İMMÜN	sf.,tıp	► bağışık
İMREN	a.	Görülen bir şeyi veya benzerini edinme isteği
İMROZ	a.,hay. b.	Gökçeada ve kısmen Çanakkale ilinde yetiştirilen vücudu beyaz, baş ve ayaklarda siyah lekeler bulunan, küçük cüsseli, uzun ve ince kuyruklu, kaba karışık ve uzun yapağılı bir tür koyun
İMSAK	a.	Oruca başlama zamanı
İNANÇ	a.	Bir düşünceye gönülden bağlı bulunma; itikat
İNCİK	a.,anat.	► baldır
İNCİR	a.,bit. b.	Dutgillerden, asıl yurdu Akdeniz kıyıları olan, yaprakları geniş dilimli bir ağaç (Ficus carica)
İNDİS	a.	Bir harf üzerine konulan işaret
İNFAK	a.,huk.	Nafaka verip bir kimsenin geçimini sağlama
İNFAZ	a.,huk.	Bir kararı, bir yargıyı yerine getirme; uygulama, yürütüm
İNGİN	sf.	► engin (II)
İNKÂR	a.	Yaptığını, söylediğini, tanık olduğunu saklama, gizleme; yadsıma
İNMEK	-den	Yüksekten veya yukarıdan aşağıya doğru gelmek
İNSAF	a.	Acımaya, vicdana veya mantığa dayanan adalet
İNSAN	a.	Toplum hâlinde bir kültür çevresinde yaşayan, düşünme ve konuşma yeteneği olan, evreni bütün olarak kavrayabilen, bulguları sonucunda değiştirebilen ve biçimlendirebilen canlı; adam, âdem, âdemoğlu, insanoğlu, kişioğlu, beniâdem, benibeşer, fâni, in (II)
İNŞAT	a.,esk.	Şiir okuma, şiir söyleme
İNTAÇ	a.,esk.	Bir işi sonuçlandırma, sona erdirme, bitirme
İNTAK	a.,esk.	Konuşturma, söyletme
İNTAN	a.,esk.,tıp	► mikrop
İNZAL	a.,esk.	İndirme, indirilme
İPÇİK	a.,bit. b.	Bitkilerin erkek organlarında başçığı çiçeğe bağlayan ince sap
İPEKA	a.,bit. b.	► altın kökü
İPHAM	a.,esk.	Gizli tutma
İPLİK	a.	Pamuk, keten, yün, ipek, naylon vb. dokuma maddelerinin uzun, ince liflerinden her biri; ip
İPSİZ	sf.	İpi olmayan
İPTAL	a.	Yararlıktan, kullanıştan kaldırma, silme, bozma
İPUCU	a.	İnsanı aradığı gerçeğe ulaştırabilecek belirti
İRADE	a.	Bir şeyi yapıp yapmama konusunda kişinin kendi kendine karar verebilme ve bunu uygulama gücü
İRADİ	sf.,esk.,ruh b.,fel.	► iradeci
İRFAN	a.	Bilme, anlama, sezme
İRİCE	sf.	İriye yakın, biraz iri
İRİTE	a.	"Sinirlendirmek, rahatsız etmek" ve tıp alanında "tahriş etmek, kaşındırmak" anlamında irite etmek birleşik fiilinde kullanılan bir söz
İRKME	a.	İrkmek işi
İRMİK	a.	Sert buğdaydan elde edilen, taneleri iri, glütence zengin un
İRONİ	a.,ed.	► gülmece
İRSAL	a.,esk.	► gönderme
İRSEN	zf.,esk.	Kalıtım yoluyla
İRŞAT	a.,esk.	Doğru yolu gösterme, uyarma
İSALE	a.,esk.	► akıtma
İSHAL	a.	Olağandan daha çok, daha sık ve sulu dışkı çıkarma; sürgün, ötürük, iç sürme, cır cır, amel, linet, kabız karşıtı
İSKÂN	a.	► yurtlandırma
İSLİM	a.	► istim
İSMEN	zf.	Adını belirterek, adını söyleyerek, adını vererek
İSMET	a.,esk.	Ahlak kurallarına bağlı kalma durumu; sililik
İSNAT	a.	Bir düşünceyi, bir konuyu bir kişi veya sebebe dayandırma, yükleme; atfetme
İSPAT	a.	► kanıt
İSPİR	a.	At veya araba uşağı
İSPİT	a.	► jant
İSRAF	a.	Gereksiz yere para, zaman, emek vb.ni harcama; savurganlık
İSTEK	a.	Bir şeye karşı içten gelen yönelme duygusu; gönül, arzu, heves, kasıt
İSTEM	a.,dil b.	► isteme
İSTER	a.	► gerek
İSTİF	a.	Eşya veya başka nesnelerin düzgün bir biçimde üst üste konulmasıyla oluşan yığın
İSTİM	a.	Gücünden yararlanmak için elde edilen buhar; islim
İSTOP	a.	Ebenin topu havaya atması, diğerlerinin kaçışması ve ebe tarafından diğer oyuncuların topla vurulması biçiminde oynanan bir oyun
İSYAN	a.	► başkaldırı
İŞEME	a.	İşemek işi
İŞGAL	a.	Bir yeri ele geçirme
İŞKÂL	a.,esk.	Güçleştirme, zorlaştırma, çetinleştirme
İŞKİL	a.	► kuşku
İŞLEK	sf.	Çok işleyen, canlı, hareketli olan
İŞLEM	a.	Bir işi sonuçlandırmak için yapılan iş veya uygulamaların hepsi; muamele
İŞLEV	a.	Bir şey veya kimsenin yapısı veya konumu gereği yaptığı iş, kendine özgü olan iş görme yetisi; görev, fonksiyon
İŞMAR	a.,ağz.	El, göz veya baş ile yapılan işaret
İŞRET	a.,esk.	İçki içme
İŞSİZ	sf.	İşi olmayan
İŞTAH	a.	Yemek yeme isteği; iştiha
İŞTEŞ	a.	İşte ortak olanlardan her biri
İŞYAR	a.,esk.	► görevli
İTAAT	a.	Söz dinleme, boyun eğme, buyruğa uyma
İTEĞİ	a.,ağz.	Un elerken dökülmemesi için yere serilen örtü
İTHAF	a.	Birinin adına sunma, armağan etme
İTHAL	a.	İçine alma
İTHAM	a.	► suçlama
İTİCİ	sf.	İtme işini yapan
İTİLA	a.,esk.	► yücelme
İTİNA	a.	► özen
İTLAF	a.	Öldürme, yok etme, telef etme
İTLİK	a.	İtçe davranış
İTMAM	a.,esk.	► tamamlama
İTMEK	-i	Bir şeyi güç uygulayarak ileri götürmek
İVEDİ	sf.	► acele
İVESİ	a.,hay. b.	Genellikle Güneydoğu Anadolu'da yetiştirilen, başı kahverengi, kirli sarı veya siyah olan, vücudu beyaz, yapağısı kaba ve karışık olan, süt verimi yüksek bir tür koyun
İVMEK	nsz.	Çabuk davranmak; acele etmek
İYİCE	sf.	İyiye yakın
İZABE	a.,kim.	Madenleri ergitme, sıvı durumuna getirme
İZAFE	a.	Bir şeyi başka bir şeye veya bir nedene bağlama
İZAFİ	sf.,esk.,fel.	► bağıntılı
İZALE	a.,esk.	Yok etme, giderme
İZHAR	a.,esk.	Belirtme, gösterme, açığa vurma
İZLEK	ed.	Bir edebî eserde işlenen konunun anlamca ortaya koyduğu ana yönelim
İZLEM	a.	İzlemek işi
İZLEV	a.,kim.	► işlev
İZOLE	sf.	Yalıtılmış olan
İZZET	a.	► ululuk
JAKAR	a.	Her çözgü ipliğinin başlı başına hareket ettiği mekanik dokuma tezgâhı
JANTİ	sf.	Güzel, şık, havalı, gösterişli olan (kimse)
JARSE	a.	Esnek dokunmuş ipekli veya yünlü bir kumaş
JELOZ	a.	► agaragar
JETON	a.	Gişelerde, telefon ve türlü oyunlarda para yerine kullanılan küçük, metal veya plastik nesne
JİKLE	a.	Motorlu taşıtların yüksek devirde çalışması için fazla benzin akışını sağlayan alet
JİLET	a.	Tıraşta kullanılan, ince çelikten yapılmış, iki yanı keskin bıçak; tıraş bıçağı
JOKER	a.	Bazı kâğıt veya taş oyunlarında istenen kartın veya taşın yerine konabilen kart
JOKEY	a.	Yarış atlarına binen, yetenekleri bu amaca göre geliştirilmiş kimse
JÜPON	a.	► iç etek
KABAK	a.,bit. b.	Kabakgillerden, sürüngen gövdeli, sarı çiçekli, birçok türü olan bir bitki (Cucurbita)
KABAN	a.,ağz.	Dik yokuş
KABÎL	sf.,esk.	Türlü, gibi, benzer
KABIZ	a.	Dışkılama sıklığının azalması veya zor ve ağrılı dışkılama; peklik, kabızlık, ishal karşıtı
KABİL	sf.	► olanaklı
KABİN	a.	Küçük, özel bölme; kabine
KABİR	a.	► mezar
KABLO	a.	Elektrik akımı iletiminde kullanılan ve yalıtkan bir madde ile sarılı bulunan metal tel
KABUK	a.	Bir şeyin üstünü kaplayan ve onu dış etkilere karşı koruyan, kendiliğinden oluşmuş sertçe bölüm; kışır
KABUL	a.	Bir şeye isteyerek veya istemeyerek razı olma
KÂBUS	a.	► karabasan
KABZA	a.	Silah, kılıç vb. şeylerde tutulacak yer; balçak, tutak, sap
KAÇAK	a.	Bir kapalı kaptan, bir borudan sızan gaz veya sıvı; kaçıntı
KAÇAR	sf.	Kaç soru sıfatının üleştirme biçimi
KAÇIK	sf.	İlmeği kaçmış (çorap vb.)
KAÇIŞ	a.	Kaçmak işi
KAÇLI	sf.	Sayısı kaç, hangi sayıdan
KAÇMA	a.	Kaçmak işi; firar
KAÇTA	zf.	Ne zaman?
KADAR	e.	Ölçüsünde, derecesinde; kadarınca
KADEH	a.	İçki içmeye yarayan ayaklı bardak; cam
KADEM	a.,esk.	► ayak
KADER	a.	► yazgı
KADIN	a.	Erişkin dişi insan; hatun, hatun kişi, bayan, karı, nisa, zen
KADİM	sf.	Çok eski zamanda var olmuş veya eskiden beri var olan; bayrı
KADİR	a.	► değer
KADİT	sf.	Çok zayıf
KADRO	a.	Bir kamu kuruluşunun, bir işletmenin, denetim veya yönlendirme işlerini gerçekleştirenler ve bunların taşıdığı ödev, yetki ve sorumlulukların hepsi
KADÜK	sf.,huk.	Değerini, önemini yitirmiş, geçerliliği ve hükmü  kalmamış, eskimiş
KAFES	a.	Hayvanlar için aralıklı tel, metal veya ağaç çubuklardan yapılmış taşınabilir bölme
KÂFİR	a.,din b.	Tanrı'nın varlığını ve birliğini inkâr eden kimse
KÂFUR	a.	Kâfur ağacından elde edilen, hekimlikte kullanılan, beyaz ve yarı saydam, kolaylıkla parçalanan, güzel kokulu bir madde; kâfuru
KÂGİR	sf.,mim.	Taş veya tuğladan yapılan (yapı); kârgir
KAĞAN	a.,tar.	Hanların bağlı olduğu devlet başkanı
KÂĞIT	a.	Hamur durumuna getirilmiş türlü bitkisel maddelerden yapılan, yazı yazmaya, baskı yapmaya, bir şey sarmaya yarayan kuru, ince yaprak
KAĞNI	a.	İki veya dört tekerlekli, dingili tekerlekle birlikte dönen öküz arabası; kağnı arabası
KAHIR	a.	Yok etme, ezme, perişan etme, mahvetme
KÂHİL	sf.,esk.,biy.	► erişkin
KÂHİN	a.	Doğaüstü yollardan gizli, bilinmeyen şeyleri, geleceği bilme iddiasında bulunan kimse
KAHİR	sf.,esk.	Kahreden, zorlayan
KAHPE	a.,kaba	Namussuz kadın
KAHVE	a.,bit. b.	Kök boyasıgillerden, sıcak iklimlerde yetişen bir ağaç (Coffea arabica)
KÂHYA	a.	Konak, çiftlik vb. yerlerde türlü işleri yapmakla görevli kimse
KAİDE	a.	► kural
KAİME	a.,esk.	► ferman
KAKAÇ	a.,ağz.	Tuzlanıp kurutulmuş yiyecek
KAKIÇ	a.,den.	Balık avında kullanılan, ucu demir kancalı bir tür zıpkın
KAKIM	a.,hay. b.	Sansargillerden, yazın esmer kırmızı, kışın beyaz renkli kürkü değerli, etçil hayvan; as (I), ermin (Mustela erminea)
KAKIŞ	a.	Kakmak işi
KAKMA	a.	Kakmak işi; hakketme
KÂKÜL	a.	Alna düşen kısa kesilmiş saç; perçem
KALAK	a.,ağz.	Burun, burun ucu
KALAN	sf.	Kalma işini yapan
KALAS	a.	Kalın biçilmiş uzun tahta; ağaç
KALAY	a.,kim.	Atom numarası 50, atom ağırlığı 118,7, yoğunluğu 7,29 olan, 232 °C'de eriyen, gümüş beyazlığında, kolay işlenebilen, yumuşak bir element (simgesi Sn)
KALBÎ	sf.	► içten
KALCI	a.	Kal işi yapan kimse
KALÇA	a.,anat.	Gövdenin arka bölümünde, bacakların birleştiği yerle bel arasındaki şişkin bölge; kaide
KALIÇ	a.,ağz.	► orak
KALIK	sf.,ağz.	Kalmış, artmış
KALIM	a.	Kalmak işi
KALIN	sf.	Cisimlerde uzunluk ve genişlik dışında üçüncü boyutu çok olan (cisim), ince karşıtı
KALIP	a.	Bir şeye biçim vermeye veya eski biçimini korumaya yarayan araç
KALIŞ	a.	Kalmak işi
KALIT	a.,huk.	► miras
KALMA	a.	Kalmak işi
KALYA	a.	Sadeyağ ile pişirilen bir tür kabak veya patlıcan yemeği
KAMÇI	a.	Bir ucuna ip, deri vb. bağlı olan vurma, dövme aracı
KAMER	a.,esk.,gök b.	► Ay
KAMET	a.,esk.	► boy (I)
KAMGA	a.,ağz.	► yonga
KAMIŞ	a.,bit. b.	Buğdaygillerden, sulak, nemli yerlerde yetişen, boğumlu, sert gövdeli, şerit yapraklı bitkilerin genel adı; kargı (Phragmites australis)
KÂMİL	sf.	► olgun
KAMUS	a.,esk.	► sözlük
KANAL	a.	Bazı bölgeleri sulamak, kurutmak amacıyla veya gemilerin işlemesine elverişli, insan eliyle açılmış su yolu
KANCA	a.	Bir şey çekmeye yarar, ucu çengelli demir çubuk
KANIK	sf.,ağz.	► kanaatkâr
KANIŞ	a.	Kanmak işi
KANIT	a.	Bir şeyin doğruluğunu, gerçekliğini kanıtlamaya yarayan belge; burhan, ispat, argüman
KANİŞ	a.,hay. b.	Uzun, kıvırcık tüylü bir cins köpek
KANKA	a.,tkz.	Kardeş kadar yakın olan kimse
KANLI	sf.	Kan bulaşmış
KANMA	a.	Kanmak işi
KANON	a.	Herhangi bir konuda otoritelerinin belirlediği seçimler bütünü
KANTO	a.,tiy.	Tuluat tiyatrolarında oyundan önce genellikle kadın sanatçıların şarkı söyleyip dans ederek yaptığı gösteri
KANUN	a.,huk.	► yasa
KÂNUN	a.,esk.	Eski takvimde aralık ve ocak ayları için kullanılan ortak isim
KAPAK	a.	Her türlü kabın üstünü örtmeye veya bir deliği kapamaya yarayan nesne
KAPAN	a.	Bazı hayvanları yakalamak için kullanılan, hayvanın ayağının değmesiyle işleyen tuzak
KAPIŞ	a.	Kapmak işi
KAPİK	a.	Rublenin yüzde biri değerinde para birimi
KAPİŞ	ünl.	"Anladın mı?" anlamında kullanılan bir söz
KAPLI	sf.	Kaplanmış olan
KAPMA	a.	Kapmak işi
KAPUT	a.,ask.	Asker paltosu
KAPUZ	a.,ağz.	► kanyon
KARAF	a.	► karafa
KARAR	a.	Bir iş veya sorun hakkında düşünülerek verilen kesin yargı
KARGA	a.,hay. b.	 Kargagillerden, kanatları geniş, tüyleri kara renkte bir tür kuş (Corvus)
KARGI	a.	Dalyanlarda büyük balıklar için kullanılan demir kanca
KARGO	a.	Uçak, gemi vb. bir taşıtla taşınan eşya, yük
KARHA	a.,esk.,tıp	► ülser
KARIK	a.	Kar yağmış bir alana bakma sonucu ortaya çıkan göz kamaşması
KARIŞ	a.	Parmaklar birbirinden uzak duracak biçimde gergin duran elde, başparmak ile serçe parmağın uçları arasındaki açıklık
KARLI	sf.	Üstünde kar bulunan
KÂRLI	sf.	Kârı olan
KARMA	a.	Karmak işi
KARNE	a.,eğt.	İlk ve ortaöğretim öğrencilerine  dönem sonlarında okul yönetimleri tarafından verilen ve her dersin başarı durumu ile devam, sağlık, yetenek ve genel gidiş durumlarını gösteren belge
KARNİ	a.,kim.	Laboratuvarda damıtma işlerinde kullanılan, geniş karınlı, dar ve eğri boyunlu cam kap
KAROT	a.	Buz, ağaç, göl ve deniz dibi çamurları, kaya vb. doğal materyallerden veya beton gibi dayanıklılığını belirlemenin önemli olduğu yapay malzemelerden alınan silindir şeklindeki numune
KARST	a.,jeol.	Kayaçların erimesiyle yer altı akıntıları olan, kireç taşı ve dolomit bölgesi
KARŞI	a.	Bir şeyin, bir yerin, bir kimsenin esas tutulan yüzünün ilerisi; ön
KARUN	a.	Kur'an'da kendisinden çok zengin olarak söz edilen ve bütün mal varlığı bir anda yok olan kişi
KARYE	a.,esk.	► köy
KASAP	a.	Sığır, koyun gibi eti yenecek hayvanları kesen veya dükkânında perakende olarak satan kimse; etçi
KASEM	a.,esk.	► ant
KASET	a.	İçinde, görüntü ve seslerin kaydedildiği, gerektiğinde yeniden kullanılmasını sağlayan bir manyetik şeridin bulunduğu küçük kutu; kutucuk
KASIK	a.,anat.	Vücudun karın ile uyluk arasındaki bölümü
KASIM	a.	Yılın on birinci ayı; ikinci teşrin, son teşrin, teşrinisani
KASIR	a.,esk.	► köşk
KASIT	a.	► amaç
KASİS	a.	Kara yolunda oluşmuş çukurlar ve tümsekler
KASKO	a.,huk.	Taşıtların uğrayacakları kazadan doğacak zararların tamamının karşılanması için yapılan sigorta türü
KASLI	sf.	Kasları sıkı, gelişmiş; adaleli, adali
KASMA	a.	Kasmak işi
KASNI	a.	Çadıruşağı, şeytantersi ağacı vb. bitkilerden elde edilen bir zamk
KASTİ	sf.	Bilerek, isteyerek yapılan
KAŞAN	a.,ağz.	Hizmet veya binek hayvanları durup işeme
KAŞAR	a.	Koyun sütünden yapılan, genellikle tekerlek biçiminde, sarımtırak, yağlı bir peynir; kaşar peyniri
KÂŞİF	a.	Var olan ancak bilinmeyen bir şeyi bulan, ortaya çıkaran kimse; bulucu
KAŞLI	sf.	Herhangi bir nitelikte kaşı olan
KATAR	a.	► tren
KATÇI	a.	► kat görevlisi
KATIK	a.	Ekmekle karın doyurmak gerektiğinde, ekmeğe katılan peynir, zeytin, helva vb. yiyecek
KATIM	a.	Katma işi
KATIR	a.,hay. b.	Atgillerden, kısrak ile erkek eşeğin çiftleşmesinden doğan, gennelikle kısır olan melez hayvan
KATİL	a.	İnsan öldüren kimse
KÂTİP	a.	► sekreter
KATKI	a.	Bir işin yapılmasına, gerçekleşmesine emek, bilgi, para vb. ile katılma; yardım, pay
KATLI	sf.	Katlanmış, bükülmüş
KATMA	a.	Katmak işi
KATOT	a.,fiz.	► eksi uç
KATRE	a.,esk.	► damla
KAVAF	a.	Ucuz, özenmeden ve bayağı cins ayakkabı, kemer, cüzdan yapan veya satan esnaf
KAVAL	a.,müz.	Genellikle kamıştan yapılan, daha çok çobanların çaldığı, yumuşak sesli, üflemeli bir çalgı
KAVAS	a.	Elçilik veya konsolosluklarda görev yapan hizmetli
KAVAT	a.,hkr.	► pezevenk
KAVGA	a.	Düşmanca davranış ve sözlerle ortaya çıkan çekişme veya dövüş; çıngar
KAVİL	a.,esk.	► söz
KAVİM	a.,top. b.	Aralarında töre, dil ve kültür ortaklığı bulunan, boy ve soy bakımından da birbirine bağlı insan topluluğu; budun
KAVİS	a.	Bir eğrinin sınırlı bir kısmı; eğmeç
KAVKI	a.,ağz.	► kabuk
KAVMÎ	sf.,esk.,top. b.	► etnik
KAVUK	a.	Pamuktan yapılmış, üzerine sarık sarılan erkek başlığı
KAVUT	a.	Kavrulmuş ve dövülmüş tahıl ununa pekmez, şeker veya tatlı yemiş katılarak yapılan yiyecek
KAVUZ	a.,bit. b.	Buğdaygillerin başağında, başakçıkları veya çiçeği saran kabuk
KAYAÇ	a.,min.	Yer kabuğunun yapı gereci olan bir veya birkaç mineralden oluşan kütle; kaya, külte, sahre, porfir
KAYAK	a.	Kar, su veya çim üzerinde kaymak için ayağa takılan araç; ski
KAYAN	sf.	Kayarak yer değiştiren
KAYAR	a.,ağz.	Hayvanların eskiyen nallarının çivilerini değiştirme işlemi
KAYGI	a.	Üzücü veya kötü bir şey olacak korkusundan doğan tedirgin edici duygu; düşünce, tasa, küşüm, endişe, gam (I)
KAYIN	a.,bit. b.	Kayıngillerin örnek bitkisi olan, 30-40 metre boyunda, 2 metre çapında, kışın yapraklarını döken, kerestesi beyaz ve değerli olan bir orman ağacı (Fagus orientalis)
KAYIP	a.	Kaybolma, yitme durumu; yitim
KAYIR	a.,ağz.	Nehir veya çay sularının sürükleyip getirdiği kum ve çakıl taşları
KAYIŞ	a.	Bağlamak, tutmak veya sıkmak amacıyla kullanılan, dar ve uzun kösele dilimi
KAYIT	a.	Bir yere mal ederek deftere geçirme
KAYMA	a.	Kaymak (II) işi
KAYME	a.	► kâğıt para
KAYRA	a.	► lütuf
KAYŞA	a.,jeol.	► toprak kayması
KAZAK	a.	Kazakistan Cumhuriyeti'nde yaşayan Türk soylu halk veya bu halktan olan kimse
KAZAZ	a.,esk.	Ham ipeği iplik ve ibrişim durumuna getiren kimse
KAZIK	a.	Toprağa çakılmak için hazırlanmış, ucu sivri demir veya ağaç
KAZIL	a.	Kıldan bükülmüş, çuval dikmekte kullanılan ip; sicim
KAZIM	a.	Kazmak işi
KAZMA	a.	Kazmak işi
KEBAP	a.	Doğrudan doğruya ateşte veya kap içinde susuz olarak pişirilmiş et
KEBİR	sf.,esk.	Büyük, ulu olan
KEBZE	a.,ağz.	► kürek kemiği
KEDER	a.	Maddi ve manevi olarak duyulan aşırı üzüntü; elem, ızdırap, inkıbaz
KEFAL	a.,hay. b.	Kefalgillerden, orta büyüklükte, çok pullu, küt başlı, gümüş renginde, beyaz etli bir balık; topbaş balık (Mugil cephalus)
KEFEN	a.	Ölünün gömülmeden önce sarıldığı beyaz bez; kefen bezi, yakasız gömlek, yakasız mintan
KEFİL	a.	Borcunu ödemeyenin veya verdiği sözü yerine getirmeyenin bütün sorumluluğunu üzerine alan kimse
KEFİR	a.	Özel bir maya mantarıyla keçi veya inek sütünün mayalanmasıyla hazırlanan ekşi içecek
KEFNE	a.	Çuvaldız veya kalın iğne ile iş işleyen kimsenin eline geçirdiği demirli kayış
KEHLE	a.,esk.	► bit (I)
KEKEÇ	sf.,ağz.	► kekeme
KEKİK	a.,bit. b.	Ballıbabagillerden, karşılıklı küçük yapraklı, beyaz, pembe, kırmızı başak durumunda çiçekleri olan ve çiçeği baharat gibi kullanılan, odunsu saplı, kokulu bir bitki (Thymus vulgaris)
KEKRE	sf.	Acımtırak, ekşimsi ve buruk olan (tat)
KELAM	a.	► söz
KELEK	a.,bit. b.	Olgunlaşmamış, ham kavun
KELEM	a.,ağz.	► lahana
KELEP	a.,ağz.	Büyük iplik çilesi
KELER	a.	Kertenkele, bukalemun gibi yerde sürünerek ilerleyen, beşer parmak ve dörder ayaklı, çok uzun kuyruklu sürüngenlerin ortak adı
KELEŞ	sf.,ağz.	Yiğit, cesur, bahadır olan
KELİK	a.,ağz.	Eski ayakkabı
KELLE	a.	Koyun, kuzu ve keçinin pişirilmiş başı
KELLİ	e.,ağz.	Çıkma durumundaki sözlerin ardı sıra geldiğinde birbirine bağladığı iki yargıdan birincisini zorlayıcı bir sebep olarak gösteren bir söz
KEMAL	a.	► olgunluk
KEMER	a.	Bele dolayarak toka ile tutturulan, kumaş, deri veya metalden yapılan bel bağı
KEMHA	a.	Bir tür ipek kumaş
KEMİK	a.,anat.	İnsanın ve omurgalı hayvanların çatısını oluşturan türlü biçimdeki sert organların genel adı
KEMRE	a.,ağz.	► gübre
KENAR	a.	Bir şeyin, bir yerin bitiş kısmı veya yakını; yaka, cidar, lep
KENDİ	zm.	İyelik ekleri alarak kişilerin öz varlığını anlatmaya yarayan dönüşlülük zamiri; zat
KENEF	a.,ağz.	► tuvalet
KENET	a.	İki sert cismi birbirine bağlamaya yarayan, iki ucu sivri ve kıvrık metal parça
KEPÇE	a.	Sulu yiyecekleri karıştırmaya ve dağıtmaya yarayan, uzun saplı, yuvarlak ve derince kaşık
KEPEK	a.	Un elendikten sonra, elek üstünde kalan kabuk kırıntıları
KEPEZ	a.,ağz.	Yüksek tepe, dağ
KEPİR	a.,ağz.	Çorak, çamurlu, verimsiz toprak
KEPME	a.	Kepmek işi
KERDE	a.,ağz.	Sebze fideliği
KEREM	a.	► soyluluk
KERES	a.,ağz.	Büyük ve derin karavana
KERİH	sf.,esk.	Tiksindirici, iğrenç
KERİM	sf.,esk.	► soylu
KERİZ	a.	► lağım
KERKİ	a.,ağz.	► keser
KERTE	a.	İşaret için yapılmış çentik veya iz, kerti
KERTİ	a.	► kerte (I)
KESAT	a.	Alışverişte durgunluk
KESBÎ	sf.,esk.	Sonradan elde edinilmiş, sonradan kazanılmış
KESEK	a.	Bel, çapa veya sabanın topraktan kaldırdığı iri parça
KESEL	a.,esk.	► tembellik
KESEN	sf.	Kesme işini yapan
KESER	a.	Tahta, ağaç yontmaya ve çivi çakmaya yarayan, kısa saplı, bir yanı keskin ağızlı çelik araç; kerki
KESİF	sf.	► yoğun
KESİK	sf.	Kesilmiş olan
KESİM	a.	Kesmek işi
KESİN	sf.	Şüphe ve duraksamaya yer bırakmayan veya geri dönülmeyen; kati
KESİR	a.,mat.	Bir birimin bölündüğü eşit parçalardan birini veya birkaçını anlatan sayı
KESİŞ	a.	Kesmek işi
KESİT	a.	Bir şey enlemesine veya boylamasına kesildiğinde ortaya çıkan yüzey
KESKİ	a.	Ağaç, taş, metal vb.ni yontmaya yarayan, bir ucu keskin çelik araç
KESME	a.	Kesmek işi; kat (II)
KESRE	a.,esk.	► esre
KEŞEN	a.,ağz.	Zincirden yular veya ayak kösteği
KEŞİF	a.	Ortaya çıkarma, meydana çıkarma
KEŞİK	a.,ağz.	► nöbet
KEŞİŞ	a.	► rahip
KEŞKE	ünl.	Dilek anlatan cümlelerin başına getirilerek "ne olurdu" anlamında özlem veya pişmanlık bildiren bir söz; bari, keşkem, keşki
KEŞKİ	ünl.	► keşke
KETAL	a.	Çirişli bir tür parlak bez
KETEN	a.,bit. b.	Ketengillerden, çiçekleri mavi renkte ve beş taç yapraklı, lifleri dokumacılıkta kullanılan bir bitki (Linum usitatissimum)
KETON	a.,kim.	Karbonil grubuna iki alkil kökünün bağlanmasıyla türeyen birleşik
KETUM	sf.	► ağzı sıkı
KEVEL	a.	Kuzu veya koyun postundan yapılmış kürk
KEVEN	a.,bit. b.	► geven
KEYFÎ	sf.	İsteğe bağlı olan
KEYİF	a.	► sağlık
KIBLE	a.	Bazı ibadetler yerine getirilirken dönülen Kâbe'nin bulunduğu yön
KIDEM	a.	Bir görevde rütbece eskilik
KILGI	a.,fel.	► uygulama
KILIF	a.	Bir şeyi korumak için kendi biçimine göre, çoğunlukla yumuşak bir nesneden yapılmış özel kap; zarf
KILIK	a.	Bir kimsenin giyinişi, dış görünüşü; eşkâl
KILIR	a.,bit. b.	Maydanozgillerden, bir yıllık ve özel kokulu otsu bir bitki (Ammi visnaga)
KILIŞ	a.	Kılmak işi
KILLI	sf.	Kılı olan, kıl ile kaplı
KILMA	a.	Kılmak işi
KIMIL	a.,hay. b.	Yarım kanatlılardan, sap, çiçek, yaprak ve başakları emerek veya yiyerek ekin hastalığına yol açan, vücudu kalkana benzeyen zararlı bir böcek (Aelia rostrata)
KIMIZ	a.	Kısrak sütünün mayalanmasıyla yapılan, az alkollü, ekşi bir Türk içkisi
KINLI	sf.	Kını olan, bir kınla sarılı olan
KIPIK	sf.	Yarı kapalı (göz)
KIPMA	a.	Kıpmak işi
KIRAÇ	sf.	Verimsiz veya susuz, bitek olmayan (toprak)
KIRAN	sf.	Kırma işini yapan (kimse)
KIRAT	a.	Elmas, zümrüt vb. değerli taşların tartısında kullanılan, 0,20043 gramlık ağırlık ölçü birimi
KIRAY	sf.	► yolkesen
KIRBA	a.	Sakaların içinde su taşıdıkları ağzı dar, altı geniş, deriden yapılmış kap
KIRCA	sf.	Hafif kırlaşmış
KIRCI	a.,ağz.	► dolu (I)
KIRIK	sf.	Kırılmış olan; münkesir
KIRIM	a.,top. b.	Savunmasız insanların veya tutsakların toplu olarak öldürülmesi; katliam
KIRKI	a.	Kırkma işi
KIRMA	a.	Kırmak işi; nakız
KISAÇ	a.	► kıskaç
KISAS	a.,huk.	Bir suçluyu, başkasına yaptığı kötülüğü kendisine aynı biçimde uygulayarak cezalandırma
KISIK	sf.	Kısılmış olan; basık
KISIM	a.	► bölüm
KISIR	sf.	Üreme imkânı olmayan, döl vermeyen (insan ve hayvan); yoz
KISIŞ	a.	Kısmak işi
KISIT	a.,huk.	Kişinin yurttaşlık haklarını kullanma yetkisinin yargı kuruluşları tarafından kaldırılması
KISKA	a.,ağz.	► arpacık soğanı
KISKI	a.	Türlü maksatlarla iki şeyin arasına sokuşturulan, kıstırılan parça
KISMA	a.	Kısmak işi
KISMİ	sf.	Bir şeyin yalnız bir bölümünü içine alan; tikel
KISSA	a.	Ders çıkarılması gereken anlatı, olay
KIŞIN	zf.	Kış mevsiminde, kış süresince
KIŞIR	a.,esk.	► kabuk
KIŞLA	a.,ask.	Askerlerin toplu olarak barındıkları yapılar bütünü
KIŞRİ	sf.	Kabukla ilgili
KITAL	a.,esk.	Vuruşma, birbirini öldürme
KITIK	a.	Minder, yastık vb.ni doldurmak için kullanılan ve bazen de sıvanın içine katılan keten ve kendir lifleri
KITIR	a.	Minderin sertleşmesini sağlayan içindeki saman parçaları
KIVAM	a.	Sıvılarda koyuluk, yoğunluk
KIYAK	sf.,tkz.	Benzerlerinden üstün olan, çok güzel
KIYAM	a.,din b.	İslam inancına göre, ölümden sonra yeniden dirilip ayağa kalkma
KIYAS	a.	Bir şeyi başka bir şeye benzeterek değerlendirme, hakkında hüküm verme; oranlama
KIYGI	a.	► gadir
KIYIK	a.,ağz.	İğne, kalın yorgan iğnesi
KIYIM	a.	Kıymak işi
KIYIN	a.,ağz.	► zulüm
KIYIŞ	a.	Kıymak işi
KIYMA	a.	Kıymak işi
KIYYE	a.,esk.	► okka
KIZAK	a.	Kar veya buz üzerinde kayarak yol alan tekerleksiz taşıt
KIZAN	a.,ağz.	Erkek çocuk
KIZIL	a.	Parlak kırmızı renk
KIZIŞ	a.	Kızmak işi
KIZMA	a.	Kızmak işi
KİBAR	sf.	Davranış, düşünce, duygu bakımından ince, nazik olan (kimse)
KİBİR	a.	Kendini başkalarından üstün tutma; benlik, böbür, gurur
KİFAF	a.,esk.	Yaşayacak kadar rızık
KİKLA	a.,hay. b.	Lapinagillerden, güzel renkli, 50 santimetre uzunluğunda bir balık (Labrus berggylta)
KİLER	a.	Evlerde yiyecek, içecek ve erzakın saklandığı oda, ambar veya dolap
KİLİT	a.	Anahtar, düğme gibi takılıp çıkarılabilen bir parça yardımıyla çalışan kapatma aleti
KİLİZ	a.,bit. b.	► hasır otu
KİLLİ	sf.	İçinde kil bulunan
KİLSİ	sf.	Kili andıran, kile benzeyen, kil gibi
KİLÜS	a.,tıp	Bağırsaktan gelen, içinde yağ damlacıkları bulunan ak kan
KİMSE	zm.	Herhangi bir kişi, kim olduğu bilinmeyen kişi
KİMÜS	a.,fizy.	Yemeklerin mide öz suyuyla karıştıktan sonra aldığı durum
KİMYA	a.	Maddelerin temel yapılarını, birleşimlerini, dönüşümlerini, çözümleme, birleşim ve üretim yöntemlerini inceleyen bilim
KİNCİ	sf.	► kindar
KİNİK	sf.,fel.	► sinik (II)
KİNİN	a.,kim.	Kınakınadan elde edilen ve sıtmanın tedavisinde kullanılan beyaz alkaloit; kinin sülfatı
KİNİŞ	a.	Marangozlukta tahta üzerine boydan boya açılan, kesiti kare veya dikdörtgen biçiminde kanal
KİNLİ	sf.	► kindar
KİNOA	a.,bit. b.	Yenilebilir tohumları için tarımı yapılan, 1-2 m uzunluğunda, Güney Amerika’da yetişen bir bitki (Chenopodium quinoa)
KİRDE	a.,ağz.	Genellikle mısır unuyla yapılan bir pide türü
KİREÇ	a.	Mermer, tebeşir, kireç taşı, alçı taşı gibi birçok taşın özünü oluşturan kalsiyum oksit (CaO)
KİREN	a.,ağz.	► kızılcık
KİRİŞ	a.	Bazı telli müzik araçlarında kullanılan, hayvan bağırsaklarından yapılan tel
KİRLİ	sf.	Leke, toz vb. ile kaplı; bulaşık, pis, murdar, mülevves
KİRVE	a.,ağz.	Sünnet olan çocuğun bütün masraflarını üstlendikten sonra sünnet sırasında çocuğu kucağına alarak elini, kolunu tutan ve bütün hayatı boyunca çocuk üzerinde babasına yakın hak taşıyan kimse
KİSRA	a.	İran hükümdarı Nuşirevan’ın lakabı
KİSVE	a.	► kılık kıyafet
KİTİN	a.,biy.	Eklem bacaklıların ve kabukluların dış dokusunu oluşturan, bazı mantar ve likenlerde de rastlanan, dayanıklı ve esnek organik madde
KİTLE	a.	Bir yerde toplanmış, bir araya gelmiş insan topluluğu; kütle
KİTRE	a.	Gevenin gövde veya kökünün üzerine bıçakla özel olarak yapılan çizgilerden akan zamk; kestere
KİZİR	a.,ağz.	Köy muhtarının yardımcısı
KLAPA	a.	Yakanın göğse doğru inen devrik bölümü
KLİMA	a.	Soğuk veya sıcak hava vererek kapalı bir yerin havasını değiştiren elektrikli araç; iklimleme cihazı
KLİPS	a.	Yaylı bir pensle tutturulmuş küpe, iğne vb
KLİŞE	a.	Baskıda kullanılmak amacıyla, üzerine kabartma resim, şekil, yazı çıkarılmış metal levha
KOALA	a.	Avustralya'da yaşayan, okaliptus yapraklarıyla beslenen, yaklaşık 80 santimetre boyunda, otçul, kuyruksuz, keseli, tüyleri soluk boz veya sarımsı renkte olan bir tür memeli (Phascolarctos cinereus)
KOBAY	a.,hay. b.	Kobaygillerden, bilimsel araştırmalarda kullanılan bir deney hayvanı; Hint domuzu (Cavia porcellus)
KOBRA	a.,hay. b.	Kobragillerden, Afrika ve Asya'nın sıcak bölgelerinde yaşayan, çok zehirli, kızıl, esmer ve sarı renklerde bir tür yılan; gözlüklü yılan, Hint kobrası (Naja)
KOÇAK	sf.,mec.	► yürekli
KOÇAN	a.	Marul, lahana vb. sebzelerde yaprakların çıktığı sert gövde
KODES	a.,argo	► cezaevi
KOFRA	a.	Bina girişlerinde elektrik şebeke hattını sigorta sistemi ile düzenleyen kutu
KOFTİ	a.,argo	Sahtekâr, dolandırıcı kimse
KOFUL	a.,bit. b.	Bitki hücreleri yaşlandıkça plazmalarında oluşan ve içi hücre suyu ile dolu olan boşluk
KOĞUŞ	a.	Kışla, okul, tutukevi, hastane vb. kalabalık yerlerde, içinde birçok kimsenin yattığı veya barındığı büyük oda
KOKAK	sf.,ağz.	Kötü, pis kokan
KOKET	sf.	Güzel görünmeye çalışan, süse düşkün, kırıtan (kadın)
KOKMA	a.	Kokmak işi
KOKOŞ	a.	Aşırı süslü, birbirine uyumsuz giysiler giymeyi seven kimse
KOKOT	a.	► aşüfte
KOKOZ	sf.,argo	Parası olmayan
KOKUŞ	a.	Kokmak işi
KOLAJ	a.	► kesyap
KOLAN	a.	At, eşek vb. hayvanların semerini veya eyerini bağlamak için göğsünden aşırılarak sıkılan yassı kemer
KOLAY	sf.	Sıkıntı çekmeden, yorulmadan yapılabilen; asan, güç (II) ve zor karşıtı
KOLCU	a.	► muhafız
KOLEJ	a.,eğt.	Öğretim programında yabancı bir dil öğretimine ağırlık veren okul
KOLİK	a.,tıp	Bağırsak, böbrek gibi içi boş organlarda aralıklı duyulan güçlü sancı
KOLİT	a.,tıp	Kalın bağırsak yangısı
KOLLU	sf.	Kolu olan
KOLON	a.,mim.	► sütun
KOLPO	a.	Bilardo oyununda vuruş
KOLSU	sf.	Kolu andıran, kola benzeyen, kol gibi
KOLYE	a.	Ucuna süs eşyaları konularak boyna takılan takı
KOLZA	a.,bit. b.	Turpgillerden, yağlı tohumlarından elde edilen yağı yapay kauçuk, biyodizel vb.nin yapımında kullanılan mevsimlik bitki (Brassica napus)
KOMAR	a.,bit. b.	Kuzey Anadolu dağlarında yetişen, 3-5 metre boyunda, kışın yapraklarını dökmeyen, iri ve mor çiçekleri olan bir ağaç (Hododendron ponticum)
KOMBİ	a.	Isıtmada kullanılan yakıtı düzenli ve ayarlı biçimde yakan araç
KOMİK	sf.	Gülme duygusu uyandıran; güldürücü, gülünç
KOMOT	a.	► komodin
KOMŞU	a.	Konutları yakın olan kimselerin birbirine göre aldıkları ad
KOMUT	a.	Askerlere, izcilere, öğrencilere beden eğitimi çalışmalarında veya bir tören sırasında bir durumdan başka bir duruma geçmeleri için verilen emir
KOMÜN	a.	Beraber çalışıp geliri paylaşmak üzere bir araya gelen topluluk
KONDU	a.	► gecekondu
KONİK	sf.	Koni biçiminde olan veya koni ile ilgili olan; mahruti
KONMA	a.	Konmak işi; vaz
KONSA	a.,hay. b.	► taşlık
KONUK	a.	Bir yere veya birinin evine kısa bir süre kalmak için gelen kimse; misafir, mihman
KONUM	a.	Bir kimsenin veya bir şeyin bir yerdeki durumu veya duruş biçimi; pozisyon
KONUR	sf.,ağz.	Esmer, açık kestane renginde olan
KONUŞ	a.	Konmak işi
KONUT	a.	İnsanların içinde yaşadıkları ev, apartman vb. yer; mesken, ikametgâh
KOPAL	a.	Tropik bölgelerde yetişen, bazı erguvangillerden çıkarılan ve cila yapmakta kullanılan bir tür reçine
KOPÇA	a.	Bir giysinin iki yanını bitiştirmeye yarayan ve metal bir halka ile bir çengelden oluşan araç; agraf
KOPİL	a.,argo	Arsız sokak çocuğu
KOPMA	a.	Kopmak işi
KOPOY	a.,hay. b.	Orta boylu, düşük kulaklı, tüyleri kısa bir tür av köpeği
KOPUK	sf.	Kopmuş
KOPUŞ	a.	Kopmak işi
KOPUZ	a.,müz.	Ozanların çaldığı telli Türk sazı
KOPYA	a.	Bir sanat eserinin veya yazılı bir metnin taklidi; eşlem, asıl karşıtı
KORAL	a.,müz.	Koro için yazılmış dinî ezgi
KORKU	a.	Bir tehlike veya tehlike düşüncesi karşısında duyulan kaygı, üzüntü
KORNA	a.	Motorlu taşıtlarda, bisikletlerde sesle işaret vermek için kullanılan ve içinden hava geçirilerek çalınan boru; klakson
KORNO	a.,esk.	Savaşlarda çağrı aracı olarak kullanılan boynuz veya fil dişi boru
KORSE	a.	İnce görünmek için kullanılan esnek iç giysisi
KORTE	a.	Âşıktaşlık, flört
KORUK	a.,bit. b.	Henüz olgunlaşmamış ekşi üzüm
KORUN	a.,anat.	Üst derinin en dış tabakası
KORZA	a.,den.	Denizin içinde iki zincirin birbirine dolaşması
KOŞAÇ	a.,db.	► bildirme eki
KOŞAM	a.,ağz.	► avuç
KOŞİN	a.,hay. b.	Ağır, hareketsiz, bol ve kabarık tüylü bir tavuk ırkı
KOŞMA	a.	Koşmak işi; koşu
KOŞUK	ağz.	Türklerin İslamiyet öncesi dönemlerinde, toylarda veya kazanılan savaş sonrasında yapılan eğlencelerde kopuzla birlikte söyledikleri, genellikle aşk, doğa ve yiğitlik konularını işleyen, uyak düzeni aaab, cccb, dddb vb. olan şiir
KOŞUL	a.	► şart
KOŞUM	a.	Araba hayvanının kayış takımı; koşum takımı
KOŞUN	a.,ağz.	Yan yana durmuş asker dizisi
KOŞUT	sf.,mat.	► paralel
KOTAN	a.,ağz.	Pulluk, büyük saban
KOTON	sf.	Pamuktan yapılan (kumaş vb.)
KOTRA	a.,den.	Çoğunlukla bir direkli, randası olan, ince gövdeli yelkenli
KOVAN	a.	Fişeğin kapsül, barut ve kurşun taşıyan yuva bölümü; kapçık
KOVCU	sf.	► dedikoducu
KOVMA	a.	Kovmak işi; defetme, defleme
KOVUK	a.	Bir şeyin oyuk durumunda bulunan iç bölümü
KOVUŞ	a.	Kovma işi; defediş, defleyiş
KOYAK	a.,coğ.	► vadi
KOYAR	a.	İki akarsuyun birleştiği yer
KOYMA	a.	Koymak işi
KOYUN	a.,hay. b.	Geviş getirenlerden, eti, sütü, yapağısı ve derisi için yetiştirilen evcil hayvan (Ovis aries)
KOYUŞ	a.	Koymak işi
KOYUT	a.,mat.,man.	► ön doğru
KOZAK	a.	► kozalak
KÖÇEK	a.	Kadın kılığına giren, müzik eşliğinde parmak zilleriyle oynamayı kendine meslek edinen erkek
KÖFTE	a.	Genellikle çekilmiş etten, bazen de tavuk, balık veya patatesten yapılan, türlü biçimlerde pişirilen yemek
KÖHNE	sf.	Eskiyip yıpranmış, bakımsız kalmış
KÖKÇÜ	a.,esk.	İlaç yapımında kullanılan kök, kabuk, çiçek, yaprak vb.ni satan kimse
KÖKEN	a.	Bir şeyin çıktığı, dayandığı temel, biçim, neden veya yer; menşe
KÖKLÜ	sf.	Kökü olan
KÖKSÜ	a.,bit. b.	Ciğer otlarında ve yosunlarda kökü andıran, bitkinin tutunmasına yarayan bölüm
KÖLÜK	a.,ağz.	İş ve yük hayvanı
KÖMBE	a.	Un, tuz ve yağ ile yoğrulan kızgın sacda veya fırında pişirilen ekmek
KÖMEÇ	a.,bit. b.	Papatya ve ayçiçeğinde olduğu gibi, sapın yassılaşmış ve genişlemiş ucu üzerinde çiçeklerin yan yana toplanmasıyla oluşan çiçek durumu
KÖMÜR	a.,mdn.	Karbonlu maddelerin kapalı ve havasız yerlerde için için yanmasından veya çok uzun süre derin toprak katmanları altında kalıp birtakım kimyasal değişmelere uğramasından oluşan, siyah renkli, bitkisel kaynaklı, içinde yüksek oranda karbon bulunan katı yakıt; kara elmas
KÖMÜŞ	a.,ağz.	► manda (I)
KÖPEK	a.,hay. b.	Köpekgillerden, boy ve biçim bakımından pek çok cinsi olan, çok iyi koku alan, sadık, bekçilik ve avcılık gibi işler için beslenen memeli hayvan; kapik (I), it  (Canis familiaris)
KÖPRÜ	a.	Herhangi bir engelle ayrılmış iki yakayı birbirine bağlayan veya trafik akımının, başka bir trafik akımını kesmeden üstten geçmesini sağlayan ahşap, kâgir, beton veya demir yapı
KÖPÜK	a.	Sabun, deterjan vb.nin suda erimesinden oluşan beyaz kabarcık
KÖRPE	sf.	Dalından yeni koparılmış, tazeliği üstünde, daha büyümemiş (bitki); taze, taravetli, terütaze, kart karşıtı
KÖRÜK	a.	Ateşi canlandırmak için kullanılan ve açılıp kapandıkça içindeki havayı üfleyen araç
KÖSÇÜ	a.	Mehter takımında kös çalan kimse
KÖSEM	a.,ağz.	► kösemen
KÖSNÜ	a.,ağz.	► şehvet
KÖŞEK	a.,hay. b.	Bir yaşına kadar olan deve yavrusu
KÖTEK	a.	Baston, sopa
KÖYCÜ	a.	Köy sorunlarını kendine iş edinen, köylerin ve köylülerin kalkınması yolunda çalışan kimse
KÖYLÜ	sf.	Köyde yaşayan veya köyde doğmuş olan; rustai
KRAÇA	a.,hay. b.	İstavrit balığının küçüğü
KRAMP	a.,tıp	Bir veya birkaç kasın irade dışı, ağrılı ve geçici olarak kasılması; kasınç
KRANK	a.,tek.	Bir motorda biyellerin doğrusal hareketini dairesel harekete çeviren dingil
KRAVL	a.,sp.	Dizleri bükmeksizin bacakları hızla hareket ettirerek kulaçla yüzme
KREDİ	a.,ekon.	Borç ödemede güvenilir olma durumu
KREMA	a.	Bir tür yumurtalı süt tatlısı
KREPE	a.	Saç tutamının aşağıdan yukarıya doğru ters yönde taranıp üstü düzleştirilerek kabarık gösterilmesi
KRİKO	a.,tek.	Ağır bir yükün kaldırılmasını veya otomobil vb. taşıtların yerden yükseltilmesini sağlayan alet; kaldırıcı
KROKİ	a.	Bir konu veya nesnenin başlıca özelliklerini yansıtacak biçimde hazırlanmış taslağı
KROME	sf.	Kromdan yapılmış veya kromla kaplanmış
KROŞE	a.,sp.	Boksta kolun bükülmesiyle, çok yakın mesafeden yapılan bir yumruk vuruş biçimi
KUBAT	sf.,ağz.	Kaba, biçimsiz
KUBBE	a.,mim.	Yarım küre biçiminde olan ve yapıyı örten dam; kümbet, tak (II)
KUBUR	a.	Tuvalet deliğinden lağıma inen boru
KUCAK	a.	Açık kollarla göğüs arasındaki bölüm; koyun (II), aguş
KUÇMA	a.	Kuçmak işi
KUDAS	a.,din b.	Hz. İsa'nın havarileriyle birlikte yediği son yemeği anmak için, Hristiyanların kilisede bir kap içinde ekmek ve şarabı kutsayarak yaptıkları tören; liturya
KUDUZ	a.,tıp	Köpek, kedi, tilki vb. memeli hayvanlardan ısırma, tırmalama veya salya yolu ile insana geçen, genellikle çırpınma, sudan korkma şeklinde beliren, zamanında aşı yapılmazsa ölümle sonuçlanan hastalık
KUDÜM	a.,müz.	Mehter takımlarında ve tekkelerde kullanılmış olan, metal kâseli, uçları yuvarlak iki değnekle çalınan, küçük iki davuldan oluşmuş usul vurma aracı
KUKLA	a.	Hareketli yerleri iplikle sanatçının parmaklarına bağlanarak veya eldiven gibi bir kesiti kullanarak bir perdenin üzerinden oynatılan, bez, karton vb. hafif nesnelerden yapılmış insan ve hayvan figürleri
KULAÇ	a.	Gerilerek açılmış iki kolun parmak uçları arasındaki uzaklık
KULİS	a.,tiy.	Sahnenin gerisinde ve yanlarında bulunan bölüm
KULLE	a.	Büyük bağ evi
KULUN	a.,hay. b.	Altı aylığa kadar olan at veya eşek yavrusu
KULÜP	a.	Görüşme, konuşma, okuma, spor yapma vb. amaçlarla yalnız üye olanların toplandıkları yer
KUMAR	a.	Ortaya para koyarak oynanan talih oyunu; oyun, keriz (I)
KUMCU	a.	Kum getirip satan kimse
KUMLA	a.	► plaj
KUMLU	sf.	İçinde kum bulunan; kumsal
KUMRU	a.,hay. b.	Güvercinler takımından, boynunun yanlarında siyah beyaz benekleri, bazı türlerinin gerdanında siyah bir halka bulunan, güvercinden küçük, boz, renkli bir kuş (Streptopelia)
KUMSU	sf.	Kumu andıran, kuma benzeyen, kum gibi
KUMUÇ	a.,ağz.	Sivrisineğe benzer çok küçük bir tür sinek
KUMUL	a.,jeol.	Çöllerde veya deniz kıyılarında rüzgârların yığdığı kum tepesi; eksibe
KUNDA	a.,hay. b.	Bir tür büyük ve zehirli örümcek
KUPES	a.,hay. b.	İzmaritgillerden, ılıman denizlerin sığ kesimlerinde yaşayan, yağlı bir balık (Boops boops)
KUPLE	a.,müz.	Bir şarkıyı meydana getiren ve bir nakaratla sona eren bölümlerden her biri
KUPON	a.	Piyango biçiminde düzenlenmiş çekilişlerde kesilerek kullanılan basılı parça
KUPÜR	a.	Giyside kesim
KURAK	sf.	► yağışsız
KURAL	a.	Bir sanata, bir bilime, bir düşünce ve davranış sistemine temel olan, yön veren ilke; kaide, nizam, usul (II)
KURAM	a.	Sistemli bir biçimde düzenlenmiş birçok olayı açıklayan ve bir bilime temel olan kurallar, yasalar bütünü; nazariyat, nazariye, teori
KURCA	a.,ağz.	Karıştırma, kaşıma
KURGU	a.	Bir şeyin zembereğini kurmak için kullanılan araç; anahtar
KURMA	a.	Kurmak işi; ihdas
KURNA	a.	Hamam ve banyolarda musluk altında bulunan, içinde su biriktirilen, yuvarlak, mermer, taş veya plastik tekne
KURON	a.,tıp	Korumak için diş üzerine geçirilen metal kaplama
KURRA	a.	► kurra hafızı
KURUL	a.	Bir işi yapmak, yönetmek veya bir kurum ve kuruluşu temsil etmek için görevlendirilmiş kişilerden oluşmuş topluluk; heyet, konsey, asamble
KURUM	a.	Bacalarda biriken kalın is
KURUN	a.	► çağ
KURUŞ	a.	Liranın yüzde biri değerinde Türk parası
KURUT	a.,ağz.	Kurutulmuş süt ürünü
KURYA	a.	Vatikan'ı yöneten yürütme ve yargılama organlarının bütünü
KURYE	a.	Genellikle elçilik postasını yerine ulaştırmakla görevli kimse
KUSMA	a.	Kusmak işi; gaseyan, istifra, kay (II), kayetme
KUSUR	a.	Eksikliği olma durumu
KUŞAK	a.	Bele sarılan uzun ve enli kumaş
KUŞÇA	sf.	Kuşa benzeyen
KUŞÇU	a.	Süs kuşları yetiştirip satan kimse
KUŞET	a.	Gemi veya trende yatak
KUŞKU	a.	Bir kimse veya olay hakkında yeterli ve kesin bilgiye sahip olmamakla birlikte bazı belirti ve sezgilerle oluşan olumsuz düşünce; ikircik, ikircim, işkil, şüphe, acaba, güman, şek, küşüm
KUTAN	a.,hay. b.	► saka kuşu
KUTLU	sf.	► uğurlu
KUTNU	a.,ağz.	Pamuk veya ipekle karışık pamuktan dokunmuş kalın, ensiz kumaş türü
KUTSİ	sf.	► kutsal
KUTUP	a.	Yer yuvarlağının, Ekvator'dan en uzak olan yer ekseninin geçtiği varsayılan iki noktasından her biri
KUTUR	a.,esk.,mat.	Daire ve kürede çap
KUVER	a.	Lokantalarda yemeklerin servisinden önce masaya serilen örtü
KUVÖZ	a.	Özellikle erken veya yeni doğmuş bebeklerin, zarar verebilecek dış etkenlerden korunması amacıyla içine yerleştirildiği, belirli sıcaklığın ve nemin özel olarak oluşturulduğu, şeffaf, kapalı aygıt; yaşanak
KUVVE	a.,esk.	Düşünce, niyet
KUYTU	sf.	Issız, sessiz ve göze çarpmayan, tenha (yer)
KUYUM	a.	Değerli metal ve taşlardan yapılmış süs eşyası
KUZEN	a.	Birine göre teyze, dayı, amca ve halanın erkek çocuğu
KUZEY	a.	Bulunulan yerde sağa doğu, sola batı alındığında yüzün dönük olduğu yön; şimal, güney karşıtı
KUZİN	a.	Birine göre teyze, dayı, amca ve halanın kız çocuğu
KÜBİK	sf.	Küp ve kesme biçiminde olan
KÜÇÜK	sf.	Boyutları, benzerlerininkinden daha ufak olan, mikro; ufak tefek büyük karşıtı
KÜFLÜ	sf.	Küflenmiş olan
KÜFÜR	a.	Sövmek için söylenen söz; kalay, sövgü
KÜKRE	sf.,ağz.	Öfke veya cinsel istek yüzünden saldırıcı bir durum alan (hayvan)
KÜLAH	a.	İçine bazı şeyler koymak için huni biçiminde bükülmüş kâğıt kap
KÜLÇE	a.,mdn.	Eritilerek kalıba dökülmüş maden veya alaşım; külte
KÜLEK	a.	Bal, yağ, yoğurt vb. şeyler koymaya yarar tahta kova
KÜLLİ	sf.,esk.	Bütüne ve genele ilişkin
KÜLLÜ	sf.	İçinde veya üzerinde kül bulunan
KÜLOT	a.	Vücudun belden aşağısına giyilen uzun veya kısa iç çamaşırı; don (I)
KÜLTE	a.	► külçe
KÜMES	a.	Tavuk, hindi vb. evcil hayvanların barınmasına yarayan kapalı yer
KÜNCÜ	a.,ağz.	Susam tanesi
KÜNDE	a.,sp.	Güreşçinin, hasmını altına alıp bir elini önden, ötekini arkadan geçirerek ellerini kilitlemesi
KÜNYE	a.	Bir kimsenin adı, soyadı, ülkesi, doğumu, mesleği vb. bilgilerini gösteren kayıt
KÜPLÜ	sf.	Küpü olan
KÜRAR	a.	Güney Amerika yerlilerinin oklarına sürdükleri bitkisel zehir
KÜRDİ	a.,müz.	Klasik Türk müziğinde si bemol notasını andıran perde
KÜREK	a.	Toprak, kömür vb.ni bir yerden bir yere alıp atmaya, taşımaya yarayan ve yayvan bir bölümü, buna bağlı uzun bir sapı bulunan araç
KÜRİT	a.,kim.	Atom numaraları 96-103 arasında bulunan elementlerin genel adı
KÜRSÜ	a.	Kalabalığa karşı konuşma yapanların önünde bulunan yüksekçe yer
KÜSKÜ	a.	Taşa veya duvara delik açmak için kullanılan uzun, ağır ve bir ucu sivri demir
KÜSME	a.	Küsmek işi
KÜSPE	a.	Hayvan yemi, yakacak ve gübre olarak kullanılan, yağı veya suyu çıkarılmış her türlü yağlı tohum ve bitki artığı
KÜSUF	a.,esk.,gök b.	► Güneş tutulması
KÜSUR	a.	Artan bölüm, geriye kalan bölüm
KÜŞAT	a.,esk.	► açılış
KÜŞNE	a.,bit. b.	► karaburçak
KÜŞÜM	a.,ağz.	► kuşku
KÜTİN	a.,bit. b.	Bitkilerin kütiküllerini oluşturan, geçirgen olmayan, bal mumu yapısında madde
KÜTLE	a.	Katı maddelerin büyük parçası
KÜTLÜ	a.	Çekirdekli, çiğitli pamuk
KÜTÖR	a.,sp.	► smaçör
KÜTÜK	a.	Kalın ağaç gövdesi
KÜVET	a.	İçine su doldurulup yıkanmaya elverişli tekne; banyo küveti
LAÇIN	a.,hay. b.	Beyaz renkli bir cins şahin
LAÇKA	a.,den.	Gemi halatının gevşetilip boşa bırakılması
LADEN	a.,bit. b.	Ladengillerden, Akdeniz ülkelerinde yetişen, tüylü ve genellikle yapışkan yapraklı, beyaz veya pembe çiçekli, reçinesi hekimlikte kullanılan bir bitki (Cistus creticus)
LADES	a.	Tavuğun lades kemiğini iki kişinin birer ucundan tutarak kırmasından sonra birinin bir şeyi "aklımda" veya "hatırımda" demeden ötekinden almasıyla yenik sayılması kuralına dayanan bir oyun; lades oyunu
LADİN	a.,bit. b.	Çamgillerden, 50-60 metre yüksekliğinde, düz gövdeli, kozalağı aşağıya doğru sarkık, kerestesi ve reçinesi değerli, çam türüne çok yakın bir orman ağacı (Picea)
LAFÇI	sf.	► geveze
LAFIZ	a.,esk.	Söz, kelime
LAFZİ	sf.,esk.	Sözün söylenişine, yapısına ait, sözle ilgili
LAGAR	sf.,esk.	Zayıf, çelimsiz
LAGOS	a.,hay. b.	Hanigillerden, Akdeniz ve Ege’de kayalık, taşlık ve çakıllı alanlarda yaşayan, kemikli, omurgasızlarla beslenen, lezzetli bir balık; kaya hanisi, grida, lahos, lakoz (Epinephelus aeneus)
LAGÜN	a.,coğ.	Açık denizden bir kum setiyle ayrılan veya kıyı dilinin gelişmesiyle göl biçimini alan sığ koy veya körfez; deniz kulağı
LAĞIM	a.	Bir yerleşim merkezinde pis suların akıp gitmesi için yer altında açılmış kanal; geriz, keriz (II)
LAĞIV	a.,esk.	► fesih
LAHİT	a.	Duvarları taş veya tuğladan, üstü taş bir kapakla örtülü mezar
LAHOS	a.,hay. b.	► lagos
LAHUT	sf.	► kutsal
LAHZA	a.,esk.	► an (I)
LAKAP	a.	Bir kimseye, bir aileye kendi adından ayrı olarak sonradan takılan, o kimsenin veya o ailenin bir özelliğinden kaynaklanan ad
LAKÇI	a.	Laka veya vernik süren işçi; lakacı
LAKİN	bağ.	► ama
LAKOZ	a.,hay. b.	► lagos
LANDO	a.	Dört tekerlekli, içinde dingillere paralel olarak düzenlenmiş karşılıklı iki oturma sırası bulunan, üstü açılıp kapanabilen çift körüklü binek arabası
LANET	a.	Tanrı'nın merhametinden yoksun olma
LANSE	sf.	► önceleme
LARGO	zf.,müz.	Bir parçanın ağır ve görkemli çalınarak veya söylenerek
LARVA	a.,hay. b.	► kurtçuk
LASKİ	sf.,esk.	Yakı ile ilgili
LASTA	a.,mat.	Kuzey Avrupa'da kullanılan, 2000 kilograma yakın gemi yüklerine ve büyük miktardaki ticaret mallarına değer biçmeye yarayan kütle ölçü birimi
LATİF	sf.	Yumuşak, hoş, ince bir güzelliği olan
LAVAJ	a.,tek.	Bir işlem sonrası, metal yüzeyleri su ile yıkama
LAVAŞ	a.	Mayalı hamurdan tandırda pişirilerek yapılan ve yapıldığı yere göre büyüklüğü değişen ince ekmek türü
LAVTA	a.,müz.	Mızrapla çalınan, gövdesi uttan küçük bir çalgı
LAVUK	sf.,argo	Gereksiz konuşan (kimse)
LAYIK	sf.	Nitelikleri, özü, hareketleri, davranışlarıyla bir şeyi elde etmeye hak kazanmış olan; müstahak
LAZER	a.,fiz.	Çok güçlü pırıltılar oluşturan, değişik alanlarda kullanılan yoğunlaşmış ışık kaynağı
LAZIM	sf.	► gerek
LAZUT	a.,ağz.	► mısır
LEÇEK	a.,ağz.	► başörtüsü
LEDÜN	a.,esk.,din b.	Tanrı katı
LEGAL	sf.,huk.	► yasal
LEĞEN	a.	Genellikle, içinde bir şey yıkamak için kullanılan metal veya plastikten yayvan kap; teşt
LEHÇE	a.	Polonyalıların kullandığı dil
LEHİM	a.	Erime noktaları düşük metalleri tutturma işlemlerinde kullanılan, kalay ve kurşun alaşımlarının genel adı
LEMİS	a.,esk.	El ile dokunarak duyma, bir şeye el ile dokunma
LENFA	a.,anat.	► lenf
LENTO	a.,mim.	► boyunduruk
LEPRA	a.,tıp	► cüzzam
LERZE	a.,esk.	► titreme
LEVHA	a.	Bir yere asılmak için yazılmış yazı
LEVYE	a.,tek.	Bir mekanizmanın kumanda kolu
LEYDİ	a.	► hanım
LEYLİ	sf.,esk.	► yatılı
LEZAR	a.	Kertenkele derisinin sepilenmesiyle elde edilen bir deri türü
LEZİZ	sf.	Tadı güzel, lezzetli
LIĞLI	sf.,jeol.	Lığdan oluşmuş veya üzerinde lığ birikmiş
LIKIR	a.	Sıvıların bir kaptan akarken çıkardığı ses
LİBAS	a.,esk.	► giysi
LİBOŞ	a.,argo	Liberal ekonomiyi ve liberal siyaseti savunurken çabucak zengin olmayı amaçlayan ve bu yolda hiçbir değer yargısını kabul etmeyen, her şeyi mübah gören kimse
LİBRE	a.	Yarım kilogramlık bir ağırlık ölçü birimi
LİDER	a.	► önder
LİFLİ	sf.	Lifi olan
LİGER	a.	Erkek aslanla dişi kaplanın çiftleşmesinden doğan yavru
LİGHT	sf.	343 yeğni
LİKEN	a.,bit. b.	Bir mantarla bir su yosununun ortak yaşamasıyla ortaya çıkan bitkilerin genel adı
LİKİT	sf.,fiz.	► sıvı
LİKÖR	a.	Meyve veya bazı bitkiler ile alkol, esans karışımından yapılan şekerli içki
LİMBO	a.,den.	Irmaklarda, sığ sularda yük taşıyan bir tekne türü
LİMİT	a.	► sınır
LİNET	a.,esk.	► ishal
LİNİN	a.,biy.	Hücre çekirdeğinde bulunan ve kromatin tanelerini taşıyan ağ biçimindeki ipliksi yapı
LİPİT	a.	Hayvan ve bitki dokularının eter, benzen, kloroform vb. yağ çözücülerinde eriyen bölümü
LİPOM	a.,tıp	► yağ uru
LİRET	a.	İtalya'nın eski para birimi
LİRİK	sf.	Coşkun, ilhamla dolu
LİSAN	a.	► dil (I)
LİSTE	a.	Alt alta yazılmış şeylerin bütünü; dizelge
LİTRE	a.,mat.	Sıvıları ölçmede kullanılan, bir desimetreküp hacminde ölçü birimi
LİVAR	a.,den.	Avlanan balıkları canlı olarak saklamak için ağzı içine doğru konik örülmüş sepet
LİYAN	a.,bit. b.	Yabani ormanlarda yetişen parazit sarmaşığı
LİZOL	a.,kim.	► krezol
LİZÖZ	a.	Yatakta kadınların giydiği bir tür yün hırka
LOBUT	a.	Kalın, kısa ve düzgün sopa
LOGOS	a.,fel.,dil b.	► deyi (I)
LOJİK	sf.	Mantıkla ilgili
LOKAL	a.	Müzikli eğlencelerin yapıldığı yer
LOKMA	a.	Ağza bir defada alınıp götürülen yiyecek parçası; sokum
LOKUM	a.	Şekerli nişasta eriyiğini pişirip hafif ağdalaştırarak yapılan, küçük küp veya dikdörtgen biçiminde kesilen şekerleme; kesme, latilokum
LONCA	a.,tar.	Belli bir iş kolunda usta, kalfa ve çırakları içine alan esnaf kuruluşu; korporasyon
LONGA	a.,müz.	Türk müziğinde yörük özellik taşıyan oyun havası
LOPUR	a.	Bir şeyi yerken veya yutarken çıkan ses; löpür
LORTA	a.	Ayakkabı kalıbının çapı
LOŞÇA	sf.	Az ışık almış, yarı karanlık
LOTUS	a.,bit. b.	Nilüfer cinsinden birçok bitkiye verilen genel ad
LÖKOZ	a.,tıp	Kan kanseri durumu
LÖPÜR	a.	► lopur
LÜFER	a.,hay. b.	Eti ve karnı beyaz, sırtı koyu, hafif pullu, kemikli bir balık (Pomatomus saltatrix)
LÜGAT	a.,esk.	► kelime
LÜGOL	a.,kim.	Yüz birim suya bir birim iyodo-iyodür katılarak oluşturulan güçlü bir çözelti
LÜMEN	a.,fiz.	Işık şiddeti 1 mum olan, eşit dağıtımlı bir nokta kaynağının 1 steradyan içine yayımladığı ışık akısı
LÜNET	a.	Gözlük camı
LÜPÇÜ	a.	► bedavacı
LÜTUF	a.	Önem verilen, sayılan birinden gelen iyilik; armağan, kayra, ihsan, inayet, atıfet
LÜVER	a.	► altıpatlar
LÜZUM	a.	► gerek
MAADA	e.,esk.	► başka
MABAT	a.,esk.	Bitmemiş yazı, roman vb.nde arka, devam
MABET	a.,din b.	İçinde ibadet edilen yapı; tapınak, ibadethane, ibadetgâh
MABUT	a.	Tanrılaştırılıp tapılan varlık, kuvvet veya nesne
MACUN	a.	Hamur kıvamına getirilmiş madde
MADAM	a.	Fransa'da evli kadınlara verilen san; madama
MADDE	a.	Duyularla algılanabilen nesne
MADDİ	sf.	Madde ile ilgili; maddesel, özdeksel, manevi karşıtı
MADEM	bağ.	"Değil mi ki, -diği için, -diğine göre" anlamlarında sebep göstermek için, başına getirildiği cümleyi daha sonraki cümleye bağlayan bir söz; mademki
MADER	a.,esk.	► anne
MADİK	a.	Miskete fiske vurarak oynanan zıpzıp oyunu
MADUN	a.,esk.	► alt
MAFİŞ	a.,argo	"Yok, kalmadı" anlamında kullanılan bir söz
MAFYA	a.	Yasa dışı işlerle uğraşan, zor kullanarak birtakım gizli çıkarlar sağlayan örgüt
MAGMA	a.,jeol.	Yerin içinde, sıvı veya hamur kıvamında uçucu gazlarla doymuş olarak bulunan eriyik
MAGRİ	a.,hay. b.	Yılan balığıgillerden, Avrupa kıyılarında yaşayan, yenebilen büyük bir balık (Conger conger)
MAHAL	a.	► yöre (I)
MAHFE	a.,esk.	Deve, fil vb. hayvanların sırtına konulan, üzerine oturmaya yarayan sepet
MAHFİ	sf.,esk.	► gizli
MAHIV	a.	Yok etme, yok olma
MAHİR	sf.	► becerikli
MAHRA	a.,esk.	Üzüm taşımaya yarayan ağzı geniş, dibi dar tahta kap
MAHUR	a.,müz.	Klasik Türk müziğinde bir makam
MAHUT	sf.,esk.	Bilinen, adı geçen, sözü geçen
MAHYA	a.	Ramazan gecelerinde, camilerde iki minare arasına gerilen ipler üzerine kandil veya elektrik ampulleriyle yazılan yazı veya yapılan resim
MAİLE	a.,esk.,coğ.	► aklan
MAJÖR	sf.	Büyük, önemli olan
MAKAK	a.,hay. b.	Güneydoğu Asya'da yaşayan kuyruklu bir maymun (Macacus)
MAKAM	a.	Devlet kademesinde yüksek ve önemli memuriyet; kat (I), huzur, mansıp, mevki, post
MAKAS	a.	Bir eksen çevresinde dönebilecek biçimde çapraz eklemlenmiş, birbirine bakan yüzleri keskin iki çelik lamadan oluşmuş, arasına yerleştirilen herhangi bir şeyi kesmeye yarayan araç; sındı
MAKAT	a.	► kıç
MAKET	a.	Mimarlıkta, sanayide ve bazı sanat dallarında yer alan eserlerin taslak durumundaki küçük örneği
MAKRO	sf.	► büyük, mikro karşıtı
MAKSİ	sf.	► uzun
MAKTA	a.,esk.	Kalem ucunu düzeltmeye yarayan kemikten yapılmış araç
MAKTU	sf.,esk.	Kesilmiş
MAKUL	sf.	Aklın benimseyebileceği, aklın kabul edebileceği, akla uygun nitelikte olan
MAKÛS	sf.	Ters çevrilmiş, baş aşağı getirilmiş
MALAK	a.,ağz.	Manda yavrusu
MALAZ	a.,ağz.	Sulak yer
MALCA	zf.	Mal olarak, mal bakımından; malen
MALCI	a.	Mal alıp satan kimse
MALEN	zf.,esk.	► malca
MALİK	a.	► sahip
MALUL	sf.	Sakat (kimse); sökel
MALUM	a.	Herkes tarafından bilinen, gizli olmayan, öğrenilmiş şey
MALYA	a.	Deniz dibinde otlara takılmış oltayı kurtarmaya ve deniz derinliklerinden ağ, halat, sicim vb. şeyleri çıkarmaya yarayan dört tırnaklı demir
MAMBO	a.	Haiti kökenli, hızlı ve hareketli, rumba ve çaçaçaya benzeyen bir dans
MAMUL	sf.	Yapılmış, işlenmiş, imal edilmiş (eşya, yiyecek)
MAMUR	sf.	► bayındır
MAMUT	a.,hay. b.	Filgillerden, Dördüncü Çağ’da Avrupa ve Asya'da yaşamış olan, şimdi ancak fosili bulunan iri, kıllı bir hayvan (Elephas primigenius)
MANAS	a.,hay. b.	Kın kanatlılardan, ergin evrede yaprakları, kurtçuk evresinde kökleri kemirerek tarım bitkilerine ve orman ağaçlarına büyük zarar veren bir böcek (Polyhylla fullo)
MANAT	a.	Azerbaycan ve Türkmenistan'ın para birimi
MANAV	a.	Meyve ve sebze satılan yer
MANCA	a.	► yemek (I)
MANDA	a.,hay. b.	Geviş getirenlerden, derisinin rengi siyaha yakın, uzun seyrek kıllı bir hayvan; su sığırı, camız, dombay, kömüş (Buffelus)
MANEJ	a.,sp.	At eğitimi
MANEN	zf.	Kişinin iç dünyası yönünden, manevi bakımdan, maddeten karşıtı
MANGA	a.,ask.	On kişilik asker birliği
MANGO	a.,bit. b.	► Hint kirazı
MÂNİA	a.	► engel
MANTI	a.	İçine tuz, karabiber vb. ilave edilmiş kıyma konularak küçük bohçalar biçiminde kapatılan hamur parçaları
MANTİ	a.,den.	Gemi serenlerini direklere asılı tutan halat ve makara
MANTO	a.	Diz altından topuğa kadar uzanan, öbür kıyafetlerin üstüne giyilen, kalın kumaştan, kışlık kadın giysisi
MAOCU	sf.	Maoculuğu benimsemiş veya Maoculuk yanlısı olan
MAPUS	a.,ağz.	► mahpus
MARAL	a.,hay. b.	Dişi geyik
MARAZ	a.	► hastalık
MARDA	a.	Iskarta mal
MARİZ	sf.,esk.	► hastalıklı
MARKA	a.	Bir ticari malı, herhangi bir nesneyi tanıtmaya, benzerinden ayırmaya yarayan özel ad veya işaret; alametifarika
MARKE	sf.,sp.	"Takım oyunlarında karşı takım oyuncusunun hareketine engel olmak, tutmak, gölgelemek, markaja almak" anlamındaki marke etmek birleşik fiilinde geçen bir söz
MARKİ	a.	Bazı Batı devletlerinde kont ile dük arasındaki bir soyluluk ünvanı
MARON	a.	► kestane rengi
MARTI	a.,hay. b.	Martıgillerden, çoğu beyaz renkte, eti yenmez, yüzücü, perde ayaklı deniz kuşlarının ortak adı (Larus)
MARUF	sf.	Herkesçe bilinen, tanınan
MARUL	a.,bit. b.	Birleşikgillerden, geniş ve uzun olan yeşil yaprakları taze olarak yenilen bir bitki (Lactuca sativa)
MARUZ	sf.	Bir olayın, bir durumun etkisinde veya bir olay veya durumla karşı karşıya bulunan
MARYA	a.,hay. b.	Beş yaşından büyük veya damızlık dışı bırakılmış dişi koyun
MASAJ	a.	Vücut yüzeyinde el, elektrik, su aracılığıyla çeşitli işlemler yapma biçiminde, iyileştirme, rahatlama  ve bakım yöntemi
MASAT	a.	Bıçak, orak, tırpan vb.ni bilemeye yarayan, çelikten yapılmış, çubuk biçiminde araç
MASİF	sf.	► som (I)
MASKE	a.	Boyalı karton, kumaş, plastik vb.nden yapılan ve başkalarınca tanınmamak için yüze geçirilerek kullanılan yapma yüz
MASNU	sf.,esk.	Sanatla yapılmış (ürün)
MASON	a.	Masonluk üyesi; farmason
MASÖR	a.	Erkek masajcı
MASÖZ	a.	Kadın masajcı
MASTI	a.,hay. b.	Kulakları uzun ve düşük, bacakları kısa, bodur bir köpek cinsi
MASUM	sf.	Suçsuz, günahsız (kimse)
MASUN	sf.,esk.	Korunan, korunmuş
MAŞER	a.,esk.,top. b.	İnsan topluluğu, toplum
MAŞUK	a.,esk.	Sevilen, âşık olunan erkek
MATAH	a.,alay	İnsan, mal, eşya vb. için küçümseme yollu bir söz
MATBU	sf.	► basılı
MATEM	a.	► yas
MATİZ	a.,den.	İki halatı ek yeri kalınlaşmayacak biçimde birbirine ekleme işi
MATLA	a.,esk.	Gök cisimlerinin doğması
MATUF	sf.	Bir yöne eğilmiş
MATUH	sf.,esk.	► bunak
MAVAL	a.,argo	Yalan, uydurma söz
MAVİŞ	sf.	Mavi gözlü olan (kimse)
MAVNA	a.,den.	Gemilere ve yakın kıyılara yük taşıyan, güvertesiz büyük tekne
MAVRA	a.,ağz.	► gevezelik
MAYIN	a.,ask.	Toprak altına, üstüne veya suyun içine yerleştirilen, doğrudan doğruya çarpma veya basınç etkisiyle patlayarak zarara yol açan patlayıcı madde
MAYIS	a.	Yılın beşinci ayı
MAYNA	a.,den.	Yelken, filika vb.ni aşağıya indirme
MAZAK	a.,hay. b.	Kırlangıç balığıgillerden, Atlantik Okyanusu, Akdeniz ve Marmara Denizi'nde yaşayan, kırmızı renkli, lezzetli bir balık (Trigla lineata)
MAZOT	a.,kim.	Yakıt olarak kullanılan, ham petrolün damıtma ürünlerinden biri; motorin
MAZUR	sf.	Mazereti olan; mazeretli
MEBDE	a.,esk.	► başlangıç
MEBİZ	a.,esk.,anat.	► yumurtalık
MEBNİ	sf.,esk.	Yapılmış, kurulmuş, bina olunmuş
MEBUS	a.	► milletvekili
MECAL	a.	► takat
MECAZ	a.,ed.	Bir ilgi veya benzetme sonucu gerçek anlamından başka anlamda kullanılan söz
MECMU	sf.,esk.	Bir araya getirilmiş, toplanmış
MECRA	a.,coğ.	► yatak
MEDAR	a.,esk.,coğ.	► dönence
MEDET	a.	Yardım, imdat
MEDİH	a.	► övme
MEDÜZ	a.,hay. b.	► denizanası
MEDYA	a.	► iletişim ortamı
MEFUL	sf.,esk.	Yapılmış, işlenmiş
MEĞER		Önceden bilinmeyen, farkında olunmayan, sonradan anlaşılan bir durumu bildiren bir söz; meğerse, meğersem
MEHAZ	a.,esk.	Bir eser yazılırken başvurulan kaynak
MEHDİ	sf.	Doğru yolda olan, hidayete ermiş olan
MEHİL	a.,huk.	Bir işin tamamlanması için tanınan ek süre; önel
MEHLE	a.,ağz.	Kasaplık hayvanların omuz başından çıkan külbastılık veya pastırmalık yumuşak et
MEKÂN	a.	Bulunulan yer
MEKİK	a.	El veya otomatik dokuma tezgâhlarında atkı veya argaç denilen ve enine olan iplikleri, uzunlamasına olan arışların arasından geçirmeye yarayan masuralı araç
MELAL	a.,esk.	► usanç
MELAS	a.	Şeker üretiminde, billurlaşan şeker alındıktan sonra kalan şekerli posa
MELCE	a.,esk.	► sığınak
MELES	a.,ağz.	Beli çökük at
MELEŞ	a.,ağz.	İki kuzulu koyun
MELEZ	sf.,biy.	Değişik türden hayvan veya bitkiden üremiş (hayvan veya bitki); kırık (I), kırma, azma, hibrit, metis
MELİK	a.	Selçuklu Devleti'nde, hanedana mensup olup sultan olmayan kişilere verilen unvan
MELON	sf.	Yuvarlak ve bombeli (şapka)
MELUL	sf.	► üzgün
MELUN	sf.	► lanetli
MEMAT	a.,esk.	► ölüm
MEMBA	a.	► kaynak (I)
MEMNU	sf.,esk.	► yasak
MEMUL	sf.,esk.	Umulan, düşünülen
MEMUR	a.	Devlet hizmetinde aylıkla çalışan kimse; görevli, işyar
MENFA	a.,esk.	► sürgün
MENFİ	sf.	► olumsuz
MENŞE	a.,esk.	► köken
MENUS	sf.,esk.	► öğür
MERAM	a.	► istek
MERCİ	a.	Başvurulacak yer veya makam
MEREK	a.,ağz.	Samanlık, odunluk, hayvan yemi deposu veya ahır
MERES	a.,ağz.	Köpeğin yaşı
MERET	a.	Sıkıntı veren, hoşlanılmayan şeyler veya kimseler için kullanılan sövgü sözü
MERMİ	a.	Ateşli silahlarla atılan patlayıcı ve delici madde
MESAİ	a.	Çalışma, emek
MESAJ	a.	Bir devlet büyüğünün, bir sorumlunun belirli bir olay veya durum dolayısıyla ilgililere gönderdiği bildiri
MESEL	a.,esk.	Örnek alınacak söz
MESEN	a.	Sanat ve bilim adamlarını koruyan kimse
MESMU	sf.,esk.	İşitilmiş, duyulmuş olan
MESUL	sf.,esk.	► sorumlu
MESUT	sf.	► mutlu
MEŞBU	sf.,esk.	► dolmuş
MEŞİN	a.	İşlenmiş koyun derisi
MEŞRU	sf.,huk.	► yasal
MEŞUM	sf.,esk.	► uğursuz
METAL	a.,kim.	Çok yüksek elektrik ve ısı iletkenliği, kendine özgü parlaklığı olan, oksijenli birleşimiyle çoğunlukla bazik oksitler veren madde; maden
METAN	a.,kim.	Çürümekte olan karbonlu maddelerden çıkan, havada sarı bir alevle yanan, renksiz bir gaz; bataklık gazı (CH4)
METBU	sf.,esk.	Kendisine bağlanılan
METÎN	sf.	► dayanıklı
METİL	a.,kim.	Doymuş hidrokarbon kökleri serisinin ilk basamağı
METİN	a.	Bir yazıyı biçim, anlatım ve noktalama özellikleriyle oluşturan kelimelerin bütünü; tekst
METİS	sf.,biy.	► melez
METOT	a.	► yöntem
METRE	a.,mat.	Yer meridyen çemberinin kırk milyonda biri olarak kabul edilen, 100 cm'lik temel uzunluk ölçüsü birimi
METRO	a.	Büyükşehirlerde semtler arasında işleyen, ulaşımı yerin altında sağlayan tren; yer altı treni
MEVDU	sf.,esk.	Emanet edilmiş, verilmiş, bırakılmış
MEVKİ	a.	► yer
MEVLA	a.,esk.	Efendi, sahip, malik
MEVTA	a.,esk.	Ölü, ölmüş kimse
MEVUT	sf.,esk.	Vadolunmuş, söz verilmiş
MEVZİ	a.	► yer
MEVZU	a.	► konu
MEYAN	a.,bit. b.	► meyan kökü
MEYİL	a.	Eğiklik, eğim, akıntı
MEYUS	sf.,esk.	► üzgün
MEZAR	a.	Ölünün gömülü olduğu yer; çukur, kara toprak, kara yer, gömüt, kabir, sin (I), ebedî istirahatgâh, makber, metfen
MEZAT	a.	Açık artırma ile satış
MEZON	a.,fiz.	Elektrondan ağır, protondan hafif bir atom cisimciği
MEZRA	a.	Ekime elverişli, ekilecek tarla veya yer; ekenek
MEZRU	sf.,esk.	► ekili
MEZUN	sf.	Bir okulu bitirerek diploma almış (kimse)
MEZÜR	a.	► mezura
MEZZO	zf.,müz.	Orta hızda
MICIR	a.	Yol yapımında kullanılan taş kırıntısı; mucur
MIGIR	sf.,ağz.	Küçük, işe yaramaz (oyun kâğıdı veya eşya)
MIGRİ	a.,hay. b.	Sularımızda yaşayan bir tür yılan balığı (Conger conger)
MIHLI	sf.	► çivili
MIRRA	a.	Acılık veren sıvılarla özel bir biçimde kaynatılarak pişirilen bir tür acı kahve
MISIR	a.,bit. b.	Buğdaygillerden, gövdesi boğumlu ve kalın, yaprakları şerit biçiminde, erkek çiçekleri tepede salkım durumunda, dişi çiçekleri yaprakla gövde arasında koçan biçiminde olan bir kültür bitkisi; darı, kokoroz, lazut (Zea mays)
MISRA	a.,ed.	► dize
MİÇEL	a.,biy.	Mantarların ipliksi ve uzantılı tutunma ve gelişim organı
MİDYE	a.,hay. b.	Yassı solungaçlı, yumuşakçalardan, kabukları birbirine eşit, denizlerin kayalık yerlerinde kümeler durumunda yaşayan eti yenir bir hayvan (Mytilus)
MİKÂP	a.,esk.,mat.	► küp (II)
MİKOZ	a.,tıp.	Mantarların neden olduğu hastalıklar
MİKRO	sf.	Küçük, dar (I), makro karşıtı
MİLAT	a.	Hz. İsa'nın doğduğu gün
MİLEL	a.,esk.	Milletler
MİLİM	a.,mat.	► milimetre
MİLİS	a.	Savaş sırasında orduya yardımcı olarak toplanan silahlı halk gücü
MİLLÎ	sf.	Milletle ilgili; ulusal
MİLLİ	sf.	Mil içeren
MİMİK	a.,tiy.	Yüz, el, kol hareketleriyle düşünceyi anlatma sanatı
MİMLİ	sf.	Genellikle davranışlarından kuşku duyulan, kötü olarak bilinen, mimlenmiş
MİNİK	sf.	Küçük ve sevimli
MİNÖR	sf.	Daha küçük
MİRAÇ	a.	Göğe çıkma
MİRAS	a.,huk.	Birine, ölen bir yakınından kalan mal mülk, para veya servet; kalıt, bırakıt, tereke
MİRAT	a.,esk.	► ayna
MİRİM		"beyim, aziz dostum, arkadaşım" anlamlarında bir seslenme sözü
MİRZA	a.,esk.	Bazı Türk topluluklarında ve İran'da kullanılan bir soyluluk sanı
MİSAK	a.,esk.	Sözleşme, antlaşma, bağlaşma
MİSAL	a.	► örnek
MİSEL	a.,kim.	Koloit iyonlarında molekül yığılmasından oluşan ve yalnız başına koloidin bütün niteliğini taşıdığı kabul edilen bölüm
MİSİL	a.,esk.	Eş, benzer
MİSİS	a.	Evlenmiş kadın
MİTİL	a.	İçine yün, pamuk vb. doldurulan beyaz yastık veya yorgan kılıfı
MİTOS	a.	► mit
MİTOZ	a.,biy.	► karyokinez
MİYAR	a.,esk.	Değerli madenlerde yasanın istediği ağırlık, saflık ve değer derecesini gösteren ölçü
MİYAV	a.	Kedinin çıkardığı ses, kedi sesi
MİYAZ	a.	Sinek kurtçuklarının insanda ve hayvanlarda ortaya çıkardığı bozukluk
MİYOM	a.,tıp	Kadınlarda döl yatağı kas dokusundaki ur
MİYOP	sf.,tıp	Nesnelerin görüntüleri ağ tabakanın ön tarafında kaldığı için uzağı iyi göremeyen (göz)
MİZAÇ	a.	► huy
MİZAH	a.,ed.	► gülmece
MİZAN	a.,esk.	► terazi
MOBİL	sf.	Hareketli olan, taşınabilir olan
MODEL	a.	Resim, heykel vb. yapılırken baka baka benzetilmeye çalışılan nesne veya kimse; örnek
MODEM	a.,bl.	► çevirge
MODÜL	a.	Bir uzay taşıtının yapısı içinde yer alan ve kendi başına hareket edebilen bağımsız bölüm
MOHER	a.	► tiftik
MOLAS	a.,jeol.	Karbonatlı kum taşı
MOLLA	a.,tar.	Büyük kadı
MOLOZ	a.	Toprak ve kireçle karışık taş kırıntıları, yapı döküntüsü; inşaat atığı
MONAT	a.,fel.	Eski Yunan felsefesinde bölünmez birlik
MONTE	a.	► montaj
MOPET	a.	Bir tür küçük motosiklet
MORAL	a.	Bir insanın ruhsal gücü, manevi güç; maneviyat
MOREN	a.,min.	► buzul taş
MORTO	a.,argo	► ölü
MORUK	a.,argo	Gençlere göre yaşlı anne, baba
MOTEL	a.	Motorlu taşıtlarla yolculuk edenlerin barınmalarını, arabalarını park etmelerini ve başka gereksinimlerini karşılamak için işlek kara yolları üzerinde yapılmış otel
MOTİF	a.	Yan yana gelerek bir bezeme işini oluşturan ve kendi başlarına birer birlik olan ögelerden her biri
MOTOR	a.	Herhangi bir enerjiyi mekanik enerjiye dönüştüren düzenek
MOTTO	a.	► özdeyiş
MOUSE	a.,bl.	343 fare
MOZAK	a.,ağz.	Domuz yavrusu
MÖBLE	a.	► mobilya
MÖSYÖ	a.	Erkeklere verilen bir ünvan
MUARE	a.	Dalgalı parıltılar verilmiş olan bir kumaş türü, kareli kumaş
MUCİP	sf.,esk.	Gerektiren, gerektirici
MUCİR	a.,esk.	Kiraya veren kimse
MUCİT	a.	Yeni bir buluş ortaya koyan, icat eden kimse
MUCUK	a.,ağz.	Bir tür küçük sinek
MUCUR	a.	► mıcır
MUFLA	a.,kim.	Cisimleri, aleve değdirmeden ateşin etkisine uğratmak için kullanılan büyük toprak kap
MUHAL	sf.,esk.	Olması, gerçekleşmesi olanaksız
MUHAT	sf.,esk.	Kuşatılmış, sarılmış, çevrilmiş
MUHİK	sf.,esk.	► haklı
MUHİL	sf.,esk.	Dokunan, bozan, ihlal eden
MUHİP	sf.,esk.	Seven, sevgi besleyen, dost olan
MUHİT	a.	► çevre
MUJİK	a.	Rus köylüsü
MUKİM	sf.,esk.	Bir yerde, bir evde oturan, eğleşen, ikamet eden
MUKNİ	sf.,esk.	İnandıran, ikna eden
MUKUS	a.	Solunum yolları ve sindirim organlarının hücreleri tarafından salgılanan madde
MULAJ	a.	Bir şeyin bal mumu, alçı vb. bir madde ile kalıbını çıkarmak için yapılan işlemlerin bütünü
MUMCU	a.	Mum yapan veya satan kimse
MUMLU	sf.	Mumu olan, mum konulmuş olan
MUMYA	a.	Birtakım özel ilaçlar kullanılarak bozulmayacak duruma getirilmiş ceset
MUNİS	sf.	Alışılan, alışılmış
MURAT	a.	► dilek
MURİS	sf.,esk.	Miras bırakan
MUSAP	sf.,esk.	Başına bir kötülük, felaket gelmiş olan
MUSIR	sf.,esk.	Bir söz veya düşüncede direnen, ayak direyen (kimse)
MUSKA	a.	İçinde dinsel veya büyüleyici bir gücün saklı olduğu sanılan, taşıyanı, takanı veya sahip olanı zararlı etkilerden koruyup iyilik getirdiğine inanılan bir nesne, yazılı kâğıt vb.; hamayıl
MUSON	a.,coğ.	Güney ve Güneybatı Asya kıyıları ile Avustralya’nın kuzey kıyılarında deniz ve karaların farklı ısınmasından kaynaklanan, yazın denizden karaya, kışın karadan denize doğru esen sürekli rüzgâr
MUŞTA	a.	Karşısındakine vurmak için özel olarak açılmış deliklerine parmakların geçirilmesi ile kullanılan demir parçası
MUŞTU	a.	Sevindiren haber; sava, müjde, erim (II), beşaret
MUTAF	a.,esk.	Keçi kılından hayvan çulu, yem torbası vb. dokuyan kimse
MUTAT	sf.	► alışılmış
MUTÇU	sf.,fel.	Mutçuluk öğretisini benimseyen; evdemonist
MUTLU	sf.	Yaşadıklarından veya karşılaştıklarından dolayı hoşnutluk içinde bulunan; ongun (I), saadetli, bahtiyar, berhudar, hümayun, mesut
MUYLU	a.,tek.	Başka bir parça için dönme ekseni görevini yapan, silindir biçiminde parça
MUZIR	sf.	► zararlı
MUZİP	sf.	İnsanı, şaka yollu üzecek veya uğraştıracak davranışlarda bulunmayı huy edinmiş olan; takılgan
MUZSU	sf.	Muzu andıran, muza benzeyen, muz gibi; muzumsu
MUZUR	sf.	343 muzır
MÜBAH	sf.,din b.	Dinî bakımdan yapılmasında sakınca olmayan, yapılması günah veya sevap olmayan
MÜDÜR	a.	Bir kurum veya kuruluşu yöneten kimse
MÜFİT	sf.,esk.	► yararlı
MÜFTÜ	a.	İl ve ilçelerde din görevlilerinin amiri olan ve dinî konularda fetva verme yetkisi bulunan devlet memuru
MÜHİM	sf.	► önemli
MÜHRE	a.,esk.	Her tür yuvarlak şey, küçük top
MÜHÜR	a.	Bir kimsenin, bir kuruluşun adının veya ünvanının tersine kazılı bulunduğu, metal, lastik vb.nden yapılmış araç; kaşe (I)
MÜJDE	a.	► muştu
MÜLGA	sf.	Yürürlükten kaldırılan, kapatılan
MÜLKİ	sf.	Bir ülkeyle ilgili olan
MÜMAS	sf.,esk.	Dokunan, temas eden
MÜMİN	sf.	► imanlı
MÜNŞİ	sf.,ed.	Mektup türünde usta ve başarılı olan, inşası güçlü (kimse)
MÜRAİ	sf.,esk.	► ikiyüzlü
MÜRİT	a.	Bir tarikat şeyhine bağlanarak ondan tasavvufun yollarını öğrenen, onun doğrultusunda ilerleyen kimse
MÜRUR	a.	Geçme, bir taraftan girip diğer taraftan çıkma
MÜŞİR	a.,esk.	► mareşal
MÜZİÇ	sf.,esk.	Bunaltıcı, tedirgin edici
MÜZİK	a.	Birtakım duygu ve düşünceleri belli kurallar çerçevesinde uyumlu seslerle anlatma sanatı; musiki
NABIZ	a.,tıp	Kalp atışının sağladığı kan basıncından dolayı atardamarlara parmakla basıldığında duyulan vuru
NACAK	a.	Sapı kısa, küçük odun baltası
NAÇAR	sf.	Çaresi olmayan; çaresiz
NAÇİZ	sf.	Değersiz, önemsiz olan
NADAN	sf.,esk.	Bilgisiz, cahil
NADAS	a.	Tarlayı sürüp herhangi bir şey ekmeden dinlenmeye bırakma
NADİM	sf.,esk.	Yaptığı bir davranıştan pişmanlık duyan; pişman
NADİR	sf.	Az bulunur; turfa
NAFİA	a.,esk.	Bir yeri bayındır duruma getirmek için yapılan işlerin tamamı, bayındırlık işleri
NAFİZ	sf.,esk.	Delip geçen
NAFTA	a.	Petrolden 100-250 °C arasında damıtılan ürün
NAĞME	a.	Güzel, uyumlu ses, ezgi, melodi
NAHAK	sf.,esk.	Haksız, gereksiz
NAHIR	a.,ağz.	Sığır sürüsü
NAHİF	sf.,esk.	İnce, duygulu, hassas olan
NAHİV	a.,esk.,db.	► cümle bilgisi
NAHOŞ	sf.	Hoş olmayan, hoşa gitmeyen, kötü, çirkin
NAKDÎ	sf.	► parasal
NAKIS	sf.,esk.	Eksik, tam olmayan, bitmemiş; noksan
NAKIŞ	a.	Genellikle kumaş üzerine renkli iplikler veya sırma ve sim kullanarak elle, makineyle yapılan işleme; ince iş
NAKIZ	a.,esk.	Bozma, çözme
NAKİL	a.	Bir yerden alıp başka bir yere iletme
NÂKİL	sf.,esk.	Taşıyan, aktaran, geçiren
NAKİP	a.,esk.	Bir kavmin, kabilenin başkanı veya onun vekili
NAKİT	a.,ekon.	► para
NAKLÎ	sf.,esk.	Taşıma ile ilgili olan
NAKŞİ	a.	► Nakşibendi
NALAN	sf.	İnleyici, inleyen
NALÇA	a.	Ayakkabıların altına çakılan demir
NALIN	a.	► takunya
NAMAZ	a.,din b.	İslam'ın beş şartından biri olan ve Müslümanların günde beş vakit, dinî kurallara göre yapmak zorunda oldukları ibadet; salat
NAMLI	sf.	► ünlü
NAMLU	a.,ask.	Tüfek, tabanca, top vb. ateşli silahların ucunda bulunan boru biçimindeki parça
NAMUS	a.	Bir toplum içinde ahlak kurallarına ve toplumsal değerlere bağlılık; iffet
NANAY	a.,argo	► yok
NANİK	a.	Başparmağı buruna değdirip öteki parmakları açarak ve sallayarak yapılan alay işareti
NARİN	sf.	İnce yapılı; yepelek, nazenin
NASIL	zf.	Bir işin ne biçimde, hangi yolla olduğunu belirtmek için kullanılan bir söz; ne (II), nice, nite
NASIP	a.,esk.	► atama
NASIR	a.	En çok el ve ayağın sürekli sürtünmelere uğrayan noktalarında üst derinin kalınlaşması ve sertleşmesiyle oluşmuş deri
NASİP	a.	Birinin payına düşen şey
NASİR	a.,esk.	Nesir yazan, nesir ustası
NAŞAD	sf.,esk.	Üzüntülü, kederli, mahzun
NAŞİR	a.,esk.	► yayımcı
NATIR	a.	Kadınlar hamamında hizmet eden ve müşterileri yıkayan kadın
NATUK	sf.,esk.	Düzgün, güzel ve kolaylıkla söz söyleyen
NATÜR	a.	► doğa
NAZAL	sf.,db.	► genizsil
NAZAR	a.	Belli kimselerde bulunduğuna inanılan, kıskançlık veya hayranlıkla bakıldığında insanlara, eve, mala mülke hatta cansız nesnelere kötülük verdiğine inanılan uğursuzluk; göz
NAZIM	a.,ed.	► şiir
NÂZIM	sf.	Düzenleyen, düzene koyan, tertip eden
NAZIR	sf.	Bir yere doğru bakan (ev, oda vb.)
NAZİK	sf.	Başkalarına karşı saygılı davranan
NAZİL	sf.,esk.	İnen, inmiş
NAZİR	sf.,esk.	► benzer
NAZLI	sf.	Kolayca gönlü olmayan, kendini ağır satan, ısrar bekleyen; nazende, nazenin
NEBAT	a.,esk.,bit. b.	► bitki
NECAT	a.,esk.	► kurtuluş
NECİP	sf.,esk.	Soyu temiz olan
NEDBE	a.,esk.	Yara izi
NEDEN	zf.	Bir olayı doğuran başka bir olayı sormak için kullanılan bir söz; ne
NEDİM	a.,esk.	Arkadaş, yakın dost
NEFER	a.,esk.,ask.	► er (I)
NEFHA	a.,esk.	Güzel koku
NEFİR	a.,esk.	► yuf borusu
NEFİS	a.	Öz varlık, kişilik
NEFİY	a.,esk.	Sürme, sürgüne gönderme; sürgün
NEFSÎ	sf.	Canlılığın zorunlu kıldığı gereksinim ve isteklerle ilgili, beden arzularıyla ilgili; nefsani
NEFTE	a.,ask.	Keplerde bulunan, askerin hangi askerî sınıfta olduğunu belirtmeye yarayan yuvarlak işaret
NEFTÎ	a.	Siyaha yakın koyu yeşil renk
NEHİR	a.	► ırmak
NEHİY	a.,esk.	Bir işin yapılmasını yasak etme, engelleme, menetme
NEKES	sf.	► cimri
NEKRE	sf.,esk.	► nükteci
NELER		çok ve çeşitli şeyler
NEMLİ	sf.	Nemi olan, az ıslak; rutubetli, ratıp, kuru karşıtı
NESEP	a.,esk.	► soy
NESİÇ	a.,esk.,anat.	► doku
NESİH	a.,esk.	Kaldırma, hükümsüz bırakma
NESİL	a.,top. b.	► kuşak
NESİM	a.,esk.	Hafif yel, esinti
NESİR	a.,ed.	► düzyazı
NESNE	a.	Belli bir ağırlığı ve hacmi, rengi olan her türlü cansız varlık, şey; parça, obje
NEŞET	a.,esk.	Çıkma, ileri gelme
NEŞİR	a.,esk.	Yayma, dağıtma, saçma
NEVİR	a.	Yüzün rengi, bet beniz
NEYÇE	a.,esk.	Küçük ney
NEYSE	bağ.	"Önemi yok, olan oldu" anlamında kullanılan bir söz
NEZİF	a.,esk.	► kanama
NEZİH	sf.	Kötülüklerden uzak, temiz, şık (yer, ortam)
NEZİR	a.,esk.	► adak
NEZLE	a.,tıp	Soğuk almaktan ileri gelen, burun akması, aksırma ile beliren hastalık; ingin, tumağı, dumağı, çaputlama, zükâm, nevazil
NISIF	a.,esk.	► yarı
NİCEL	sf.	Nicelik bakımından, nicelikle ilgili; kantitatif
NİÇİN	zf.	Hangi amaçla, hangi sebeple; neden, neye, niye
NİFAK	a.	Geçimsizlik, anlaşmazlık, ara bozuculuk
NİHAİ	sf.,esk.	İşi sona erdiren, işi kesen
NİHAN	sf.	► gizli
NİKÂH	a.,huk.	Bir erkekle bir kadının evlilik birliği kurmasını sağlayacak yasal işlem; evlilik akdi, akit
NİKAP	a.,esk.	Yüz örtüsü; peçe
NİKEL	a.,kim.	Atom numarası 28, atom ağırlığı 58,71, yoğunluğu 8,9 olan, gümüş parlaklığında, demir sertliğinde, kolay işlenebilen ve kolayca tel durumuna getirilebilen bir element (simgesi Ni)
NİMET	a.	İyilik, lütuf, ihsan
NİNNİ	a.	Bebeklerin uyumasına yardımcı olmak için söylenen türkü
NİPEL	a.,tek.	İki bağlantı parçasını birbirine yakın olarak eklemekte kullanılan özel parça
NİSAİ	sf.,esk.	Kadınla ilgili
NİSAP	a.	► yeter sayı
NİSPİ	sf.	Birbirine göre (olan), önceki duruma göre
NİTEL	sf.	Nitelik bakımından, nitelikle ilgili; kalitatif
NİYAZ	a.	Yalvarma, yakarma
NİYET	a.	Bir şeyi yapmaya önceden karar verme; düşünce, endişe
NİZAM	a.	► düzen
NODUL	a.,ağz.	Hayvanın yürüyüşünü hızlandırmak için üvendirenin veya kısa bir sopanın ucuna çakılmış sivri demir çivi
NODÜL	a.,tıp	► düğümcük
NOHUT	a.,bit. b.	Baklagillerden, ana yurdu Akdeniz kıyıları olan, birleşik telek yapraklı, çiçekleri sarımtırak renkte, tanesi baklamsı bir bitki (Cicer arietinum)
NOKRA	a.	Büveleğin sebep olduğu, genellikle davar ve sığırlarda, seyrek olarak insanlarda rastlanan, ortası delik şişkinliklerle tanınan hastalık
NONOŞ	a.	Birine veya bir şeye sevgiyle yaklaşıldığında kullanılan bir söz
NOTAM	a.,ask.	Havacılar ve pilotlar için yayımlanan bülten
NOTER	a.,huk.	Çeşitli belge ve işlemlere geçerlik kazandırmak ve yasanın öngördüğü diğer görevleri yerine getirmekle yükümlü, belli nitelikleri ve kendine özgü bir hukuk statüsü olan kamu görevlisi; kâtibiadil
NÖBET	a.	Sıra ile belirli süre bir yeri bekleme işi
NÖRON	a.,tıp	Sinir sisteminin uyarıyı iletmekle görevli anatomik ve işlevsel birimi
NUKUT	a.,esk.	Paralar
NUMEN	a.,fel.	Nesnenin kendisi, görüngü karşıtı
NURLU	sf.	► ışıklı
NUTUK	a.	Söz, konuşma
NÜANS	a.	► ayırtı
NÜFUS	a.	► kişi
NÜFUZ	a.	İçine geçme
NÜKTE	a.	İnce anlamlı, düşündürücü ve şakalı söz; espri
NÜKÛL	a.,esk.,huk.	► vazgeçme
NÜSHA	a.	Birbirinin tıpkısı olan yazılı şeylerin her biri
NÜZUL	a.,ağz.	► inme
OBERJ	a.	Şehir merkezinin dışında sade, basit kurulmuş konaklama yeri
OBRUK	a.	Yer altı suyunun karbondioksit ile birleşimi sonucu oluşan karbonik asit nedeniyle toprağın çökmesi sonucu oluşan derin çukur
OCUMA	a.	Ocumak işi
ODACI	a.	► hizmetli
ODALI	sf.	Herhangi bir sayıda odası olan
ODEON	a.	Eski Yunan’da müzikli eserlerin temsili için kurulmuş tiyatro
ODSUZ	sf.	► ateşsiz
OFANS	sf.,sp.	► atak (II)
OFLAZ	sf.,ağz.	İyi, güzel, mükemmel
OFRİS	a.,bit. b.	Salepgillerden, genellikle kalkerli topraklarda yetişen,  çiçekleri sinek, örümcek gibi birtakım böcekleri andıran, yumrulu, otsu bir tür orkide (Ophrys)
OFSET	a.	Bir kalıba çıkarılan izleri önce kauçuğa, kauçuktan da kâğıda geçirmeye dayalı, çift kopyalı baskı yöntemi
OĞLAN	a.	Erkek çocuk
OJELİ	sf.	İçinde oje bulunan (şişe vb.)
OKAPİ	a.,hay. b.	Geviş getirenlerden, Kongo'da bataklık ormanlarda yaşayan, büyük bir antilop boyunda, zürafa gibi uzun boyunlu, tıknaz gövdeli, gövdesi kızıl kestane renginde, ön bacakları ve vücudunun arka tarafı beyaz çizgili, uzun ve ince kuyruklu, geviş getiren memeli bir hayvan (Okapia johnstoni)
OKLUK	a.	İçine ok konulan ve sırtta taşınan meşinden yapılmış ok kılıfı; okdanlık, sadak
OKRUK	a.,tar.	İnsan boğmakta kullanılan yağlı ip
OKSİT	a.,kim.	Oksijenin bir element veya kökle birleşmesiyle oluşan madde
OKTAN	a.,kim.	Formülü C8H18 olan doymuş hidrokarbonlara verilen ad
OKTAV	a.,müz.	Sekiz sesten oluşan ses dizisinde kalın do sesiyle ince do sesi arasındaki uzaklık
OKUMA	a.	Okumak işi; kıraat
OKUME	a.,bit. b.	Afrika’da yetişen, parlak, yumuşak ve hafif kerestesi mobilyacılıkta kullanılan, iyi boya ve cila tutan, öz odunu mor, dış odunu pembe renkli bir ağaç (Aucoumea)
OLASI	sf.	► muhtemel
OLCAY	a.	Baht, talih, şans
OLÇUM	a.,ağz.	Hekimlik taslayan kimse
OLEİK	a.,kim.	► oleik asit
OLEİN	a.,kim.	Sıvı yağlarda ve margarinlerde bulunan oleik asidin bir esteri
OLGUN	sf.	Yenecek duruma gelmiş (meyve)
OLMAK	nsz.	Meydana gelmek, vuku bulmak
OLMAZ	sf.	İmkânsız, gerçekleşemez, gayrimümkün olan
OLMUŞ	sf.	Olgunlaşmış, ergin
OLURU	a.	Pazarlıkta olabilecek en düşük fiyat
OMBRA	a.	Doğrama işlerini kahverengiye boyamakta kullanılan toprak boya
OMBRE	a.	► krepe balyaj
OMLET	a.	Çırpılmış yumurtayla sade olarak yapılabilen veya içine peynir, kıyma vb. katılarak tavada pişirilen bir yemek
ONAMA	a.	Onamak işi, uygun bulma; tasvip
ONDAN		o sebeple
ONGEN	a.,mat.	On açısı, on kenarı olan çokgen
ONGUN	sf.	Çok verimli, bol, eksiksiz
ONİKS	a.,min.	► balgam taşı
ONLAR	a.,mat.	Ondalık sayı sistemine göre yazılan bir tam sayıda sağdan sola doğru ikinci basamak
ONLUK	sf.	On tanesi bir arada olan veya içinde aynı şeyden on tane bulunan
ONMAK	nsz.	Daha iyi bir duruma girmek; salah bulmak
ONSUZ	zf.	O olmaksızın
OOSİT	a.,biy.	Büyüme evresini tamamlamış fakat henüz döllenebilecek duruma gelmemiş dişi gamet
OPTİK	sf.	Görme ile ilgili olan
ORADA	zf.	Sözü edilen yerde
ORALI	sf.	O yerden olan
ORASI	a.	► ora
ORAYA	zf.	O yere, o yöne
ORCİK	a.,ağz.	Şekerle kaplanmış ceviz içi
ORFOZ	a.,hay. b.	Hanigillerden, Ege ve Akdeniz'de bulunan, eti beyaz ve lezzetli, 10 kilogramdan 50 kilograma kadar ağırlığı olan bir tür balık (Epinepheles gigas)
ORGAN	a.,anat.	Vücudun, belirli bir görev yapan ve sınırları kesin olarak belirlenmiş bölümü; aza, örgen, uzuv
ORGCU	a.	Org çalan kimse
ORKİT	a.,tıp	Er bezlerinin iltihaplanıp şişmesi
ORLON	a.	Yapay dokuma ipliği
ORTAÇ	a.,db.	► sıfat-fiil
ORTAK	a.	Birlikte iş yapan, ortaklaşa yararlarla birbirlerine bağlı kimselerden her biri; şerik, partner
ORTAM	a.	Canlı bir varlığın içinde bulunduğu doğal veya maddi şartların bütünü; âlem
ORTAY	sf.,mat.	Bir düzlem şeklin aynı yöndeki paralel bütün kirişlerini eşit parçalara bölen (çizgi)
ORTEZ	a.	Kemikteki biçim bozukluğunu düzelten, bozukluğun ekleme vereceği yükü azaltan veya felçli kasa destek veren araç
ORTOZ	a.,jeol.	► ortoklaz
OTACI	a.,ağz.	Çeşitli bitkilerle tedavi uygulayan kişiler için halk arasında "hekim" veya "eczacı" anlamında kullanılan bir ünvan
OTAMA	a.	Otamak işi, tedavi
OTÇUL	sf.,hay. b.	► otobur
OTİST	sf.,ruh b.	► otizmli
OTİZM	a.,ruh b.	Üç yaşından önce başlayan ve ömür boyu süren, sınırlı ve tekrarlanan davranışlara yol açan, kişinin sosyal etkileşimine ve iletişimine zarar veren bir gelişim bozukluğu; içe yöneliklik
OTLAK	a.,coğ.	Hayvan otlatılan yer; salmalık, yaylak, mera, örü (II), yaylım
OTLUK	a.	Otu bol olan yer
OTSUL	sf.,bit. b.	► otsu
OTSUZ	sf.	Otu olmayan
OVALI	sf.	Ovada yaşayan, ova halkından olan
OVMAÇ	a.,ağz.	Hamuru ovalayarak yapılan kırıntılarla pişirilmiş çorba
OVMAK	a.	Bir şeyin üzerine bastırarak el gezdirmek
OYACI	a.	Oya yapan veya satan kimse
OYALI	sf.	Kenarına oya yapılmış veya geçirilmiş
OYDAŞ	a.	Aynı düşüncede, aynı inançta olan, aynı düşünceyi savunanlardan her biri; düşündeş, fikirdeş
OYLUM	sf.	İçi oyulmuş, çukur duruma getirilmiş
OYMAK	-i	Keskin, sivri uçlu bir cisimle bir şeyi yontarak veya delerek çukur oluşturmak
OYNAK	sf.	► hareketli
OYNAŞ	a.	Aralarında toplumca hoş karşılanmayan ilişkiler bulunan kadın veya erkekten her biri; aşna fişne
OZMOZ	a.,fiz.	► geçişme
OZUGA	a.,bit. b.	Tropikal Afrika ve ormanlık alanlarda yetişen ince dokulu bir tür ağaç (Saccoglottis gabonensis)
ÖBÜRÜ	zm.	► öteki
ÖDEME	a.	Ödemek işi; ifa, tediye
ÖDLEK	sf.	► korkak
ÖDÜNÇ	sf.	İleride geri verilmek veya alınmak şartıyla alınan veya verilen (şey); iare
ÖĞLEN	a.	► öğle
ÖĞREK	a.,ağz.	At sürüsü
ÖKSÜZ	sf.	Anası veya hem anası hem babası ölmüş olan (çocuk)
ÖLÇEK	a.	Birim kabul edilen herhangi bir şeyin alabildiği kadar ölçü
ÖLÇER	a.,ağz.	Ateşi karıştıracak demir kol
ÖLÇME	a.	Ölçmek işi; istimara
ÖLÇÜM	a.	Ölçmek işi
ÖLÇÜN	sf.	► standart
ÖLÇÜŞ	a.	Ölçmek işi
ÖLÇÜT	a.	Bir yargıya varmak veya değer vermek için başvurulan ilke; ölçü, kıstas, mısdak, miyar, kriter
ÖLGÜN	sf.	Diriliği, canlılığı, tazeliği kalmamış
ÖLMEK	nsz.	Yaşamaz olmak, hayatı sona ermek, can vermek; cavlamak (II), gitmek, göçmek, gümbürdemek, kakırdamak, kıkırdamak, yürümek, zıbarmak, cartayı çekmek, zartayı çekmek, mortlamak
ÖLMEZ	sf.	► ölümsüz
ÖLMÜŞ	sf.	Ölen, ölü olan
ÖNCEL	sf.	► ilk
ÖNCÜL	sf.	Önde giden, önde olan, kendisinden sonra gelenlere temel olan, artçıl karşıtı
ÖNDER	a.	Gücü, ünü ve toplumsal yeri dolayısıyla, belli zaman ve durumlar içinde, ilişkili bulunduğu küme veya toplumun tutum, davranış ve etkinliklerini değiştirip yönetme yeteneğini gösteren kimse; öncel, lider, şef, alemdar
ÖNERİ	a.	Bir sorunu çözmek üzere öne sürülen görüş, düşünce; teklif
ÖNEZE	a.,ağz.	Avcıların av beklerken hayvanlardan gizlenmek için taş yığınlarından yaptıkları yer; evsin
ÖNLEM	a.	Kötü veya yanlış bir şeyi önleyecek yol; tedbir
ÖNLÜK	a.	Herhangi bir iş genellikle de yemek yaparken giysi kirlenmesin diye giyilen, boyundan askılı ve bele bağlanan örtü; iş önlüğü, prostela
ÖNSEL	sf.,fel.	Hiçbir denemeye dayanmayan ve akıl yordamıyla bulunup ortaya konan; apriori
ÖPMEK	-i,-den	Sevgi, saygı, bağlılık, teşekkür belirtmek amacıyla dudaklarını bir şeye veya birine değdirmek
ÖRCİN	a.,esk.	► ip merdiven
ÖREKE	a.	Eğrilmekte olan yün, keten vb. şeylerin tutturulduğu, bir ucu çatal değnek
ÖRGEN	a.,anat.	► organ
ÖRGÜN	sf.	Bir işi gerçekleştirmek amacıyla türlü ve düzenli görevler yapan organlardan oluşan
ÖRGÜT	a.	Ortak bir amacı veya işi gerçekleştirmek için bir araya gelmiş kurumların veya kişilerin oluşturduğu birlik; teşekkül, teşkilat
ÖRMEK	-i	İplik, yün, tel, saz vb.ni birbirine dolayarak veya geçirerek işlemek veya tezgâhta dokumak
ÖRNEK	a.	İncelemek veya denemek üzere insan ve hayvan vücudunun, bitkinin veya nesnenin herhangi bir yerinden alınan doku parçası; numune
ÖRTME	a.	Örtmek işi
ÖRTÜK	sf.	Örtülü, kapalı
ÖRTÜŞ	a.	Örtmek işi
ÖRÜCÜ	a.	Örme işi yapan kimse
ÖRÜLÜ	sf.	Örülmüş olan
ÖTEKİ	zm.	Bilinenin, sözü edilenin dışında olan şey; öbürü, öbürkü
ÖTMEK	nsz.	Kuş veya bazı böcekler, değişik tonda ses çıkarmak
ÖTÜCÜ	sf.	Güzel öten, ötüşü güzel olan
ÖTÜRÜ	e.	Bir şeyden dolayı, bir şey yüzünden; dolayı, naşi
ÖVMEK	-i	Birinin veya bir şeyin iyiliklerini, üstünlüklerini söyleyerek değerini yüceltmek, sena etmek; methetmek, yermek karşıtı
ÖVÜCÜ	sf.	► övgücü
ÖVÜNÇ	a.	► övünme
ÖZDEK	a.	► ayniyat
ÖZDEN	sf.	Özle, öz varlıkla, gerçekle ilgili
ÖZDEŞ	sf.	Her türlü nitelik bakımından eşit olan, aralarında fark bulunmayan; aynı
ÖZEME	a.	Özemek işi
ÖZENÇ	a.,ağz.	► istek
ÖZENİ	a.	Özenme işi
ÖZERK	sf.	Bir üst organa bağlı olmakla beraber kendine ait işleri ayrı bir yasayla kendisi düzenleme ve yönetme yetkisi olan (kuruluş, devlet vb.); muhtar, otonom
ÖZGÜL	sf.	Bir türle ilgili, bir türe ilişkin
ÖZGÜN	sf.	Yalnız kendine özgü bir nitelik taşıyan; orijinal, ibdai
ÖZGÜR	sf.	Herhangi bir kısıtlamaya, zorlamaya, şarta bağlı olmayan; serbest, hür, azat, azade
ÖZLÜK	a.	Bir şeyin içerik durumu; mahiyet
ÖZNEL	sf.	Özneye ilişkin olan, öznede oluşan, nesnelerin gerçeğine değil, bireyin düşünce ve duygularına dayanan; enfüsi, subjektif, nesnel karşıtı
ÖZSEL	sf.	Öz ile ilgili
PAÇAL	a.,ağz.	Ekmek yapmak için çeşitli tahılların yasaya göre belirlenen gerekli karışım oranı
PAÇOZ	a.,hay. b.	Kefal türünden bir balık (Mugil cephalus)
PADOK	a.	Hipodromda yarış atlarının yedekte gezdirildikleri yer
PAFTA	a.	Bir bölgenin kadastro durumunu gösteren değişik malzemeler üzerine yapılmış parselleme çizgilerinin bütünü
PAGAN	sf.,din b.	► çok tanrıcı
PAHAL	sf.,ağz.	Ters(I), aksi
PAKET	a.	İçinde bir veya birçok şey bulunan, kâğıda sarılarak veya kutuya konularak bağlanmış, elde taşınacak büyüklükte nesne
PALAN	a.	Genellikle eşeklere, bazen de atlara vurulan, kaşsız, enli, yayvan ve yumuşak bir tür eyer; kürtün (I)
PALAS	a.	Lüks otel
PALAZ	a.	Kaz, ördek, güvercin vb. bazı kuş yavrularının civcivlikten sonraki durumu; badik
PALET	a.	Ressamların boyaları üzerine dizerek fırça ile karıştırdıkları elde tutulan levha
PALTO	a.	Diz altından topuğa kadar uzanan, öbür kıyafetlerin üstüne giyilen, kalın kumaştan, kışlık erkek giysisi
PAMPA	a.	Güney Amerika’nın kendine özgü bir doğal yapısı olan, bol ot yetişen, hayvancılığa elverişli bozkırlarına verilen ad
PAMUK	a.,bit. b.	Ebegümecigillerden, koza biçimindeki meyvesi üç, dört, beş dilimli olan, sıcak bölgelerde yetişen tarım bitkisi (Gossypium)
PANÇO	a.	Soğuk havalarda kıyafetin üzerine giyilen, genellikle kare veya dikdörtgen biçimli, ortasına baştan geçebilmesi için bir delik açılmış, kalınca kumaş parçasından oluşan giysi
PANDA	a.,hay. b.	Etçillerden, Avustralya ile Himalaya ormanlarında yaşayan, tüyleri sık ve pas renginde, karnı, bacakları kara, postu beğenilen bir hayvan (Ailurus fulgens)
PANEL	a.	► açık oturum
PANİK	a.	Ani dehşet duygusu, büyük korku
PAPAK	a.	Genellikle Azerbaycan ve Kafkasya'da giyilen, kuzu derisinden veya yününden yapılan, uzun tüylü başlık
PAPAZ	a.	Hristiyan din adamı; peder
PAPEL	a.,argo	Bir liralık kâğıt para
PARAF	a.	Yalnız adın veya ad ve soyadının baş harfleriyle atılan kısa imza
PARÇA	a.	Bir bütünden ayrılan, ayrı sayılan veya artakalan şey; pare
PARKA	a.,ask.	Genellikle askerin açık hava eğitimi ve manevra sırasında giydiği soğuğa karşı koruyucu, başlıklı bir tür üstlük
PARKE	a.	Konut, iş yeri vb. yerlerin tabanını döşemek için çeşitli boyutlarda, ince, uzunca tahta parçalarının veya yapay malzemenin belirli bir düzene göre yerleştirilmesiyle yapılan döşeme
PARPA	a.,hay. b.	Kalkan balığının yavrusu
PARSA	a.	Bir izleyici topluluğu önünde yapılan gösteriden, çalınan çalgı veya söylenen şarkıdan sonra toplanan para
PARTİ	a.	Ortak düşünce ve görüşteki kişilerin oluşturdukları siyasal topluluk; fırka
PARYA	a.,top. b.	Hindistan'da toplumsal sınıfların dışında kalanlar
PASAJ	a.	İçinde dükkânlar bulunan, üzeri kapalı veya açık çarşı
PASAK	a.,ağz.	► kir
PASÇI	a.,sp.	Voleybolda öbür oyuncuların vurması için topu, ağın üzerine yükselten oyuncu; pasör
PASİF	sf.,fel.	► edilgin
PASLI	sf.	Üzerinde pas oluşmuş, pas tutmuş, paslanmış
PASÖR	a.,sp.	► pasçı
PASTA	a.	İçine katılmış türlü maddelerle özel bir tat verilmiş, fırında veya başka bir yolla pişirilerek hazırlanmış bir tür hamur tatlısı; gato
PATAK	a.	► dayak (I)
PATAL	a.,min.	► lüle taşı
PATEN	a.	Buz üstünde kaymak için kullanılan, tabanına, dar uzun bir çelik takılı ayakkabı
PATİK	a.	Yünden örülen veya ince deriden yapılan, genellikle üstten bağcıklı, yumuşak, küçük çocuk ayakkabısı
PATOZ	a.	Olgunlaşmış buğday, nohut, fındık vb.nin tanelerini mekanik yöntemlerle sap veya kabuğundan ayrıştıran harman makinesi
PATSO	a.	İçerisine kızartılmış patates konulan sandviç
PAUNT	a.	► sterlin
PAYAN	a.,esk.	Son, sonuç, nihayet
PAYDA	a.,mat.	Bayağı kesirlerde birimin kaç eşit parçaya bölünmüş olduğunu gösteren sayı; mahreç
PAYEN	sf.,din b.	► çok tanrıcı
PAYET	a.	Giysi vb. işlemek için kullanılan küçük, pırıltılı pul
PAYLI	sf.	Hisseli, hissedarları olan
PAZEN	a.	Dokuması kalın, sık ve yumuşak, bir tür pamuklu bez
PEÇİÇ	a.	Zar yerine altı tane küçük deniz kabuğu atılıp bunların açık taraflarının üste veya alta gelmelerine göre taş ilerleterek oynanan bir oyun
PEDAL	a.	Bir makinede, bir araçta ayak yardımıyla dönmeyi veya hareketi sağlayan düzen; ayaklık
PEDER	a.	► baba
PEKÇE	zf.	► iyice
PELİN	a.,bit. b.	Birleşikgillerden, yapraklarında ve öteki bölümlerinde çok acı, kokulu bir madde bulunan, hekimlikte kullanılan çok yıllık ve otsu bir bitki; pelin otu, acı pelin, akpelin (Artemisia absinthium)
PELİT	a.,bit. b.	► palamut (II)
PELTE	a.	Nişasta, şeker ve su karışımının pişirilerek soğutulmasıyla yapılan bir tatlı türü; paluze
PELÜR	a.	İnce ve yarı saydam bir kâğıt türü
PELÜŞ	a.	Bir yüzü uzun tüylü, yumuşak ve parlak, kadifeye benzer bir kumaş türü
PEMBE	a.	Kırmızı ve beyazın karışımından ortaya çıkan renk
PENÇE	a.	Yırtıcı hayvanların ön ayaklarının parmaklarıyla tırnakları
PENES	a.	Genellikle halk oyunlarında kızların süs olarak kullandığı, altın taklidi, sarı tenekeden pul
PENGÖ	a.,esk.	Macaristan’da İkinci Dünya Savaşı sonuna kadar kullanılan para birimi
PENİS	a.,anat.	► erkeklik organı
PENSE	a.	Çeşitli biçim ve büyüklükte maşa veya kıskaç
PENYE	a.	Dokumacılıkta özel araçla apresi yapılmış bir tür ince kumaş
PERKİ	a.,hay. b.	► tatlısu levreği
PERMA	a.	Saçların uzun süre dalgalı veya kıvırcık kalmasını sağlamak için uygulanan işlem; permanant
PERMİ	a.	Yazılı izin belgesi
PERON	a.	Otobüs terminallerinde aracın yanaştığı, yolcuların inip binmesine yarayan bölüm
PERUK	a.	► takma saç
PERVA	a.	Çekinme, sakınma, korku
PESEK	a.	Diş kiri, diş pası
PESÜS	a.,esk.	İçinde yağ yakılan toprak kandil
PEŞİN	sf.	Bir alışverişte, alışveriş yapıldığı anda, alınan şeyin tesliminden önce veya teslimiyle birlikte ödenen; tirink, veresiye karşıtı
PEŞLİ	sf.	Peş (II) eklenerek genişletilmiş (giysi)
PETEK	a.	Arıların yumurtalarını bırakmak ve bal depo etmek için yaptığı, düzgün altıgen ağızlı bal mumu yuvacıklar topluluğu
PEYDA	sf.	Belli, açık; peydah
PEYKE	a.	Genellikle eski iş yerlerinde bulunan, duvara bitişik, alçak, tahta sedir
PIHTI	a.	Koyulaşarak yarı katı duruma gelmiş sıvı
PINAR	a.	Yerden kaynayarak çıkan su; bulak, göze
PIRPI	a.	Yılan sokmasına karşı ilaç olduğuna inanılan bir taş türü
PIRTI	a.	Değersiz şey, eşya
PISMA	a.	► sinme
PIŞIK	ünl.	Kuşku belirten el ve göz işareti
PİGME	a.	Boy ortalaması 150 santimetrenin altında olan Afrika kökenli bir zenci topluluğun bireyi
PİKAJ	a.	Bilgisayarda dizilen yazıları milimetrik kartona yapıştırıp düzenleme işi
PİKAP	a.	► kamyonet
PİKET	a.	İki, üç veya dört kişi arasında ve otuz iki kâğıtla oynanan bir tür iskambil oyunu
PİLİÇ	a.	Tavuğun küçüğü, erginleşmemiş tavuk veya horoz
PİLLİ	sf.	Pili olan, pille çalışan
PİNEL	a.,den.	Rüzgârın estiği yönü göstermek için direk şapkalarının üstüne konulan yelkovan biçimindeki araç
PİNES	a.,hay. b.	Yumuşakçalardan, midye biçiminde, ondan daha büyük kabuklu bir deniz hayvanı (Pinna nobilis)
PİNTİ	sf.	► cimri
PİPET	a.,kim.	Sıvıları, solukla içine çekip kaptan kaba aktarmaya yarayan cam boru
PİRİT	a.,jeol.	Birçok doğal maden sülfürü ve özellikle demir ve bakır sülfürü
PİSİK	a.,ağz.	► kedi
PİSİN	a.	► yüzme havuzu
PİŞEK	sf.,ağz.	► pişkin
PİŞİK	a.	Apış arası, koltuk altı gibi tenin birbirine sürtünen yerlerinde ter, idrar veya dışkının yakmasıyla oluşan kızartı
PİŞİM	a.	Pişmek işi
PİŞME	a.	Pişmek işi
PİŞTİ	a.	Bir deste kâğıtla oynanan, elinde yere atılan kâğıtların aynısından bulunan oyuncunun onu atarak yerdeki bütün kâğıtları almasına dayalı bir tür iskambil oyunu; pişpirik, pastra
PİTON	a.,hay. b.	Boagillerden, Afrika ve Asya'da yaşayan, zehirsiz, çok güçlü ve büyük bir yılan (Python)
PİVOT	a.,sp.	Basketbolda pota altında oynayan, genellikle uzun boylu oyuncu
PİYAN	a.,tıp	Mantara benzeyen kabarcıklarla ortaya çıkan, ciltte yaralar yapan, bulaşıcı sıcak bölge hastalığı
PİYAZ	a.	Haşlanmış kuru fasulyenin üzerine ince doğranmış, tuzla ovulmuş soğan ve maydanoz katıldıktan sonra zeytinyağı, sirke dökülerek yapılan salata
PİYES	a.	► oyun
PİYON	a.	Satrançta oyunun başında ön sıraya dizilen, bulundukları sıra üzerinde ilk hamlede bir veya iki hane gidebilen sekiz küçük taştan her biri; piyade (I)
PİZZA	a.	Genellikle domates, zeytin, peynir, mantar, çeşitli et ve sebze türlerinin üzerine konulmasıyla hazırlanıp fırında pişirilen pide
PLAKA	a.	Kamyon, otomobil vb. kara taşıtlarına takılan numara levhası
PLASE	a.	At yarışlarındaki müşterek bahislerde, sekiz atın katıldığı yarışlarda ilk üç, dört atın katıldığı yarışlarda ise ilk iki dereceyi kazanacak atın bilinmesi biçiminde oynanan oyun
PLATİ	a.,hay. b.	Genellikle akvaryumlarda yetişen, değişik renklerde, uzunluğu yaklaşık 5 santimetre olan bir tatlı su balığı (Xiphophorus maculatus)
PLATO	a.,coğ.	► yayla
PLAZA	a.	► iş merkezi
PLİLİ	sf.	► pileli
PLİSE	sf.	► pileli
POKER	a.	Genellikle dört kişiyle ve otuz iki kâğıtla oynanan bir tür iskambil oyunu
POLAR	a.	Kutup
POLAT	a.,esk.	► çelik (I)
POLEN	a.,bit. b.	Çiçek tozu
POLİM	a.	Yalan söz; polüm
POLİP	a.,hay. b.	Sölenterlerden, toplu veya tek başına yaşayabilen yumuşak vücutlu hayvan
POLİS	a.	Şehirde kamu düzenini, huzur ve güvenliği sağlayan kuruluş
POLKA	a.	Bir tür Polonya dansı
POLÜM	a.	► polim
POMAT	a.	Yağlı ve kokulu merhem
POMPA	a.	Hava veya herhangi bir akışkanı bir yerden başka bir yere aktarmaya yarayan makine
PONJE	a.	Düz, ince ve sık dokunmuş bir ipekli türü
PONZA	a.,min.	► sünger taşı
POPÇU	a.	Pop müzikle uğraşan kimse
PORNO	a.	Amacı cinsel dürtülere yönelik olan, ahlaki değerlere aykırı düşen yayın, resim vb.; pornografi
PORTE	a.	Bir işin genişlik, önem derecesi, etki alanı
PORTO	a.	Portekiz'de yapılan ünlü bir şarap
POŞET	a.	► torba
POTAS	a.,kim.	Potasyum birleşiklerine verilen genel ad
POTİN	a.	Koncu ayak bileğini örtecek kadar uzun olan, bağcıklı veya yan tarafı lastikli ayakkabı
POTUK	a.,ağz.	Manda, köpek, ayı, domuz veya deve yavrusu
POTUR	a.	Arka tarafında kırmaları çok, bacakları dar bir pantolon türü
POYRA	a.	Tekerleğin ortasındaki parmakların ve dingilin geçirildiği yuvarlak kısım; göbek
POZLU	sf.,mec.	► çalımlı
PÖÇÜK	a.,ağz.	► kuyruk sokumu
PRAFA	a.	İskambil kâğıtlarıyla oynanan bir oyun türü
PRENS	a.	Hükümdar ailesinden olan erkeklere verilen ünvan
PRESE	sf.	Presle sıkıştırılmış, sıkılmış olan
PRİNT	a.	343 baskı
PROJE	a.	Değişik alanlarda önceden plan ve programa alınmış, maliyeti hesaplanmış, kurum ve kuruluşların yönetim organları tarafından onaylanmış, kısa ve uzun vadeye bağlanarak özel kurum veya devlet adına gerçekleştirilmesi kabul edilmiş bilimsel çalışma tasarısı
PROVA	a.	Bir şeyin amacına uygun, istenilen düzeyde olup olmadığını anlamak için yapılan deneme
PRUVA	a.,den.	Geminin veya sandalın ön tarafı, baş bölümü
PUDRA	a.	Bazı mineral ürünlerin karışımı ile elde edilen, cildi korumak, düzgün ve güzel göstermek veya kırışıklıkları, pürüzleri gizlemek amacıyla yüze ve tene sürülen, kokulu ince toz
PUFLA	a.,hay. b.	Perde ayaklılardan, Kuzey Kutbu'na yakın yerlerde, İskandinavya kıyılarında yaşayan, ince ve yumuşak tüyleri için avlanan bir kuş (Somateria)
PULCU	a.	Pul satan kimse
PULLU	sf.	Üzerine pul yapıştırılmış
PULSU	sf.	Pula benzeyen, pul gibi olan
PULUÇ	sf.	Cinsel gücü olmayan (erkek)
PUMBA	sf.,ağz.	► pufla
PUNTA	a.	Torna, planya, freze tezgâhları, taşlama makineleri vb.nde işlenecek parçayı tutmaya yarayan, su verilmiş ve taşlanmış çelikten düzenek
PUNTO	a.	Matbaacılıkta, bilgisayarda harflerin büyüklük ve küçüklüklerine göre aldığı ad
PUSAT	a.	Silah, zırh vb. savaş aracı
PUSET	a.	Elle sürülen, hafif, küçük çocuk arabası
PUSLU	sf.	Puslanmış, pusarık, hafif sisli
PUSMA	a.	Pusmak işi
PUVAR	a.,tıp	Bir sıvıyı bir yerden başka bir yere üfleme veya çekme yoluyla aktarmak için kullanılan araç
PÜNEZ	a.	► raptiye
PÜREN	a.,ağz.	► süpürge otu
PÜRÜZ	a.	Bir şeyin düzgünlüğünü bozacak çıkıntı, gedik veya kusur
PÜSÜR	a.	Bir şeyin can sıkıcı, karışık ayrıntısı veya pürüzü
PÜTÜR	a.	Küçük kabarcık
RABIT	a.,esk.	► bağ (I)
RACON	a.,argo	Yol, yöntem, usul
RADAR	a.	Radyo dalgalarının yankısını alarak cisimlerin yerini ve uzaklığını bulabilen, genellikle uçak ve gemilerde kullanılan cihaz
RADDE	a.,esk.	► kerte (II)
RADON	a.,kim.	Atom numarası 86, atom ağırlığı 222 olan, hidrojen ve oksijenle karışım durumunda elde edilen, boru yardımıyla sıvı hava içinden geçirilerek karışımdan ayrılan radyoaktif element (simgesi Rn)
RAFİT	a.,biy.	Bazı hayvan ve bitki hücrelerinde bulunan, iğne biçiminde billur madde
RAFLI	sf.	Rafı olan
RAFYA	a.,bit. b.	Afrika ve Amerika'da yetişen, iri gövdeli, uzun yapraklı palmiye (Raphie)
RAGBİ	a.	On beşer kişilik iki takım arasında oval bir topla oynanan oyun
RAHAT	a.	İnsanda üzüntü, sıkıntı, tedirginlik olmama durumu; huzur
RAHÎM	sf.	Koruyan, acıyan, merhamet eden (Tanrı)
RAHİM	a.,anat.	► döl yatağı
RAHİP	a.	Hristiyanlarda genellikle manastırda yaşayan evlenmemiş papaz; keşiş, karabaş
RAHLE	a.	Üzerinde kitap okunan, yazı yazılan, bazıları açılıp kapanabilen alçak, küçük masa
RAHNE	a.,esk.	► gedik
RAKAM	a.,mat.	Sayıları göstermek için kullanılan işaretlerden her biri
RAKET	a.,sp.	Masa tenisi, tenis vb. oyunlarda topa vurmak için kullanılan, oval tahta bir kasnağa gerilmiş bir ağla veya lastikle kaplanmış saplı araç; vuraç
RAKIM	a.,coğ.	► yükselti
RAKİK	sf.,esk.	İnce, narin
RAKİP	a.	Herhangi bir işte, bir yarışta, birbirini geçmeye çalışan, aynı şeyi elde etmeye uğraşan kimse
RAKİT	sf.,esk.	Durgun (su)
RAKOR	a.	Sıhhi tesisatta iki boruyu döndürmeden birbirine bağlanmasını sağlayan bağlantı parçası
RAKUN	a.,hay. b.	Kuzey Amerika'da, ağaçlarda yaşayan, kafası tilkiye benzeyen, uzun kuyruğu alaca halkalı, kürklü hayvan (Procyon lotor)
RALLİ	a.	Yarışmacıların otomobille belli yolları izleyerek ve özel kurallara uyarak belirli bir yere ulaşmalarına dayanan otomobil yarışı
RAMAK	a.	"Bir şeyin olmasına çok az kalmak" anlamına gelen ramak kalmak deyiminde geçer
RAMPA	a.	Bir arazinin, bir kara yolunun, bir demir yolu hattının yatay doğrultuya göre yokuş olan bölümü
RANDA	a.,den.	Gemilerin mizana direğinin gerisindeki yelken
RANZA	a.	Gemi, tren, kışla, yatılı okul vb. yerlerde üst üste yapılan yatak yeri
RAPOR	a.	Herhangi bir işte, bir konuda yapılan inceleme, araştırma sonucunu, düşünceleri veya tespit edilenleri bildiren yazı; yazanak
RASAT	a.,gök b.	► gözlem
RASIT	a.,esk.,gök b.	► gözlemci
RASPA	a.	Demir, tahta yüzeylerdeki boya, pas vb.ni çıkarma, pürüzleri gidermek amacıyla kullanılan iri dişli bir törpü
RASYO	a.	► oran
RATIP	sf.,esk.	► nemli
RAUNT	a.	Boks vb. spor karşılaşmalarında devrelerden her biri
RAYBA	a.	► pürüzalır
RAYİÇ	a.	Bir para biriminin veya malın satış ve sürüm değeri
RAYLI	sf.	Rayı bulunan
REAYA	a.	Bir hükümdarın yönetimi altındaki halk
REBAP	a.,esk.	Gövdesi Hindistan cevizi kabuğundan yapılmış uzun saplı saz
RECEP	a.	Ay takviminin yedinci ayı, üç ayların birincisi
RECİM	a.	Taşa tutma, taşa tutarak öldürme
REDİF	a.,ed.	Şiirde uyaktan sonra tekrarlanan, aynı harflerden oluşan kelime veya ek; yedek
REFAH	a.	► gönenç
REFİK	a.,esk.	► arkadaş
REFLÜ	a.	Bir vücut sıvısının normalin aksi yönde akması
REFÜJ	a.	► orta kaldırım
REHİN	a.,tic.	Bir borcun ödeneceğine teminat olarak ödenince geri alınmak şartıyla borçlunun alacaklıya verdiği değerli şey
REJİM	a.	► düzen
REKÂT	a.,din b.	Namazda bir kıyam, bir rükû ve iki secdeden oluşan bölüm
REKİZ	a.	Dikme, saplama, kurma
REKOR	a.	Bir spor dalında erişilmiş derecelerin en üstünü
REMEL	a.,ed.	Aruz ölçülerinden biri
REMİZ	a.,esk.	► simge
REMZÎ	sf.,esk.	Remiz ile, işaretle ilgili
RENDE	a.	Tahta yüzeyleri pürüzsüz duruma getirmek, biçim vermek için marangozların kullandığı araç
RESEN	zf.	Kendi başına, kendiliğinden
RESİF	a.,jeol.	Su düzeyindeki sıra kayalar
RESİM	a.	Varlıkların, doğadaki görünüşlerinin kalem, fırça gibi araçlarla kâğıt, bez vb. üzerinde yapılan biçimleri
RESMÎ	sf.	Devletin olan, devlete ait, devletle ilgili, özel karşıtı
RESTO	a.	Lokantada garsonların vazgeçilen yemeği mutfağa bildirmek için söyledikleri söz
RESUL	a.,din b.	Kimi bilginlere göre, kendisine kitap indirilmiş peygamber
REŞİT	sf.,huk.	► ergin
REŞME	a.,ağz.	Hayvanın başlığı, yuları ve gemi
REVAÇ	a.,tic.	► sürüm
REVAK	a.	Binanın avlusunda veya dış cephesinde yer alan, çatısı sütunlarla desteklenmiş, üstü düz dam, tonoz veya kubbelerle örtülü, uzunlamasına, önü açık yer
REVAN	sf.,esk.	Giden, yürüyen
REVİR	a.	Okul, kışla vb. yerlerde hastalar için ayrılmış bölüm
REVİŞ	a.,esk.	Gidiş, yürüyüş
REYON	a.	Bir mağazanın yalnız bir tür eşya satılan bölümü
REZİL	sf.	Utanılacak, ayıp şeyler yapan (kimse)
RIZIK	a.	Yiyecek, içecek şey; azık
RİCAL	a.,esk.	Erkekler
RİCAT	a.,esk.	► vazgeçme
RİJİT	sf.	Sert, katı (davranış)
RİMEL	a.	Kadınların kirpiklerini kıvırmak ve daha uzun göstermek için fırça ile sürdükleri yağlı sürme; maskara (II)
RİNGA	a.,hay. b.	Kemikli balıklardan, ılık denizlerde büyük sürüler hâlinde dolaşan ve tütsü ile kurutulmuşu sıkça tüketilen, uskumru iriliğinde bir balık (Clupea harengus)
RİTİM	a.,müz.	Bir dizede, bir notada vurgu, uzunluk veya ses özelliklerinin, durakların düzenli bir biçimde tekrarlanmasından doğan ses uygunluğu; dizem, tartım
ROBOT	a.	Belirli bir işi yerine getirmek için manyetizma ile kendisine çeşitli işler yaptırılabilen otomatik araç
RODAJ	a.	► alıştırma
RODEO	a.	Bir binicinin yabani at, sığır veya boğa üzerinde durabilmesine dayanan Amerikan oyunu
ROKET	a.	Atış sırasında mekanik olarak yön verilen, yörüngesinin başlangıcında öz itmeli olarak yol alan ve daha sonra yalnız balistik kanunlarına bağlı kalan mermi
ROLCÜ	a.	Rol yapan kimse
ROMAN	a.	İnsanın veya çevrenin karakterlerini, göreneklerini inceleyen, serüvenlerini anlatan, duygu ve tutkularını çözümleyen, kurmaca veya gerçek olaylara dayanan uzun edebî tür
RONDO	a.	Dönen bıçakları sayesinde içine konulan gıdaları kıyma, parçalama, doğrama işine yarayan mutfak aleti
ROSTO	a.	Haşlandıktan sonra veya doğrudan doğruya kızartılarak pişirilen, dilim dilim kesilen et
ROTİL	a.	Otomobilin ön düzeninde bulunan, her yöne dönebilen ve mafsal olarak kullanılan küre biçiminde bir parça
ROTOR	a.,fiz.	► döneç
ROZET	a.	Yakaya takılmak için çeşitli biçimlerde yapılan, bir kuruluşun sembolü sayılacak genellikle küçük metal nesne
RÖFLE	a.	Saç renginin beş altı ton açığını kullanarak saça istenilen kalınlık ve sıklıkta, parça parça yapılan renk uygulaması
RÖGAR	a.	Kanalizasyona inmek, bakım ve onarım yapmak üzere yol düzeyinde kapağı bulunan özel baca
RÖLİK	a.	Hristiyanlıkta Hz. İsa, aziz ve azizelerle ilişkili veya onlardan geriye kalan giysi, eşya veya kemik parçası
RÖTAR	a.	► gecikme
RÖTUŞ	a.	Fotoğrafçılıkta resimleri basmadan önce negatif üzerinde düzeltme işi
RUBAİ	a.,ed.	Divan edebiyatında dört dizeden oluşan ve belirli aruz kalıpları ile yazılan şiir; dördül
RUGAN	a.	Ayakkabı, çanta vb. yapımında kullanılan parlak deri
RUHÇA	zf.	► ruhen
RUHÇU	sf.,fel.	Ruhçuluk öğretisini benimseyen (kimse); tinselci, ispritizmacı, spiritüalist
RUHEN	zf.	Ruh bakımından; ruhça
RUHLU	sf.	Görünüşü veya ruhsal durumu herhangi bir nitelikte olan
RUJLU	sf.	Ruj sürülmüş
RULET	a.	Bir bilyenin, dönmekte bulunan derin tepside yazılı numaralarından ve siyah ile kırmızı renklerden birinin üzerinde durmasıyla kazananı belirten kumar aracı ve bununla oynanan kumar
RUMBA	a.	Küba'dan Amerika ve Avrupa'ya yayılan bir dans
RUMUZ	a.	► simge
RUNİK	sf.	Run harfleriyle yazılmış
RUTİN	sf.	Sıradanlık, çeşitlilik göstermeyen, alışılagelmiş düzen içinde yapılan
RÜESA	a.,esk.	Başkanlar
RÜKÜN	a.,esk.	Bir şeyin en güçlü ve sağlam yönü
RÜKÜŞ	sf.	Gülünç bir biçimde giyinip süslenen (kadın)
RÜSUM	a.,esk.	Vergiler
RÜSUP	a.,esk.,kim.	► çökelti
RÜSVA	sf.	Ayıplanacak durumda olan, rezil
RÜTBE	a.	Subay, astsubay ve polislerin sahip olduğu, astlık üstlük ilişkilerini düzenleyen basamak; paye
RÜYET	a.,esk.	► görme
SABAH	zf.	Güneşin doğduğu andan öğleye kadar geçen zaman dilimi
SABAN	a.	Çift süren hayvanların koşulduğu demir uçlu tarım aracı
SABIK	sf.	► önceki
SABIR	a.	Acı, yoksulluk, haksızlık vb. üzücü durumlar karşısında ses çıkarmadan onların geçmesini bekleme erdemi; dayanç, çıdam
SABİT	sf.	Yerinden oynamayan, yerini değiştirmeyen; durağan
SABUH	a.,esk.	Sabah vakti içilen içki
SABUR	sf.,esk.	Çok sabırlı
SAÇAK	a.	Bazı giyim eşyalarında veya döşemeliklerde kumaş kenarlarına dikilen süslü iplikten püskül
SAÇIK	sf.	Saçılmış, serpilmiş
SAÇIŞ	a.	Saçmak işi
SAÇLI	sf.	Saçı olan
SAÇMA	a.	Saçmak işi
SADAK	a.	► okluk
SADET	a.	Konuşulan asıl konu, asıl madde
SADIK	sf.	► sadakatli
SADIR	a.	Göğüs, sine
SÂDIR	sf.,esk.	Çıkan, görünen
SADİK	sf.,ruh b.	Sadistlik özelliği olan
SADME	a.,esk.	Çarpışma, tokuşma, vurma
SAFÇA	sf.	Biraz saf; safdilli
SAFER	a.	Ay takviminin ikinci ayı
SAFHA	a.	► evre
SAFİR	a.,min.	Mavi renkli, değerli bir korindon türü; gök yakut
SAFRA	a.	Balonlarda bulunan pilotların, yükselmek veya inişi yavaşlatmak istediklerinde attıkları ağırlık
SAĞCI	sf.	Sağ görüşlü partilerin yandaşı olan (kimse)
SAĞIM	a.	Sağmak işi
SAĞIN	sf.,fel.	Doğruluk kuralına uygun olan
SAĞIR	sf.	İşitme ve konuşma sorunu yaşayan, iletişimi işaret dili ile kurabilen ve işiten kişilerle iletişim kurmakta zorlanan (kimse)
SAĞMA	a.	Sağmak işi
SAĞRI	a.,anat.	Memeli hayvanlarda bel ile kuyruk arasındaki dolgun ve yuvarlakça bölüm
SAHAF	a.	Genellikle kullanılmış ve eski kitap alıp satan kitapçı
SAHAN	a.	Derinliği az olan kap
SAHİH	sf.	Gerçek, doğru, sağın, hakiki
SAHİL	a.	Karanın deniz, göl, ırmak boyunca uzanan bölümü; kıyı, yaka, yalı
SAHİP	a.	Herhangi bir şey üstünde mülkiyeti olan, onu yasaya uygun bir biçimde dilediği gibi kullanabilen kimse; iye, malik
SAHNE	a.	İzleyicilerin kolayca görebilmeleri için genellikle yerden belli bir ölçüde yüksek yapılan, oyun, müzik vb. gösteri yapmaya uygun yer; oyunluk
SAHRA	a.	► çöl
SAHRE	a.,esk.	► kayaç
SAHTE	sf.	Bir şeyin aslına benzetilerek yapılan; çakma, düzme, düzmece
SAHUR	a.	Ramazan ayında oruç tutanların gün doğmadan önce belirli saatte yedikleri yemek
SAİKA	a.,esk.	► yıldırım
SAKAF	a.,esk.	► çatı
SAKAK	a.	Çene altı
SAKAL	a.	Yetişkin erkeklerde yanak ve alt çenede çıkan kılların tümü
SAKAR	a.	Bazı hayvanların, özellikle atların alınlarında bulunan beyaz leke, küçük akıtma
SAKAT	sf.	Doğuştan veya sonradan herhangi bir nedenle bedensel, zihinsel, ruhsal, duyusal veya sosyal yeteneklerini çeşitli derecelerde kaybetmiş, toplumsal yaşama uyum sağlama ve günlük gereksinimlerini karşılama güçlükleri çeken (kimse); alil, muallel
SAKIN	ünl.	► asla
SAKIT	sf.	Düşen, düşmüş
SAKIZ	a.	Bazı ağaçların ve özellikle sakız ağacının kabuğundan sızan, çiğnendiğinde yumuşayan, hoş kokulu, beyaz renkli reçine
SAKİL	sf.,esk.	► ağır
SAKİM	sf.,esk.	Bozuk, yanlış, eksik
SAKİN	sf.	Hareket etmeyen, kımıldamayan
SAKİT	sf.,esk.	Susmuş, sessiz
SAKLI	sf.	Saklanmış olan
SAKSI	a.	Pişmiş toprak, plastik vb.nden yapılan, çiçek yetiştirmekte kullanılan kap
SALAH	a.,esk.	► iyilik
SALAK	sf.	Görünüşünden, konuşma ve davranışlarından seviyesiz, dengesiz ve saf olduğu anlaşılan (kimse); saloz
SALAM	a.	Sığır, hindi vb. etinden yapılan, genellikle dilimlenerek soğuk yenen bir yiyecek
SALAŞ	sf.	Uyumsuz, kötü görünen
SALAT	a.,din b.	► namaz
SALCI	a.	Sal ile yolcu ve yük taşıyan kimse
SALEP	a.,bit. b.	Salepgillerin tek köklü, yumrulu, salkımlı veya başak çiçekli olan örnek bitkisi; sahlep (Orchis)
SALGI	a.,biy.	Hücrelerin veya vücuttaki bezlerin kandan ayırıp oluşturdukları ve yeniden kana, başka organa veya dışarıya saldıkları sıvı madde; ifraz
SALIK	a.	► tavsiye
SALİK	sf.	Bir yola giren, bir yolda giden
SALİM	sf.	Sakin, huzurlu olan
SALİP	a.,esk.,din b.	► haç
SALLI	sf.	Büyük ve geniş, sal gibi yayvan
SALMA	a.	Salmak işi
SALOZ	sf.,argo	► salak
SALPA	sf.	► sarkık
SALSA	a.	Afrika’da doğup Küba’da geliştirilen, alışılan kurallara bağlı olmaksızın sadece müziğin ritmine uyularak doğaçlama biçimde, eşli veya gruplar hâlinde yapılan bir tür dans
SALTA	a.	Köpeğin arka ayakları üzerine ayağa kalkması
SALTO	a.,sp.	Rakibin bedenini kollarıyla birlikte kavrayarak yana veya arkaya savurma, devirerek bastırma biçiminde uygulanan bir güreş oyunu
SALVO	a.,ask.	► yaylım ateşi
SALYA	a.	Ağızdan sızan tükürük
SAMAN	a.	Ekinlerin harmanda dövülüp taneleri ayrıldıktan sonra kalan, hayvanlara yedirilen ufalanmış sapları
SAMBA	a.	Zikzak ve ani yapılan figürleri olan, iki dörtlük ölçü üstüne kurulmuş bir tür Brezilya dansı
SAMSA	a.	Baklavaya benzeyen bir tür hamur tatlısı
SAMUR	a.,hay. b.	Sansargillerden, Kuzey Avrupa'da yaşayan, çok yumuşak ve ince tüyleri olan, postu için avlanan küçük hayvan (Martes zibellina)
SAMUT	sf.,esk.	► suskun
SANAL	sf.	Gerçekte yeri olmayıp zihinde tasarlanan
SANCI	a.	İç organlarda batar veya saplanır gibi hissedilen, nöbetlerle azalıp çoğalan ağrı; buru, buruntu
SANEM	a.,esk.	► put (I)
SANGI	sf.,ağz.	Sersemleşmiş, şaşkınlaşmış olan, sözü kolayca anlamayan
SANIK	a.,huk.	Suçlu olduğu sanılarak mahkemeye sevk edilmiş kimse; maznun
SANIŞ	a.	Sanmak işi; zannediş
SANKİ	zf.	Soru cümlelerinde belirtilen konuya ilgiyi çekmek veya uyarıda bulunmak için kullanılan bir söz
SANLI	sf.	Sanı olan, ünlü
SANMA	a.	Sanmak işi; zannetme, zanneyleme
SANRI	a.,ruh b.	Uyanık bir kişinin, kendi dışında var sandığı ancak gerçekte olmayan olguları algılaması, yaşaması; varsanı, birsam, halüsinasyon
SAPAK	a.	Ana yoldan ayrılan bir yolun başlangıç noktası
SAPAN	a.	Genellikle çocukların kuş vurmak için kullandıkları, iki uçlu çatal biçimindeki dalların uçlarına lastik ve lastiklerin arasına da geniş bir meşin parçası bağlı bulunan araç; kuş lastiği
SAPIK	sf.	Tavır ve davranışları normal olmayan veya geleneklerden, törelerden ayrılan, anormal (kimse)
SAPIŞ	a.	Sapmak işi
SAPKI	a.,ruh b.	Bir görevin ve özellikle bir fizyoloji görevinin ters bir yön alması
SAPLI	sf.	Sapı olan
SAPMA	a.	Sapmak işi; inhiraf
SARAÇ	a.	Koşum ve eyer takımları yapan veya satan kimse
SARAK	a.,mim.	Yapı yüzeylerinde yatay, enli, az çıkıntılı, süslü veya düz silme
SARAT	a.,ağz.	Büyük delikli kalbur
SARAY	a.	Hükümdarların veya devlet başkanlarının oturduğu büyük yapı
SARGI	a.	Esnek bir maddeden yapılmış uzun, dar ve ince şerit
SARIK	a.	Sarılarak meydana getirilen başlık; destar
SARIM	a.	Sarmak işi
SARIŞ	a.	Sarmak işi
SARİG	a.,hay. b.	Amerika’da yaşayan, genellikle yavrularını sırtında taşıyan, bazen de otçul olan bir tür sıçan (Didelphys dorsigera)
SARİH	sf.	► belirgin
SARMA	a.	Sarmak işi
SARPA	a.,hay. b.	İzmaritlerden, boyu 35 santimetre kadar olan bir Akdeniz balığı (Boops salpa)
SATEN	a.	► atlas (I)
SATHİ	sf.,esk.	► yüzeysel
SATIH	a.	► yüzey
SATIM	a.,tic.	► satış
SATIR	a.	Bir sayfa üzerinde yan yana gelen kelimelerden oluşan yazı sıralarından her biri
SATIŞ	a.	Satmak işi; bey (II)
SATİR	a.,ed.	► yergi
SATMA	a.	Satmak işi
SAUNA	a.	Kuru buhar banyosu
SAVAK	a.,ağz.	Suyu başka yöne akıtmak için yapılan düzenek
SAVAN	a.,ağz.	Pamuk ipliğinden yapılan kalınca kilim
SAVAP	sf.	► doğru
SAVAŞ	a.,ask.	Devletlerin diplomatik ilişkilerini keserek giriştikleri silahlı mücadele; harp (I), cenk, cidal, kıtal
SAVAT	a.	Gümüş üstüne çelik kalemle bir desen oyulduktan sonra oyuk yerlere kurşun doldurulmasıyla yapılan süsleme
SAVCA	a.,huk.	► iddianame
SAVCI	a.,huk.	Kamu yararını gözetmek amacıyla devlet adına dava açmaya yetkili olan, mahkemelerde tespit ettiği suç delillerini ortaya koyarak sanıkları kovuşturan görevli; müddeiumumi
SAVIŞ	a.	Savmak işi
SAVLA	a.,den.	Gemilerde bayrakları direğe çekmekte kullanılan ince ip
SAVLO	a.,den.	Sancak çekmekte, işaret kaldırmakta kullanılan bir veya bir buçuk burgata ölçüsündeki ince halat
SAVMA	a.	Savmak işi; def, defetme, defleme, tardetme
SAYAÇ	a.	Hava gazı, elektrik, su vb.nin kullanılan miktarını veya mekanik etkilenmeleri ölçen alet; saat
SAYHA	a.,esk.	Yüksek sesle haykırma
SAYIM	a.	Sayma işi; tadat
SAYIN	sf.	Konuşma ve yazışmalarda saygı belirtisi olarak kişi adlarının önüne getirilen söz
SAYIŞ	a.	Saymak işi
SAYMA	a.	Saymak işi; ad (II), tadat, addetme
SAYRI	sf.,esk.	► hasta
SAZAK	a.,coğ.	Kuvvetli esen rüzgâr
SAZAN	a.,hay. b.	Sazangillerden, Avrupa, Asya ve Amerika'nın tatlı sularında yaşayan, sırt yüzgeci uzun, eti beğenilen kılçıklı bir balık (Cyprinus carpio)
SAZCI	a.,müz.	Saz çalan kimse; sazende
SAZLI	sf.	Saz çalınarak yapılan
SEANS	a.	Bir işin yapılmasına ayrılan çalışma süresi; oturum
SEBAT	a.	Sözünden veya kararlarından dönmeme; direşme
SEBEP	a.	Bir şeyin olmasına veya belli bir hâlde bulunmasına yol açan şey; neden, saik, saika, vesile
SEBİL	a.	Kutsal günlerde karşılık beklemeden hayır için dağıtılan içme suyu
SEBZE	a.	Genellikle pişirilerek yenen bitkiler veya bunların taneleri; göveri, göverti, sebzevat, zerzevat
SECDE	a.,din b.	Genellikle namaz kılarken alnı, el ayalarını, dizleri ve ayak parmaklarını yere değdirerek alınan durum
SEÇAL	a.	Kafeterya, lokanta, büyük mağaza vb. yerlerde yemeği alma, parayı kasaya ödeme gibi bazı hizmetlerin alıcı tarafından yerine getirildiği satış yöntemi
SEÇİM	a.	Seçmek işi
SEÇİŞ	a.	Seçmek işi
SEÇKİ	a.,ed.	Şairlerin, yazarların, bestecilerin eserlerinden alınmış, seçme parçalardan oluşan eser; güldeste, antoloji
SEÇME	a.	Seçmek işi; saylama, ihtiyar (II), intihap, seleksiyon
SEDEF	a.	Midye, istiridye vb. deniz hayvanlarının kabuğunda bulunan sedefçilikte kullanılan, pırıltılı, beyaz, sert bir madde
SEDİR	a.	Arkalıksız, üstü minderli ve yastıklı olabilen, oturmaya veya yatmaya yarayan ev eşyası; divan
SEDYE	a.	Hasta veya yaralı taşımaya yarayan katlanabilir hasta yatağı; teskere
SEFER	a.	► yolculuk
SEFİH	sf.	► uçarı
SEFİL	sf.	Yoksulluk içinde olan
SEFİR	a.,esk.	► elçi
SEGÂH	a.,müz.	Klasik Türk müziğinde si perdesi ve bu perdedeki makam
SEHER	a.	Sabahın güneş doğmadan önceki zamanı veya şafak sökmek üzere olan zaman; seher vakti
SEHİM	a.,esk.	Hisse bedeli
SEHİV	a.,esk.	► yanıltı
SEHPA	a.	Üstüne bir şey koymaya yarayan ayaklı destek; çatkı
SEKEL	a.,tıp	Bir hastalıktan sonra yerleşip kalan işlev veya doku bozukluğu
SEKİL	a.	At, eşek ve sığırların ayaklarında bileğe veya dize kadar çıkan beyazlık; seki (II)
SEKİŞ	a.	Sekmek işi
SEKİZ	a.	Yediden sonra gelen sayının adı
SEKME	a.	Sekmek işi
SEKSİ	sf.,tkz.	Cinsel çekiciliği olan
SEKTE	a.	Olmakta olan bir şeyin birdenbire durarak kesilmesi; durgu
SELAM	a.	Bir kimseyle karşılaşıldığında, birinin yanına gidildiğinde veya yanından uzaklaşıldığında kendisine söz ve işaretle bir nezaket gösterisi yapma; esenleme, merhaba
SELEF	a.	Bir görevde, meslekte kendinden önce bulunan ve yerine geçilen kimse; öncel, halef karşıtı
SELEK	sf.,ağz.	► cömert
SELEN	a.,tiy.	Bir nesnenin hareket etmesinden kaynaklı titreşimlerinden ortaya çıkan ses
SELİM	sf.	Doğru, dürüst, kusursuz
SELİS	sf.,ed.	► akıcı
SELVA	a.,coğ.	Amerika'da Amazon, Afrika'da Nijer ırmakları gibi Ekvator bölgesindeki büyük suların geçtiği havzalarda bulunan geniş ve balta girmemiş ormanlar
SELVİ	a.,bit. b.	► servi
SEMAH	a.	Alevi ve Bektaşilerin cem törenlerinde on iki hizmetten biri olarak, müzik ve nefesler eşliğinde ilahi aşkla kadınlı erkekli dönerek yaptıkları kutsal dans
SEMAİ	a.,müz.	Klasik Türk müziğinde iki basit usulden biri
SEMAN	a.,anat.	Diş köklerini kaplayan sert madde
SEMEN	a.,esk.	► semizlik
SEMER	a.	At, eşek, katır vb. hayvanların sırtına yerleştirilen, üzerine yük bağlanan veya binilen, iskeleti ağaçtan araç
SEMİH	sf.,esk.	► cömert
SEMİZ	sf.	► şişman
SENCE	zf.	Sana göre, senin düşüncene göre
SENEK	a.,ağz.	Çam ağacından yapılmış su testisi
SENET	a.,tic.	Bir kimsenin yapmaya veya ödemeye borçlu olduğu şeyi göstermek için imzaladığı resmî kâğıt; belgit
SENİR	a.,ağz.	İki dağ arasındaki sırt
SENİT	a.,ağz.	► hamur tahtası
SEPEK	a.,ağz.	Değirmen taşının ekseni
SEPET	a.	Saz, kamış, ince dal veya tellerden hasır biçiminde örülerek yapılan, genellikle sapı olan, yiyecek ve eşya taşımak için kullanılan kap
SEPYA	a.	Mürekkep balığından alınan koyu siyah boya
SERAK	a.,coğ.	Buzullar üzerindeki derin ve enlemesine çatlaklar
SERAP	a.	Atmosferde ışık ışınlarının kırılmasından doğan ve çöllerde kolaylıkla gözlemi yapılabilen göz yanılması, uzaktaki bir cisme bakarken sanki bir su yüzeyinden yansıyormuş gibi cisimle birlikte ters görüntünün oluşumu; ılgım, yalgın, pusarık
SEREN	a.,den.	Yelkenli gemilerde üzerine dört köşe yelken açmak ve işaret kaldırmak için direğe yatay olarak bağlanan gönder
SERGİ	a.	Alıcının görmesi, seçmesi için dizilmiş şeylerin tümü ve bu nesnelerin serildiği yer
SERİM	a.	Sermek işi
SERİN	sf.	Az soğuk, ılık ile soğuk arası
SERİŞ	a.	Sermek işi
SERME	a.	Sermek işi
SERUM	a.,tıp	Pıhtılaşma sonunda kandan ayrılan sıvı bölüm
SERVİ	a.,bit. b.	Servigillerden, Akdeniz Bölgesi'nde çok yetişen, kışın yapraklarını dökmeyen, 25 metre boyunda, ince, uzun, piramit biçiminde, çok koyu yeşil yapraklı bir ağaç; andız, selvi, servi ağacı (Cupressus sempenvirens)
SESÇİ	a.	Radyoda, televizyonda ses kaydı yapan ve yayın sırasında ses düzenini ayarlayan teknik görevli
SESLİ	sf.	Sesi olan, ses çıkaran
SETER	a.,hay. b.	Uzun tüylü İngiliz av köpeği
SETİK	a.,ağz.	İnce bulgur
SETİR	a.,esk.	Bir şeyi örtme, gizleme
SETRE	a.,esk.	Düz yakalı, önü ilikli bir ceket türü
SEVAP	a.	Hayırlı bir davranış karşısında Tanrı tarafından verileceğine inanılan ödül; ecir
SEVDA	a.	Güçlü sevgi, güçlü aşk
SEVER	sf.	Seven (kimse)
SEVİM	a.	Sevmek işi
SEVİŞ	a.	Sevmek işi
SEVME	a.	Sevmek işi
SEYEK	a.	Zarla oynanan oyunlarda, atılan zarlardan birinin üç, öbürünün bir benekli olan yüzünün üste gelmesi
SEYİR	a.	Gidiş, yürüyüş, ilerleyiş
SEYİS	a.	► at bakıcısı
SEYİT	a.	Hz. Muhammed’in torunu Hz. Hüseyin’in soyundan gelen kimse
SEZGİ	a.	Sezme yeteneği; sezi
SEZİŞ	a.	Sezmek işi; duyuş
SEZME	a.	Sezmek işi; his
SEZON	a.	► mevsim
SICAK	sf.	Yakmayacak derecede ısısı olan, yakmayacak kadar ısı veren, soğuk karşıtı
SIÇAN	a.,hay. b.	Sıçangillerden, fareden iri, zararlı birçok türü bulunan kemirgen, memeli hayvan (Rattus)
SIÇMA	a.	Sıçmak işi
SIFAT	a.	Bir kimsenin görev, ödev, toplumsal veya hukuki bakımdan yeri ve özelliği
SIFIR	a.,mat.	Kendi başına değeri olmayan, ondalık sayı sisteminde sağına geldiği rakamı on kere büyüten işaret (0)
SIĞAÇ	a.,fiz.	► kondansatör
SIĞIN	a.,hay. b.	► alageyik
SIĞIR	a.,hay. b.	Geviş getirenlerden, boynuzlu büyükbaş evcil hayvanların genel adı
SIĞLA	a.,bit. b.	► günlük ağacı
SIĞMA	a.	Sığmak işi
SIHHİ	sf.	Sağlıkla ilgili, sağlığa ait
SIHRİ	sf.,esk.	Evlilik yoluyla meydana gelen (akrabalık)
SIKÇA	zf.	Oldukça sık; sık sık
SIKIM	a.	Sıkmak işi
SIKIT	a.	► komprime
SIKMA	a.	Sıkmak işi
SIMAK	-i,ağz.	Kırmak, bozmak
SINAİ	sf.	Sanayi ile ilgili; endüstriyel
SINAV	a.	Öğrencilerin veya bir işe girmek isteyenlerin bilgi derecesini anlamak için yapılan yoklama; imtihan
SINDI	a.,ağz.	► makas
SINIF	a.	Öğrencilerin yıllık öğrenime göre ayrıldıkları bölümlerden her biri
SINIK	sf.,ağz.	Kırık, çıkık
SINIR	a.	İki komşu devletin topraklarını birbirinden ayıran çizgi; hudut
SINMA	a.	Sınmak işi
SIRAT	a.	► sırat köprüsü
SIRCI	sf.	Sır tutan
SIRIK	a.	Değnekten uzun ve kalınca ağaç
SIRIM	a.	Bazı işlerde sicim yerine kullanılan, ince ve uzun, esnek deri parçası
SIRLI	sf.	Sır sürülmüş, sırı olan
SIRMA	a.	Altın yaldızlı veya yaldızsız ince gümüş tel
SISKA	sf.,esk.	Karın boşluğuna su dolmuş olan
SITMA	a.,tıp	Anofel türü sivrisineğin sokmasıyla insandan insana bulaşan, titreme, ateş ve ter nöbetleriyle kendini gösteren bir hastalık; ısıtma, malarya
SIVAT	a.	► suvat
SIVIK	sf.	Yumuşak kıvamlı, suyu fazla
SIYGA	a.,esk.,db.	Kip
SIYGI	a.	► hacim
SIZAK	a.,ağz.	Dağ sırtlarında, taş aralarından sızan su, küçük pınar
SIZIŞ	a.	Sızmak işi
SIZMA	a.	Sızmak işi
SİBER	a.,bl.	Genel ağa ait olan
SİBOP	a.	► supap
SİCİL	a.	Resmî belgelerin kaydedildiği kütük
SİCİM	a.	Keten, kenevir vb. bitkilerin liflerinden yapılan, kaba şeyleri dikmeye, bağlamaya yarayan ince ip
SİDİK	a.	► idrar
SİFİN	a.,bit. b.	Sarıağı
SİFON	a.	Bir sıvıyı bir kaptan başka bir kaba aktarmaya yarayan, değişik uzunlukta iki kolu olan bükülmüş boru
SİGAR	a.	► yaprak sigarası
SİĞİL	a.	Deride, özellikle ellerde oluşan zararsız, pürtüklü küçük ur; tavukgötü
SİHİR	a.	► büyü
SİKKE	a.	► madenî para
SİKME	a.	Sikmek işi
SİLAH	a.	Savunmak veya saldırmak amacıyla kullanılan araç; yarak, cebe
SİLAJ	a.	Taze bitkilerin kıyılmış biçiminin bir siloda sıkıştırılarak korumaya ve saklamaya alınması yöntemi
SİLGİ	a.	Kalem veya daktiloyla yazılmış, çizilmiş şeyleri silmeye yarayan, birleşiminde kauçuk olan nesne
SİLİK	sf.	Üstündeki yazı veya çizgiler silinmiş, bozulmuş, aşınmış olan
SİLİS	a.,kim.	Kum, çakmak taşı, kuvars vb. silisyumun oksijenli birleşimleri
SİLİŞ	a.	Silmek işi
SİLKİ	a.	Uykuda sıçrama
SİLLE	a.	Elin iç yüzüyle vurulan tokat
SİLME	a.	Silmek işi
SİMGE	a.	Duyularla ifade edilemeyen bir şeyi belirten somut nesne veya işaret; alem, remiz, rumuz, timsal, sembol
SİMİT	a.	Halka biçiminde, genellikle üzerine susam serpilmiş çörek
SİMYA	a.	► alşimi
SİNEK	a.,hay. b.	Çift kanatlılardan, birtakım uçucu böceklerin genel adı; cibin
SİNİK	sf.	Sinmiş, yılmış, pusmuş
SİNİR	a.,anat.	Duyu ve hareket uyarılarını beyinden organlara, organlardan beyne ileten beyazımsı teller ve bu tellerin oluşturduğu demet; asap
SİNİŞ	a.	Sinmek işi
SİNLE	a.,esk.	► mezarlık
SİNME	a.	Sinmek işi; pısma
SİNSİ	sf.	Gizli ve kurnazca kötülük yapan
SİNÜS	a.,anat.	Organların veya dokuların arasında bulunan boşluklar
SİPER	a.	Korunulacak, arkasına, altına veya içine girerek saklanılacak yer
SİPSİ	a.,ağz.	Ağaç dallarından yapılan düdük
SİREN	a.	İtfaiye, cankurtaran ve polis araçlarında bulunan, tiz ses çıkaran uyarıcı alet
SİRET	a.	Bir kimsenin ahlakı, hayat tarzı, dışa yansıyan davranışı, kişiliği, seciyesi, karakteri, suret karşıtı
SİRKE	a.	Bit, tahtakurusu vb. asalak böceklerin yumurtası; bit sirkesi
SİRMO	a.,bit. b.	Doğu Anadolu'da yetişen bir tür yabani sarımsak (Allium atrovilaceum, Allium vineale)
SİROZ	a.,tıp	Karaciğerin büyümesi veya işlevlerinin körelmesi ile ortaya çıkan bir hastalık
SİRTO	a.,müz.	Türk müziğinde genellikle neşeli ve hareketli nağmeler içeren bir tür oyun havası
SİSLİ	sf.	Üzerine sis inmiş olan, sislenmiş
SİTEM	a.	Bir kimseye, yaptığı bir hareketin veya söylediği sözün üzüntü, alınganlık, kırgınlık vb. duygular uyandırdığını öfkelenmeden belirtme
SİTİL	a.,ağz.	Bakırdan yapılmış, kulplu, büyük bakraç veya kova; çitil
SİVİL	sf.	Askerî olmayan
SİVRİ	sf.	Ucu keskin ve batıcı olan
SİYAH	a.	► kara (II), ak, beyaz karşıtı
SİYAK	a.,esk.	Sözün gelişi, anlatım biçimi
SİYEK	a.,anat.	Sidik torbasından başlayarak dışarıya kadar uzanan sidik yolunun son bölümü; üretra
SİYER	a.	Hz. Muhammed’in hayatını inceleyen bilim
SİYME	a.	Siymek işi
SİZCE	zf.	Size göre, sizin düşüncenizce
SKALA	a.	Genellikle ölçü aletlerinde gösterge çizelgesi
SKİNK	a.,hay. b.	Skinkgillerden, çöllerde, kurak bölgelerde yaşayan bir tür sürüngen (Scincus)
SLASH	a.	bk. eğik çizgi
SLAYT	a.	Üzerindeki resim ve şekilleri beyaz bir zemin üzerine yansıtmak amacıyla tepegöze konan şeffaf, ışığı geçiren kâğıt veya madde
SOFRA	a.	Masa, sini vb. şeylerin, yemek yemek üzere hazırlanmış durumu
SOFTA	a.,esk.	Medrese öğrencisi
SOĞAN	a.,bit. b.	Zambakgillerden, yumrusu ve yeşil yaprakları salata ve yemeklere tat vermek için kullanılan, acımsı, keskin kokulu bir bitki (Allium cepa)
SOĞUK	sf.	Isısı düşük olan, sıcak karşıtı
SOKAK	a.	İl, ilçe vb. yerleşim bölgelerinde, iki yanında evler bulunan, caddeye oranla daha dar veya kısa olabilen yol
SOKET	a.	► soket çorap
SOKMA	a.	Sokmak işi
SOKRA	a.,den.	Güverte döşemelerinde iki ağacın uç uca gelmesiyle oluşan aralık
SOKUM	a.,ağz.	► lokma
SOKUR	a.,esk.,hay. b.	► köstebek
SOKUŞ	a.	Sokmak işi
SOLAK	a.	Genellikle sol elini kullanan kimse
SOLCU	sf.	Sol görüşlü partilerin yandaşı olan (kimse)
SOLMA	a.	Solmak işi
SOLOZ	a.	Bir tür iskambil oyunu
SOLUK	a.	Akciğerlere çekilen, akciğerlerden atılan hava; dem (I), nefes (I)
SOLUŞ	a.	Solmak işi
SOMAK	a.,ağz.	Hayvanlarda yüzün çıkıntılı ve az çok sivri olan ön bölümü
SOMON	a.,hay. b.	► somon balığı
SOMUN	a.	Yuvarlak, altı düz, üstü kabarık ekmek
SOMUT	sf.	Varlığı duyularla algılanabilen; müşahhas, konkre, soyut karşıtı
SOMYA	a.	Üzerine yatak ve minder konularak hem oturmaya hem yatmaya yarayan, genellikle yaylı olan, demir vb. malzemeden yapılmış yatak altlığı
SONAR	a.	Batmış olan nesnenin, yüzeye yakın balıkların yerini ve durumunu yansılanan ses dalgalarıyla belirleyen sistem
SONAT	a.,müz.	Bir veya iki çalgı için yazılmış, üç veya dört bölümden oluşan müzik eseri
SONDA	a.,tek.	Suyun herhangi bir noktadaki derinliğini ölçmek, dip tabakaların yapısını incelemek için kullanılan araç
SONKİ	sf.	Son olan, en sondaki
SONLU	sf.	Sonu olan; bitimli
SONRA	zf.	Daha ileri bir zamanda; bilahare, önce karşıtı
SONUÇ	a.	Bir olayın doğurduğu başka bir olay veya durum; netice
SORGU	a.	Sormak işi
SORİT	a.,man.	Öncül sayısı ikiden çok olan tasımsal çıkarım
SORMA	a.	Sormak işi
SORTİ	a.,tek.	Elektrik tesisatında lamba veya fiş konacak kolların her biri
SORUM	a.	► sorumluluk
SORUN	a.	Araştırılıp öğrenilmesi, düşünülüp çözümlenmesi, bir sonuca bağlanması gereken durum; sıkıntı, mesele, problem
SORUŞ	a.	Sormak işi
SOSİS	a.	Kıyılmış etin baharatla yoğurulduktan sonra ya tam ya da yarı pişirilerek hayvan bağırsağı içine doldurulmasıyla hazırlanan bir yiyecek türü
SOYKA	a.,ağz.	Ölünün üzerinden çıkan giysi
SOYLU	sf.	Doğuştan veya hükümdar buyruğuyla, bazı ayrıcalıklara sahip olan ve özel ünvanlar taşıyan (kimse); asaletli, asil, asilzade, kerim, aristokrat
SOYMA	a.	Soymak işi
SOYUM	a.	Üst derinin özel işlemlerle soyulması
SOYUŞ	a.	Soymak işi
SOYUT	sf.,fel.	Varlığı duyularla algılanamayan; mücerret, abstre; somut karşıtı
SÖĞÜŞ	a.	Soğuk olarak yenen haşlanmış et
SÖĞÜT	a.,bit. b.	Söğütgillerden, sulak yerlerde yetişen, yaprakları almaşık ve alt yüzleri havla örtülü büyük bir ağaç (Salix)
SÖKEL	sf.,ağz.	► malul
SÖKME	a.	Sökmek işi
SÖKÜK	sf.	Sökülmüş
SÖKÜM	a.	Sökmek işi
SÖKÜN	a.	"Birçok kişi veya şey birbiri ardından gelmek, görünmek" anlamlarına gelen sökün etmek birleşik fiilinde geçer
SÖKÜŞ	a.	Sökmek işi
SÖLOM	a.,anat.	Orta derinin iki tabakası arasında bulunan ve oğulcukta genel vücut boşluğunu oluşturan oyuk
SÖNME	a.	Sönmek işi
SÖNÜK	sf.	Sönmüş olan
SÖNÜM	a.,fiz.	Bir salınım hareketinin genliğinin türlü dirençlerin etkisiyle küçülmesi; itfa
SÖNÜŞ	a.	Sönmek işi
SÖVEN	a.,ağz.	Büyük sopa
SÖVGÜ	a.	► küfür
SÖVME	a.	Sövmek işi; küfretme, küfrediş, küfür, şetim
SÖVÜŞ	a.	Sövmek işi
SÖZCE	zf.	Söz bakımından
SÖZCÜ	a.	Bir kurul, bir topluluk veya kişi adına söz söyleme, onun düşünce ve davranışlarını savunma yetkisi olan kimse
SÖZDE	sf.	Gerçekte öyle olmadığı hâlde, öyleymiş gibi kabul edilen (şey veya kimse)
SÖZEL	sf.	Sözle ilgili, söze dayanan
SÖZLÜ	sf.	Sözle, konuşma biçiminde yapılan; şifahi, oral, yazılı karşıtı
SPAZM	a.,tıp	Özellikle kalp, mide, bağırsak ve kasların elde olmadan kasılması
SPERM	a.,fizy.	► meni
SPREY	a.	Çok ince damlacıklar durumunda püskürtülen sıvı
STANT	a.	► sergilik
START	a.,sp.	343 çıkış, başlama
STATÜ	a.	Bir kimsenin, bir kurum veya bir toplum içindeki durumu
STENO	a.	Söylenen sözleri söylendiği kadar çabuk yazmaya elverişli, kısa ve yalın işaretlerden oluşan yazı yöntemi; stenografi
STENT	a.,tıp	Tıkanmakta olan veya açılmış damara bir daha tıkanmaması için konan araç
STEPS	a.,sp.	► hatalı yürüme
STİLO	a.	► dolma kalem
STREÇ	sf.	► esnek
STRES	a.	► ruhsal gerilim
STUPA	a.	► pagoda
SUARE	a.	► gece gösterimi
SUBAY	a.,ask.	Silahlı kuvvetlerde asteğmenden orgeneral veya oramirale kadar rütbedeki asker
SUBRA	a.	► koltukluk
SUBYE	a.	Ayağın altından geçen, tozluğa veya pantolon paçalarına bağlanan deriden, kumaş vb.nden şerit
SUCUK	a.	Şişirilip kurutulmuş bağırsak içine baharatlı kıyma doldurularak yapılan bir yiyecek türü
SUCUL	sf.	Suyu seven, suya düşkün
SUÇLU	sf.	Suç işlemiş, suçu olan (kimse); mücrim
SUDAK	a.,hay. b.	Levrekgillerden, tatlı sularda yaşayan, eti beyaz ve lezzetli bir balık (Lucioperca fluviatilis)
SUDAN	sf.	Baştan savma, inandırıcı olmaktan uzak olan
SUFLE	a.,tiy.	Sahnedeki oyunculara, izleyicilere duyurmadan unutulmuş bir sözü veya cümleyi hatırlatma
SUKUT	a.,esk.	► düşme
SULAK	sf.	Suyu olan, suyu bol (yer)
SULTA	a.,esk.	► otorite
SULUK	a.	Öğrencilerin okula su götürdükleri kap; matara
SUMAK	a.,bit. b.	Antep fıstığıgillerden, sıcak bölgelerde yetişen, kabuğu hekimlikte, yaprakları dericilikte kullanılan bir ağaç (Rhus coriaria)
SUNAK	a.	Tapınaklarda dinî tören eşliğinde üzerinde kurban kesilen, günlük yakılan taş masa; altar
SUNGU	a.	Bir büyüğe sunulan armağan
SUNMA	a.	Sunmak işi; arz (I), takdim
SUNTA	a.	Doğramacılıkta kereste olarak kullanılan, sıkıştırılmış talaş ve yongadan yapılan tahta; suni tahta
SUNUM	a.	Sunmak işi
SUNUŞ	a.	Sunmak işi
SUOKU	a.,bit. b.	Suokugillerden, bataklık bölgelerde ve su kenarlarında yetişen, kök sapları tazeyken acımtırak olan, kurutulduğunda yenebilen küçük bir bitki (Sagitteria)
SUPAP	a.,tek.	Bir yay yardımıyla gergin tutulan ve yatağın düzlemine dik olarak yaptığı gidip gelme hareketiyle bir akışkanın geçişini ayarlamaya yarayan kapak; sibop
SUPLA	a.	► Amerikan servis
SURAT	a.	► yüz (II)
SURET	a.	Dış görünüş
SUSAK	sf.	Susamış olan, susayan
SUSAM	a.,bit. b.	Susamgillerden, sıcak bölgelerde yetişen küçük bir bitki (Sesamum indicum)
SUSKU	a.	Az konuşma, susma, sükût
SUSMA	a.	Susmak işi
SUSTA	a.	Köpeğin arka ayakları üzerinde durması
SUSUŞ	a.	Susmak işi
SUSUZ	sf.	Suyu olmayan, suyu bulunmayan
SUTAŞ	a.	Bazı giysilerin yaka, kol, cep vb. yerlerini süslemekte kullanılan işlemeli şerit; su (II), suyolu
SUTLU	sf.	Bileşiminde sut bulunan
SUVAT	a.	Hayvan suvaracak yer; sıvat
SUYUK	a.,biy.	Organizmanın kan, lenf vb. sıvı bölümü
SÜBEK	a.,ağz.	Bazı yerlerde beşikteki çocukların bacakları arasına yerleştirilen sidik şişesi veya sidiği bir kaba akıtacak boru
SÜBUT	a.	Gerçekleşme, şüpheye yer bırakmayacak biçimde ortaya çıkma
SÜBYE	a.,hay. b.	► mürekkep balığı
SÜCUT	a.,esk.	Secdeye varma, secde etme
SÜFLİ	sf.	Aşağı, aşağılık, bayağı, adi
SÜĞME	a.	Süğmek işi; süvme
SÜKSE	a.	Dikkat çeken başarı
SÜKÛN	a.	► sükûnet
SÜKÛT	a.	Susma, konuşmama, söz söylememe
SÜLUK	a.,esk.	Bir yola girme, bir yol tutma
SÜLÜK	a.,hay. b.	Sülüklerden, tatlı sularda yaşayan, vücudunda yirmi iki sindirim kesesi olduğu için bir kezde ağırlığının sekiz katı kan emebilen, halk arasında bazı kan hastalıklarının tedavisinde yararlanılan hayvan (Hirudo medicinalis)
SÜLÜN	a.,hay. b.	Sülüngillerden, kuyruğu çok uzun, eti yenilen bir kuş (Phasianus colchicus)
SÜLÜS	sf.	Üçte bir
SÜMEK	a.,ağz.	Eğirilmek için temizlenmiş, taranmış yumak biçiminde yün
SÜMEN	a.	Üzerinde yazı yazmaya, arasında evrak saklamaya yarayan deri kaplı altlık
SÜMÜK	a.	Sümük doku hücrelerinin ve üzerinde bulunan bezlerin, doku yüzünde nemli, akıcı, kaygan bir tabaka oluşturan salgısı
SÜNGÜ	a.,ask.	Tüfek namlusunun ucuna takılan küçük kılıç biçiminde delici silah
SÜNME	a.	Sünmek işi
SÜPER	sf.	Nitelik, nicelik ve derece bakımından üstün olan
SÜRAT	a.	► çabukluk
SÜREÇ	a.	Aralarında birlik olan veya belli bir düzen veya zaman içinde tekrarlanan, ilerleyen, gelişen olay ve hareketler dizisi; vetire, proses
SÜREK	a.	Süren, devam eden zaman
SÜREM	a.	► mevsim
SÜRFE	a.,esk.,hay. b.	► kurtçuk
SÜRGÜ	a.	Kapının kapanması için arkasına yatay olarak yerleştirilen demir veya ağaç kol; tırkaz, sürme (I)
SÜRME	a.	Sürmek işi
SÜRRE	a.,tar.	Osmanlı padişahlarının her yıl Mekke ve Medine'ye gönderdikleri para ve armağanlar
SÜRUR	a.,esk.	► sevinç
SÜRÜM	a.,tic.	Bir ticaret malının satılır olması; revaç
SÜRÜŞ	a.	Sürmek işi
SÜSEN	a.,bit. b.	Süsengillerden, yaprakları kılıç biçiminde, çiçekleri iri ve mor renkli, güzel görünüşlü ve kokulu, çok yıllık bir süs bitkisi; susam (İris germanica)
SÜSLÜ	sf.	Süsü olan, süslenmiş, bezenmiş; bezekli, bezemeli
SÜSME	a.	► boynuzlama
SÜTÇÜ	a.	Süt satan kimse
SÜTLÜ	sf.	İçinde süt bulunan, sütle yapılan
SÜTRE	a.	Perde, örtü
SÜTSÜ	sf.	Sütü andıran, süte benzeyen, süt gibi; sütümsü
SÜTUN	a.,mim.	Herhangi bir maddeden yapılan, zaman zaman üstünde çıkıntılı bir bölüm olan, genellikle bir altlığa, bazen doğrudan doğruya yere dayalı silindir biçiminde düşey destek; direk, üstüvane, kolon (I)
SÜVEN	a.,mdn.	Bozuk ve gevşek arazide veya göçük açmada bağ direklerinin üst ve yanından arazi içine çakılarak sürülen ucu sivri direk veya kama
SÜVME	a.	► süğme
SÜYEK	a.	► cebire
SÜYÜM	a.,ağz.	İğneye geçirilen bir sap iplik
SÜZEK	a.,ağz.	► süzgeç
SÜZGÜ	a.,ağz.	Delikli çanak
SÜZME	a.	Süzmek işi
SÜZÜK	sf.	► süzgün
SÜZÜŞ	a.	Süzmek işi
ŞABAN	a.	Ay takviminin sekizinci ayı, üç ayların ikincisi
ŞABAŞ	a.	Aferin, bravo anlamında takdir ve beğenme sözü
ŞAFAK	a.	Güneş doğmadan az önce beliren aydınlık
ŞAFUL	a.	Bal konulan ufak tekne
ŞAHAP	a.,esk.,gök b.	► akan yıldız
ŞAHIS	a.	► kişi
ŞAHİN	a.,hay. b.	Kartalgillerden, Avrupa ve Asya'nın dağ, orman ve çalılıklarında yaşayan, 50-55 santimetre uzunluğunda yırtıcı bir kuş (Buteo buteo)
ŞAHİT	a.,huk.	► tanık
ŞAHNE	a.,esk.	Anadolu ve İran'da devlet kurmuş halklarda devlet görevlisi
ŞAHSİ	sf.	► kişisel
ŞAİBE	a.	Bir iş, proje vb.nin gerçekleştirilmesi sırasında yanlışlık, yolsuzluk yapıldığı düşüncesi
ŞAİRE	a.,esk.	Kadın şair
ŞAKAK	a.	Göz, alın ve yanak arasında, elmacık kemiğinin üstünde bulunan çukurumsu bölge; duluk
ŞAKIT	a.,hay. b.	► murana
ŞAKUL	a.,esk.,fiz.	► çekül
ŞALAK	a.,ağz.	Büyümemiş karpuz
ŞAMAN	a.	Şamanlıkta büyü yapan, gelecekten haber verdiğine, ruhlarla ilişki kurarak hastalıkları iyileştirdiğine inanılan kimse; bakşı, kam
ŞAMAR	a.	Açık elle yüze vurulan tokat; beşkardeş
ŞAMİL	sf.	İçine alan, kaplayan, kapsayan
ŞANLI	sf.	► ünlü
ŞAPÇI	a.	Şap yapan veya satan kimse
ŞAPEL	a.	Küçük kilise
ŞAPKA	a.	Keçe, hasır, kumaş, ip vb. ile yapılan başlık; kapela
ŞAPLI	sf.	İçinde şap bulunan
ŞARAP	a.	Üzüm veya başka meyve sularını türlü yöntemlerle mayalandırarak elde edilen alkollü içki; bade, çakır (II), mey (I), mül
ŞARKI	a.,müz.	Tonlama değişiklikleriyle çeşitli duygular uyandıran uyumlu, ezgili insan sesleri dizisi; şanson
ŞARKİ	a.,esk.	► Doğu
ŞARPİ	a.,den.	Altı düz, üçgen biçiminde tek direkli, iki yelkenli, iki kişilik tekne
ŞARYO	a.	Bir aletin veya aracın hareketli parçası
ŞAŞAA	a.,esk.	► görkem
ŞAŞMA	a.	Şaşmak işi; taaccüp
ŞATIR	sf.,esk.	Neşeli, keyifli, şen olan
ŞAVUL	a.,ağz.	► çekül
ŞAYAK	a.	Kaba dokunmuş, dayanıklı bir çeşit yün kumaş
ŞAYAN	sf.,esk.	Uygun, yaraşır, değer, layık
ŞAYET	bağ.	► eğer
ŞAYİA	a.	Yayılmış haber, yaygın söylenti; duyultu
ŞAYKA	a.,den.	Türklerin Karadeniz'deki ırmak kıyılarının korunmasında, Rus Kazakların kıyılara saldırmada kullandıkları altı düz, yayvan gemi
ŞEBEK	a.,hay. b.	Genellikle Afrika'nın dağlık bölgelerinde sürüler hâlinde yaşayan, değişik renklerde olan, uzun veya kısa kuyruklu türleri bulunan maymun
ŞEDDE	a.	Arap yazısında, iki kez okunması gereken ünsüzün üstüne konulan işaret
ŞEDİT	sf.,esk.	► şiddetli
ŞEFİK	sf.,esk.	Sevecen, şefkatli, müşfik olan (kimse)
ŞEHİT	a.	Kutsal bir ülkü veya inanç uğrunda ölen kimse
ŞEHLA	sf.	Kusurlu sayılmayacak kadar hafif şaşı (göz)
ŞEKEL	a.	İsrail'in para birimi
ŞEKİL	a.	► biçim (II)
ŞEKLÎ	sf.,esk.	► biçimsel
ŞEKVA	a.,esk.	► şikâyet
ŞELEK	a.,ağz.	Sırtta taşınan yük
ŞELPE	a.,müz.	Mızrap kullanmadan parmak uçlarıyla perdelere vurarak bağlama çalma tekniği
ŞEMSE	a.,esk.	Yazma kitapların cildine, baş sayfalarının üst bölümüne veya kumaşlara, kapı, pencere vb. yerlere işlenen veya çizilen güneş biçiminde süs
ŞEMSÎ	sf.,esk.	Güneşle ilgili
ŞEPİT	a.,ağz.	Hamurdan çok ince açılarak sacda pişirilen ekmek
ŞERAN	zf.	İslam hukuku açısından
ŞEREF	a.	Başkasının, birine gösterdiği saygının dayandığı manevi değer; onur
ŞERHA	a.,esk.	► parça
ŞERİF	sf.,esk.	Kutsal, şerefli
ŞERİK	a.,esk.	► ortak
ŞERİR	a.,esk.	► kötülükçü
ŞERİT	a.	Dar, uzun dokuma veya kumaş parçası
ŞERPA	a.	Ülkeleri önemli zirvelerde temsil eden özel yetkili görevli
ŞETİM	a.,esk.	► sövme
ŞINAV	a.	Yüzüstü yere uzanılıp eller omuz açıklığında yere dayalı bir biçimde, ayak parmakları üzerinde, bel ve dizler bükülmeden dirseklerin yukarı aşağı doğru indirilip kaldırılmasıyla yapılan bir beden hareketi
ŞIPKA	a.,den.	Torpillere karşı ve daha başka işler için gemilerde kullanılan halattan örülmüş ağ
ŞIRAK	a.	Bir nesne başka bir nesneye birdenbire, şiddetle çarptığında çıkan hışırtılı, sert ses
ŞİFON	a.	İpek iplikle dokunmuş ince, şeffaf kumaş
ŞİFRE	a.	Gizli haberleşmeye yarayan işaretlerin tümü; kod
ŞİKÂR	a.,esk.	► av
ŞİLEM	a.	Briçte bir ekibin, en çok bir el vererek yaptığı oyun
ŞİLEP	a.,den.	► yük gemisi
ŞİLİN	a.,esk.	Avusturya'nın para birimi
ŞİLTE	a.	Üstünde oturulan, yatılan, içi yünle, pamukla doldurulmuş döşek
ŞİMAL	a.,esk.,coğ.	► kuzey
ŞİMDİ	zf.	Şu anda, içinde bulunulan zamanda; imdi
ŞİNİK	a.	Tahıl ve bakliyat için kullanılan, sekiz kiloluk ölçek
ŞİRİN	sf.	► sevimli
ŞİŞEK	a.,ağz.	İki yaşındaki koyun
ŞİŞİK	sf.	Kabarık olan
ŞİŞKO	sf.,alay	► şişman
ŞİŞME	a.	Şişmek işi
ŞİTAP	a.,esk.	► acele
ŞOFÖR	a.	► sürücü (I)
ŞOPAR	a.,ağz.	Çingene çocuğu
ŞOSET	a.	► soket çorap
ŞOSON	a.	Kumaş veya ince deriden, çoğunlukla düz topuklu, ayağı bütünüyle saran ayakkabı
ŞOVEN	a.	Şovenizmden yana olan kimse, görüş vb
ŞÖLEN	a.	► ziyafet
ŞÖMİZ	a.	► gömlek
ŞÖYLE	zf.	Şunun gibi, şuna benzer biçimde; şu biçimde, şu şekilde
ŞUARA	a.,esk.	Şairler
ŞUBAT	a.	Yılın ikinci ayı; küçük ay, gücük ay
ŞUNCA	sf.	Şu kadar çok
ŞURUP	a.	► şerbet
ŞÜKÜR	a.	Allah’a duyulan minneti dile getirme
ŞÜMUL	a.,esk.	► kapsam
ŞÜPHE	a.	► kuşku
TAALA	a.	“Allah”, “Tanrı” ve “Hak” kelimelerinden sonra gelen “şanı yüce olsun” anlamında bir söz
TABAN	a.	Ayağın alt yüzü; aya
TABİİ	sf.	► doğal
TÂBİİ	din b.	► tâbiin
TABİP	a.	► hekim
TABİR	a.	Rüya yorumlama
TABLA	a.	Satıcı vb.nin kullandığı tahtadan tepsi
TABLO	a.	Bez, tahta, kâğıt vb. maddeler üzerine yapılmış yağlı boya, sulu boya, pastel veya kara kalem resim; levha
TABUT	a.	Ölünün içine konulduğu sandık biçiminde araç; sal (II), ölü salı, dört kollu, imamkayığı
TABYA	a.,ask.	Bir bölgeyi savunmak için yapılan ve silahlarla güçlendirilen yapı; tabiye
TACİL	a.,esk.	Acele ettirme
TACİR	a.,esk.	► tüccar
TACİZ	a.	Tedirgin etme, rahatsız etme
TAÇLI	sf.	Tacı olan
TADAT	a.,esk.	► sayma
TADIM	a.,biy.	Tatmak için ağza alınan miktar
TADİL	a.,esk.	► değişiklik
TAFRA	a.	Kendisini olduğundan büyük gösterip böbürlenme, yüksekten atma
TAFTA	a.	Bir tür sert, ipekli kumaş
TAHIL	a.	Buğday, arpa, mısır, yulaf, çavdar, pirinç vb. hasat edilen ürünler ile tohumlarının genel adı; hububat
TAHİN	a.	Susam tohumlarının kavrulup öğütülmesiyle yapılan koyu kıvamlı, yağlı yiyecek
TAHİR	a.	► temiz
TAHRA	a.,ağz.	Bir tür eğri budama bıçağı
TAKAT	a.	Vücuttaki iş yapabilme, başarabilme gücü; derman, hâl, mecal
TAKIK	sf.,argo	Kafaya takmış olan
TAKIM	a.	Bir işte veya bir yerde kullanılan eşya ve aletlerin tamamı; ekipman
TAKİM	a.,esk.	Verimsiz duruma getirme, sonuçsuz bırakma, kısırlaştırma
TAKİP	a.	Yetişmek, yakalamak veya bulmak amacıyla birinin arkasından gitme; izleme
TAKKE	a.	İnce kumaştan dikilmiş veya ipten örülmüş, çoğunlukla yarım küre biçiminde başlık
TAKLA	a.	Elleri yere koyduktan sonra ayakları kaldırıp vücudu üstten aşırtarak öne veya arkaya yapılan dönme hareketi; cumbalak
TAKMA	a.	Takmak işi
TAKOZ	a.	Bir eşyanın altına yerinden oynamadan dik durması için yerleştirilen ağaç kama
TAKSA	a.	Pulu yapıştırılmadan veya eksik yapıştırılarak gönderilen mektup için alıcının cezalı olarak ödediği posta ücreti
TAKSİ	a.	Belirli bir ücret karşılığı yolcu taşıyan, taksimetresi olan otomobil
TAKTİ	a.,esk.	Bir şeyi kesme, parçalama
TAKVA	a.,din b.	Allah korkusu ile onun yasakladığı şeylerden, günah ve haram olması ihtimali bulunan şüpheli durumlardan, gereksiz şeylerden korunma; züht
TALAK	a.,esk.,huk.	Evliliğin sona ermesi, erkeğin karısını boşaması
TALAN	a.	► yağma (II)
TALAŞ	a.	Testere ile biçilen veya rende, matkap, törpü vb. araçlarla işlenen bir şeyden dökülen kırıntılar
TALAZ	a.,ağz.	Büyük ve kabarık dalga
TALEP	a.	Bir kimseden bir şeyi yapmasını veya yapmamasını isteme
TALER	a.	15-19. yüzyıllar arasında çeşitli Alman kentlerinde basılmış olan gümüş paraların genel adı
TALİH	a.	► baht
TALİK	a.	Arap alfabesinde geliştirilen, yatık olarak yazılan yazı türlerinden biri
TALİL	a.,esk.	Sebep gösterme
TALİM	a.	► öğretim
TALİP	sf.	İsteyen, talep eden, istekli olan kimse
TAMAH	a.	► açgözlülük
TAMAM		► bütün
TAMİK	a.,esk.	► derinleştirme
TAMİM	a.	► genelge
TAMİR	a.	► onarım
TANEN	a.	Birçok bitkisel maddede bulunan, deri tabaklamada, hekimlikte kullanılan, tadı buruk bir madde
TANGO	a.,müz.	Özel ritimli ağır bir dans
TANIK	a.	Gördüğünü ve bildiğini anlatan, bilgi veren kimse; şahit
TANIM	a.	Bir kavramın niteliklerini eksiksiz olarak belirtme veya açıklama; tarif
TANIŞ	sf.	► tanıdık
TANIT	a.,fel.	Gerekli ve zorunlu sonuca ulaşan bir akıl yürütmenin dayandığı gerçek
TANİN	a.,esk.	► tınlama
TANRI	a.,din b.	► Allah
TAOCU	sf.,fel.,din b.	Taoculuk yanlısı
TAPAN	a.,ağz.	Tarlaya atılan tohumu örtmek için gezdirilen, ağaçtan geniş araç; sürgü
TAPIŞ	a.	Tapmak işi
TAPİR	a.,hay. b.	Tapirgillerden, bir çeşidi Asya ve Afrika'nın tropikal bölgelerinde yaşayan, 2 metre uzunluğunda, kısa hortumlu bir tür hayvan (Tapirus)
TAPMA	a.	Tapmak işi
TAPON	sf.	Niteliği düşük, eski, elde kalmış
TARAF	a.	Ön, arka, sağ, sol, üst, alt vb. yanların her biri; yüz (II), cenah, canip
TARAŞ	a.,ağz.	Tarla, bağ, bahçe vb. yerlerden toplanan üründen artakalanlar
TARAZ	a.	İpek gibi düz ve parlak bir kumaşın üzerinde bulunan tel tel iplik
TARET	a.,ask.	Gemilerde veya kalelerde, topçu mevzilerinde topun makine bölümünü ve topçuları koruyacak biçimde yapılmış zırhlı kule
TARIM	a.	Bitkisel ve hayvansal ürünlerin üretilmesi, kalite ve verimlerinin yükseltilmesi, uygun koşullarda korunması, işlenip değerlendirilmesi ve pazarlanması; ziraat, kültür
TARİF	a.	► tanım
TARİK	a.,esk.	► yol
TARİZ	a.,esk.	► taşlama
TARTI	a.	► ağırlık
TASAR	a.	Bir iş, bir düşünce sırasını, düzeyini gösteren resim, yazı, plan
TASDİ	a.,esk.	Baş ağrıtma, baş ağrısı verme
TASIM	a.,man.	Doğru olarak kabul edilen iki yargıdan üçüncü bir yargı çıkarma temeline dayanan bir uslamlama yolu; kıyas
TASMA	a.	Bazı hayvanların boynuna takılan, bu hayvanları bir yere bağlamaya, çekip götürmeye yarayan kemer biçiminde bağ
TASNİ	a.,esk.	► yapay
TAŞAK	a.,kaba	Üreme için gerekli spermleri üreten ve erkeklik hormonu salgılayan, sağ ve sol olmak üzere iki tane oval şekilli organ; er bezi, torba, yumurta, haya, husye, testis
TAŞÇI	a.	Taş yontan, satan veya taş ocağından taş çıkaran kimse
TAŞIL	a.	► fosil
TAŞIM	a.	Yemeğin taşacak kadar kaynaması
TAŞIT	a.	Otomobil, tren, gemi, uçak gibi taşıma araçlarının ortak adı; araç, nakil aracı, nakil vasıtası, vasıta
TAŞLI	sf.	İçinde taş olan, taş karışmış olan (tahıl, bakliyat vb.)
TAŞMA	a.	Taşmak işi
TAŞRA	a.	Bir ülkenin başkenti veya en önemli şehirleri dışındaki yerlerin hepsi; dışarılık, dışarlık
TAŞSI	sf.	Taşı andıran, taşa benzeyen, taş gibi; taşımsı
TATAR	a.	Rusya Federasyonu’na bağlı Tataristan Özerk Cumhuriyeti’nde ve Kırım’da yaşayan Türk halkı ve bu halkın soyundan olan kimse
TATİL	a.	Kanun gereğince çalışmaya ara verileceği belirtilen süre; dinlence
TATLI	sf.	Şeker tadında olan
TATMA	a.	Tatmak işi
TAVAF	a.,din b.	İslam dininde hac ve umre sırasında Kâbe'nin çevresini yedi kez dönme
TAVCI	a.	Birini kandırarak, yüze gülerek aldatan kimse
TAVIR	a.	► durum
TAVİK	a.,esk.	► geciktirme
TAVİZ	a.	► ödün
TAVLA	a.	At beslenip bakıldığı yer, at ahırı
TAVLI	sf.	Tavlanmış, tavı olan, tav verilmiş
TAVUS	a.,hay. b.	► tavus kuşu
TAYFA	a.,den.	Gemide türlü işlerde çalıştırılan sefer işçisi; uşak
TAYGA	a.,bit. b.	Orman kuşağı, kozalaklı orman bitki örtüsü
TAYIN	a.,ask.	Asker azığı
TAYİN	a.	Ne olduğunu anlama, gösterme, belirtme, kararlaştırma belirleme
TAYİP	a.,esk.	► kınama
TAZİM	a.,esk.	► ululama
TAZİP	a.,esk.	► üzme
TAZİZ	a.,esk.	► ululama
TEALİ	a.,esk.	► yücelme
TEATİ	a.,esk.	Karşılıklı alıp verme
TEBAA	a.,esk.,huk.	► uyruk
TEBER	a.	► ay balta
TECİL	a.	► erteleme
TECİM	a.,esk.	► ticaret
TEDAİ	a.,esk.,ruh b.	► çağrışım
TEDİP	a.,esk.	Uslandırma, yola getirme, terbiye etme
TEĞET	a.,mat.	Bir eğrinin yanından geçen ve ona ancak bir noktada değen doğru; mümas
TEHİR	a.	► erteleme
TEİST	sf.,fel.	► tanrıcı
TEİZM	a.,fel.	► tanrıcılık
TEKÇİ	sf.,fel.	Tekçilik taraflısı olan, tekçilikle ilgisi olan; birci, monist
TEKEL	a.	Bir malın yapımının yalnızca bir kuruluşun elinde bulunduğu durum; inhisar, monopol
TEKER	a.	► tekerlek
TEKİL	a.,db.	► teklik
TEKİN	sf.	Boş, içinde kimse bulunmayan
TEKİR	a.,hay. b.	Barbunyaya (I) benzeyen bir balık (Mullus surmuletus)
TEKİT	a.,esk.	Bir şeyi kuvvetleştirme, sağlamlaştırma; pekitme
TEKKE	a.,tar.	Tarikattan olanların barındıkları, ibadet ve tören yaptıkları yer; dergâh
TEKLİ	a.	Tek yataklı otel odası
TEKME	a.	Ayakla vuruş; tepik, tepme
TEKNE	a.	Türlü işlerde kullanılmak için çoğu ağaçtan veya taştan yapılan, uzun ve geniş kap
TEKST	a.	► metin
TELAŞ	a.	Herhangi bir sebeple acelecilik; telaşe
TELEF	a.	Hayvanı yok etme, öldürme
TELEK	a.,hay. b.	Kuşların gövde, kanat ve kuyruğunda bulunan, çeşitli renklerde kalın eksenli, büyük tüy; yelek
TELEM	a.	Bir metnin doğrudan doğruya gönderilmesini ve alıcı olarak basımevi harfleriyle yazılmasını sağlayan araç
TELES	sf.	Yıpranmış, hırpalanmış bir biçimde telleri, lifleri meydana çıkmış
TELİF	a.,esk.	► uzlaştırma
TELİN	a.,esk.	► lanetleme
TELİS	a.,esk.	Bitkisel tellerden yapılmış, kaba örgülü büyük çuval
TELLİ	sf.	Teli olan
TELSİ	sf.	Çok ince telciklerden oluşan
TELVE	a.	Fincanın dibine çöken kahve tortusu
TEMAS	a.	► dokunma (I)
TEMEK	a.,ağz.	Ahırdaki gübreyi dışarı atmak için kullanılan kapaklı veya kapaksız delik; pencere
TEMİN	a.	Korkusunu giderme, inanç verme
TEMİZ	sf.	Kirli, lekeli, pis, bulaşık olmayan; arı (I), pak, sili (II), tahir, hijyen, hijyenik
TEMPO	a.,müz.	Bir müzik parçasındaki bölümlerin hızı
TENGE	a.	Kazakistan'ın para birimi
TENHA	sf.	► ıssız
TENOR	a.,müz.	En tiz erkek sesi
TENTE	a.	Genellikle güneşten korunmak için bir yerin üzerine gerilen bez, naylon vb.nden yapılmış örtü
TENYA	a.,hay. b.	Şeritgillerden, vücudu yassı, birbirine kenetlenmiş boğumları bulunan ve bazısı metrelerce boyda olan bir bağırsak asalağı; şerit, sığır tenyası, sığır şeridi, abdestbozan
TEORİ	a.	► kuram
TEPİK	a.,ağz.	► tekme
TEPİR	a.,ağz.	Tahılı saman ve kavuzlardan ayırmaya yarayan, kıldan veya kamıştan yapılmış elek
TEPİŞ	a.	Tepmek işi
TEPKE	a.,ruh b.,biy.	► refleks
TEPKİ	a.	Bir cismin kendini iten veya sıkıştıran başka bir cisme gösterdiği karşı etki; reaksiyon
TEPME	a.	Tepmek işi
TEPSİ	a.	Fincan, tabak, bardak vb. şeyleri taşımaya yarayan, derinliği olmayan, türlü büyüklükte düz kap
TERAS	a.	Apartmanlarda veya evlerde en üst katın üç tarafı ve üstü açık olan bölümü; ayazlık, taraça
TERBİ	a.,esk.	► dördün
TEREK	a.,esk.	Evlerin veya dükkânların yüksekçe yerinde bulunan raf
TERES	a.,kaba	► pezevenk
TERFİ	a.	Derecesini, makamını, rütbesini derece olarak arttırma; yükselme
TERİM	a.	Bir bilim, sanat, meslek dalıyla veya bir konu ile ilgili özel ve belirli bir kavramı karşılayan kelime; ıstılah
TERKİ	a.	Eyerin arka bölümü
TERLİ	sf.	Terlemiş olan
TERME	a.,ağz.	Bir tür yaban turpu
TERÖR	a.	Karşı tarafa korku salma, cana kıyma, malı yakıp yıkma; yıldırı, tedhiş
TESİR	a.	► etki
TESİS	a.	Yapma, kurma, temelini atma
TESİT	a.,esk.	► kutlama
TESRİ	a.,esk.	Bir işi çabuklaştırma, hızlandırma
TESTİ	a.	Toprak, cam, metal vb. maddelerden yapılan, geniş gövdeli, dar boğazlı, emzikli veya emziksiz su kabı
TEŞCİ	a.,esk.	► cesaretlendirme
TEŞNE	sf.,esk.	Susamış
TEŞRİ	a.,esk.	► yasama
TEŞYİ	a.,esk.	► uğurlama
TETİK	a.	Ateşli silahlarda ateşlemeyi sağlamak için çekilen küçük parça
TETİR	a.,ağz.	Cevizin yeşil kabuğu
TEVDİ	a.,esk.	Emanet etme
TEVEK	a.,ağz.	Asma, kavun, karpuz vb. bitkilerin sürgünü veya dalı
TEVİL	a.,esk.	► çevri
TEVKİ	a.,esk.	Padişah fermanlarına çekilen tuğra
TEVSİ	a.,esk.	► genişletme
TEVZİ	a.,esk.	► dağıtma
TEYEL	a.	Seyrek ve eğreti dikiş; ilinti
TEYİT	a.	► doğrulama
TEZAT	a.	► karşıtlık
TEZCE	zf.	► çabucak
TEZEK	a.	Yakıt olarak kullanılan kurutulmuş sığır dışkısı
TEZLİ	sf.	Tezi olan, bir iddia ileri süren
TIBBİ	sf.	Tıpla ilgili, hekimlikle ilgili
TIFIL	a.	Küçük çocuk
TIKAÇ	a.	Herhangi bir şeyin delik veya ağzını tıkamaya yarayan nesne
TIKIM	a.	Ağzın alabileceği büyüklükte lokma
TIKIR	a.	Tıkırdayan, birbirine vuran, çarpan şeylerin çıkardığı ses
TIKIZ	sf.	► tıknaz
TIKMA	a.	Tıkmak işi
TIMAR	a.	Binek hayvanlarının kıllarını, derisini temizleme
TINAZ	a.	► yığın
TINMA	a.	Tınmak durumu
TIPKI	a.	► aynı
TIRAK	a.	Kırılan kuru bir şeyin çıkardığı ses
TIRAŞ	a.	Saç veya sakalı kesme işi; yülüme
TIRCI	sf.	Tır kullanarak taşımacılık yapan (kimse)
TIRIK	a.	Bir nesnenin art arda iki yere çarpmasından çıkan ince ve kuru ses
TIRIL	sf.,tkz.	Çıplak ve zayıf
TIRIS	a.	Atın kısa adımlarla hızlı yürüyüşü
TİFÜS	a.,tıp	Bitle geçen, ortalama on beş gün süren, vücutta pembe lekelerle beliren, ateşli ve tehlikeli bir hastalık; lekeli humma
TİKEL	sf.	► kısmi
TİLKİ	a.,hay. b.	Köpekgillerden, uzunluğu 90, kuyruğu 30 santimetre kadar, ırklarına göre çeşitli renklerde olan, ağız ve burnu uzun ve sivri, kümes hayvanlarına zarar veren, kürkü beğenilen bir tür memeli (Vulpes)
TİMÜS	a.,anat.	Göğüs kemiği arkasında bulunan iç salgı bezi; özden
TİNER	a.,kim.	► inceltici
TİPİK	sf.	Bir kimseyi veya nesneyi niteleyen; karakteristik
TİRAJ	a.	► baskı sayısı
TİRAT	a.,tiy.	Bir tiyatro oyununda oyuncuların bir defada söylediği parça
TİRİT	a.	Et suyuna kızartılmış veya bayat ekmek konularak yapılan yemek
TİRİZ	a.	Giysilerin yırtmacına ve eteğine eklenen ensiz kumaş parçası
TİRLE	a.	Meme başı üzerine yerleştirilip sütün alınmasına yarayan araç
TİRSİ	a.,hay. b.	Hamsigillerden, yumurtalarını tatlı sulara bırakan bir tür balık (Alosa alosa)
TİRŞE	a.	Yeşil ile mavi arası renk
TİTAN	a.,kim.	Atom numarası 22, atom ağırlığı 47,90, yoğunluğu 4,5 olan, 1675 °C'ye doğru eriyen, özellikleri bakımından silisyumla kalaya yaklaşan, parlak beyaz renkli, basit element (simgesi Ti)
TİTİZ	sf.	Çok dikkat ve özenle davranan veya böyle davranılmasını isteyen (kimse), memnun edilmesi güç; müşkülpesent
TOHUM	a.,bit. b.	Bitkilerde döllenme sonunda yumurtacıktan oluşan ve yeni bir bitki oluşmasını sağlayan tane; ekecek
TOKAÇ	a.	Çamaşır yıkarken kullanılan, tahtadan, yassı tokmak
TOKAT	a.	El içi ile vuruş
TOKLU	a.,hay. b.	Bir yıllık kuzu
TOKUZ	sf.	Sık ve kalınca, tok (kumaş)
TOKYO	a.	Genellikle plastikten yapılmış bir terlik türü
TOLGA	a.	► miğfer
TOMAK	a.	Ağaçtan yapılmış top
TOMAR	a.	Dürülerek boru biçimi verilmiş deriler veya kâğıtlar
TONAJ	a.	Bir taşıtın alabildiği ton miktarı
TONER	a.	Bilgisayar yazıcısı veya fotokopi makinesinde kullanılan toz durumundaki mürekkep
TONGA	a.,argo	Hile, düzen, tuzak
TONİK	a.,tıp	Organları uyaran ve güçlendiren ilaç
TONLA	sf.	► tonlarca
TONLU	sf.,db.	Akciğerlerden gelen havanın ses tellerini titreştirmesiyle boğumlanan (ses); yumuşak, sedalı, ötümlü, titreşimli
TONOZ	a.,mim.	Tuğla ve harçla örülmüş, alttan obruk, yarım silindir biçiminde tavan örtüsü
TOPAK	a.	Yuvarlak biçimde olan nesne; toparlak
TOPAL	sf.	Bacak veya ayağındaki sakatlık sebebiyle seker gibi veya iki adımda bir, bir yana eğilerek yürüyen (insan veya hayvan)
TOPAZ	a.,min.	Alüminyum silikatı ve florinden oluşan, kahverengi veya soluk sarı renkte değerli taş
TOPÇU	a.,ask.	Topların kullanılışı, bakımı üzerine yetiştirilen asker sınıfı
TOPİK	a.	Tahin, nohut, patates ve soğanla yapılan meze
TOPLA	a.	Üç parmaklı dirgen
TOPLU	sf.	Topu olan
TOPUK	a.,anat.	İnsan ayağının toparlakça olan alt arka bölümü
TOPUR	a.,ağz.	Kestanenin dikenli olan dış kabuğu
TOPUT	a.,kim.	► çökelti
TOPUZ	a.	Ucu top biçiminde eski bir silah
TORAK	a.	Kömürleştirilecek ağaç veya pişirilecek tuğlalarla dolu olan ve dışı çamur ile sıvanan kümbet
TORBA	a.	Genellikle pamuk ve kıldan dokunmuş, türlü boy ve biçimde, ağzı büzülüp bağlanabilen araç
TORİK	a.,hay. b.	İri palamut balığı (Palemye sarda)
TORNA	a.	Ağaç veya metal eşyaya yuvarlak bir biçim vermek için kullanılan çarklı tezgâh
TORTU	a.,kim.	► çökelti
TORUM	a.,ağz.	Deve yavrusu
TOSUN	a.	Danalıktan yeni çıkmış genç boğa
TOTAL	sf.	► bütünsel
TOTEM	a.	İlkel toplumlarda topluluğun ondan türediği sanılan ve kutsal sayılan hayvan, ağaç, rüzgâr vb. herhangi bir doğal nesne; ongun(II)
TOYCA	zf.	► acemice
TOYCU	a.	► düğüncü
TOYGA	a.	► toyga çorbası
TOZAN	a.	İncecik toz tanesi
TOZLU	sf.	Toza bulanmış veya tozu olan
TOZMA	a.	Tozmak işi; tozuma
TÖREL	sf.	Töreye uygun; töreli, töresel
TÖREN	a.	Bir toplulukta, üyelerin belli bir olayı, kişiyi veya değeri ayırt edip sembolleştirmesi, bunların anlam ve öneminin güçlendirilmesi amaçlarıyla düzenlenen hareket dizisi; merasim
TÖRPÜ	a.	Ağaç, kurşun, kalay vb. yumuşak metallerin kabasını almaya yarayan, dişleri uzun ve aralıklı olan eğe
TÖVBE	a.	İşlediği bir günah veya suçtan pişman olarak bir daha yapmamaya karar verme
TÖZEL	sf.	Tözle ilgili
TRAFO	a.,fiz.	► dönüştürücü
TRAKE	a.,anat.	► soluk borusu
TRANS	a.,ruh b.	Medyumların ruhla ilişki kurdukları zaman girdikleri özel hipnoz durumu
TRANŞ	a.	İnek veya dana budunun orta bölümü
TRATA	a.,den.	Torbalı balık ağı
TREND	a.	343 eğilim
TRİKO	a.	Örülerek dokunan bir cins yün kumaş
TROMP	a.,mim.	Binanın bir bölümünü tutmaya yarayan köşe kubbesi
TRÖST	a.,ekon.	Aynı alanda iş yapan çeşitli ortaklıkların hisse senetlerinin, bir denetim teşkilatına teslim edilmesi ve yönetimin bir teşkilatı yöneten gruba aktarılmasıyla oluşan, tekelci sermayedarlığa dayanan ortaklıklar birliği
TUFAN	a.	Nuh Peygamber zamanında yağan ve bütün dünyayı su altında bırakan şiddetli yağmur
TUGAY	a.,ask.	Alayla tümen arasındaki askerî birlik; liva
TUĞCU	a.,tar.	Osmanlı döneminde savaşlarda padişahın tuğlarını taşıyan kimse
TUĞLU	sf.	Tuğu olan
TUĞRA	a.,tar.	Osmanlı padişahlarının imza yerine kullandıkları, özel bir biçimi olan sembolleşmiş işaret; tura
TUHAF	sf.	► acayip
TULUK	a.,ağz.	► tulum
TULUM	a.	Bazı yiyecek ve içecekler için koruyucu kap olarak kullanılan, önü yarılmadan bütün olarak yüzülmüş hayvan derisi; tuluk
TULUP	a.,ağz.	Atılmış, eğrilmeye hazırlanmış, top biçiminde yün veya pamuk
TUMAN	a.,ağz.	Don, şalvar
TUMBA	a.,den.	Altüst etme
TUNİK	a.	Pantolon veya etek üzerine giyilen, dizlere kadar inen üst giysisi
TURAÇ	a.,hay. b.	Sülüngillerden, uzunluğu 34 santimetre olan, soyu azalmış bir tür kuş (Tetrao francolinus)
TURBA	a.	Az çok kömürleşmiş bitkilerden oluşan yakıt
TURBO	sf.	Havayı veya havaya katılmış bir karışımı, düzenli ve amaca uygun olarak üfleyen
TURFA	sf.,esk.	► nadir
TURNA	a.,hay. b.	Turnagillerden, Avrupa ve Kuzey Afrika'da toplu olarak yaşayan, göçebe, iri bir kuş (Grus grus)
TURNE	a.	Bulunduğu yerden başka yerlere gösteri yapmak amacıyla giden tiyatro veya müzik sanatçılarının gezisi
TURNO	a.,den.	Tek dilli, bir tekerlekli makara
TURTA	a.	Üzeri yufka kaplı, meyveli veya kakaolu bir pasta türü
TUŞLU	sf.	Tuşu olan
TUTAÇ	a.	Laboratuvar maşası
TUTAK	a.	Bir şeyin tutulacak yeri
TUTAM	sf.	Avuç içi veya parmak uçlarıyla tutulabilen miktarda olan; kavram
TUTAR	a.	Nicelik bakımından bir şeyin bütünü
TUTKU	a.	İrade ve yargıları aşan güçlü bir coşku; ihtiras
TUTMA	a.	Tutmak işi
TUTUK	sf.	Akıcı, rahat konuşamayan
TUTUM	a.	Tutulan yol, tavır
TUTUŞ	a.	Tutmak işi
TUTYA	a.,esk.,kim.	► çinko (I)
TUVAL	a.	Üzerine resim yapılan, gerdirilmiş keten, kenevir veya pamuklu kaba kumaş
TUYUĞ	a.,ed.	Mâni biçiminde, aruzun "failatün failatün failün" kalıbıyla yazılmış, dört mısralı bir nazım türü
TUZAK	a.	Kuş veya yaban hayvanlarını yakalamaya yarayan araç veya düzenek; ağ (I), fak, komplo
TUZCU	a.	Tuz satan kimse
TUZLA	a.	Kıyılarda, tava denilen havuzlara deniz veya göl suyu akıtıldıktan sonra kurutularak tuz çıkarılan yer; memleha
TUZLU	sf.	Tuzu olan
TUZSU	sf.	Tuzu andıran, tuza benzeyen, tuz gibi; tuzumsu
TÜFEK	a.	Savaş veya avda kullanılan, uzun namlulu ateşli silah; delikli demir
TÜLEK	sf.,ağz.	Tüyleri değişmiş (kuş veya kümes hayvanı)
TÜMCE	a.,db.	► cümle
TÜMEL	sf.,fel.,man.	Belli bir sınıfa bağlı bireylerin hepsini içine alan; külli
TÜMEN	a.,ask.	Tugayla kolordu arasında yer alan birlik; fırka
TÜMEY	a.,mat.	► tümler açı
TÜMÖR	a.,tıp	► ur
TÜMÜR	a.,anat.	Bağırsakların iç yüzeylerinde bulunan pürtüklerin adı
TÜNEK	a.	Kuşlar ve kümes hayvanlarının üzerinde tünedikleri dal veya sırık
TÜNEL	a.	Motorlu taşıt, metro, demir yolu ulaşımı, su taşıma vb. farklı amaçlara yönelik olarak yer altında, genellikle dağların içinde açılan yol
TÜNME	a.	Tünmek işi
TÜPÇÜ	a.	Tüp gaz satan veya dağıtan kimse
TÜPLÜ	sf.	Tüpü olan
TÜRAP	a.,esk.	► toprak
TÜRBE	a.	Genellikle ünlü bir kimse için yaptırılan ve içinde o kimsenin mezarı bulunan yapı
TÜREL	sf.	Adalet ile ilgili olan
TÜREM	a.	Türemek işi
TÜREV	a.	Türemiş veya üretilmiş şey
TÜRKİ	sf.,esk.	Türk'le ilgili
TÜRKÜ	a.,ed.	Çoklukla dörder mısralı bentlerden oluşan, 11’li hece vezniyle yazılan ve kendine özgü bir besteyle okunan halk edebiyatı nazım birimi
TÜRLÜ	sf.	Birden çok türü bulunan; tür
TÜRÜM	a.	Varlıkların oluşumu
TÜTME	a.	Tütmek işi
TÜTSÜ	a.	Dinî törenlerde, halk hekimliğinde veya çevrenin güzel kokmasını sağlamak amacıyla yakılan kokulu madde; buhur
TÜTÜN	a.,bit. b.	Patlıcangillerden, birleşiminde nikotin bulunan otsu bir bitki (Nicotiana tabacum)
TÜVAN	a.,esk.	► kuvvet
TÜVİT	a.	Taranmış yünden yapılan, çoğu iki renkte, spor giyecekler yapımında kullanılan kumaş türü
TÜYLÜ	sf.	Tüyü olan
TÜYME	a.	Tüymek işi
TÜYSÜ	sf.	Tüye benzeyen
TÜZEL	sf.,huk.	► hukuki
TÜZÜK	a.	Herhangi bir kurumun veya kuruluşun tutacağı yolu ve uygulayacağı hükümleri sırasıyla gösteren maddelerin hepsi; nizamname, statü
TVİST	a.	Özellikle gençler arasında 1960'lı yıllarda yaygınlık kazanan çok hızlı ritmi olan bir dans
UCUBE	sf.	Çok acayip, şaşılacak kadar çirkin olan
UÇARI	sf.	Ele avuca sığmaz, çok haşarı (kimse)
UÇKUN	sf.	Uçmuş, fırlamış
UÇKUR	a.	Şalvar veya iç donunun belde durmasını sağlamak için bele gelecek kısımlara geçirilen bağ
UÇMAK	nsz.	Kuş, kanatlı böcek vb. hareketli kanatları yardımıyla havada düşmeden durmak, havada yol almak
UÇMAN	a.	► pilot
UÇSUZ	sf.	Ucu, sonu olmayan
UÇUCU	sf.	Uçma yeteneği veya özelliği olan; tayyar
UĞRAK	a.	Çok uğranılan yer
UĞRAŞ	a.	Bir insanın yaptığı iş veya meslek; iş güç, meşguliyet
UĞRUN	zf.	► gizlice
UKALA	sf.	Kendini akıllı ve bilgili sanan, bilgiçlik taslayan (kimse); bilecen
UKNUM	a.,esk.,fel.	► esas
ULAMA	a.	► ekleme
ULEMA	a.,esk.	Bilginler
ULUFE	a.,tar.	Osmanlılarda kapıkulu askerlerine, sipahilere, saray ve devlet kuruluşlarındaki bazı görevlilere üç ayda bir verilen ücret
ULUMA	a.	Ulumak işi
UMACI	a.	► öcü
UMMAK	nsz.	Bir şeyin olmasını istemek, ümitle beklemek
UMMAN	a.,esk.,coğ.	► okyanus
UMUMİ	sf.	► genel
UNLUK	a.	Değirmende unun biriktiği yer
UNSUR	a.	► öge
URGAN	a.	Keten, kenevir, pamuk, jüt gibi türlü dokuma maddelerinden yapılan ince halat
USANÇ	a.	Usanma duygusu; melal
USARE	a.,esk.,biy.	► öz su
USKUR	a.	► pervane
USSAL	sf.	► akli
USULİ	sf.	Usulle ilgili olan
UŞKUN	a.,bit. b.	Karabuğdaygillerden, yaprakları yürek biçiminde, kökü dıştan sincabi ve içten sarı renkte olan bir tür ravent (Rheum rhaponticum)
UŞŞAK	a.,müz.	Türk müziğinde ana makamlardan biri
UTANÇ	a.	► utanma
UTMAK	-i,esk.	► yenmek (I)
UYARI	a.	Herhangi bir konu, sorun üzerine ilgi çekme; ikaz, ihtar
UYGAR	sf.	Fikir, sanat ve endüstri alanlarında çok büyük bir gelişme göstermiş olan; medeni
UYGUN	sf.	Yakışır, yaraşır; mutabık, muvafık, reva
UYLUK	a.,anat.	Kalçadan dize kadar olan bacak bölümü
UYMAK	-e	Ölçüleri birbirini tutmak
UYMAZ	sf.	Başka türlü
UYRUK	a.,huk.	Bir devlete vatandaşlık bağıyla bağlı olma durumu; tebaa
UYSAL	sf.	Başkalarına kolayca uyabilen, sözlerini dinleyip karşı gelmeyen; yumuşak başlı, munis
UYUMA	a.	Uyumak durumu
UZAMA	a.	Uzamak işi
UZLET	a.,esk.	Toplum yaşayışından kaçıp tek başına yaşama
UZLUK	a.	İşinin ehli olma durumu; hazakat, ehliyet
UZMAN	sf.	Belli bir işte, belli bir konuda bilgi, görüş ve becerisi çok olan (kimse); mütehassıs, kompetan, spesiyalist
UZZAL	a.	Klasik Türk müziğinde hicaz makamına çok yakın ve dügâh perdesinde karar kılan bir makam
ÜCRET	a.,ekon.	İş gücünün karşılığı olan para veya mal; ecir
ÜÇGEN	a.,geom.	Aynı doğrultuda bulunmayan üç noktanın ikişer ikişer birleştirilmesi ile meydana gelen, üç kenarlı ve üç açılı kapalı yüzey; müselles
ÜÇGÜL	a.,bit. b.	Bir tür yonca
ÜÇKAT	a.	Bir kumaş örgüsünde üç ipliğin bir iplik yerine kullanılması
ÜÇLER	a.	Halkın inançlarına göre bir kutup, iki erenden oluşan üç kişilik ermişler topluluğu
ÜÇLÜK	sf.	Üç tanesi bir arada bulunan, üç tane alabilen, üç taneden oluşmuş
ÜÇTAŞ	a.	Üç taşla oynanan bir tür çocuk oyunu
ÜDEBA	a.,esk.	Edebî eser yazanlar, yazarlar, edipler
ÜFLEÇ	a.	Kaynak yapımında, metalleri kesme ve eritme işlemlerinde kullanılan, alev püskürten araç; hamlaç
ÜĞRÜM	a.,gök b.	Çoğunlukla ayın neden olduğu, yerin dönme ekseninin yaptığı koni hareketindeki dönemsel salınım; nütasyon
ÜLFET	a.,esk.	► alışma
ÜLGER	a.	Şeftali vb.nin üzerinde bulunan ince tüy
ÜLSER	a.	► yara
ÜMERA	a.,esk.	Beyler, amirler
ÜMMET	a.,din b.	Bir peygamberin getirdiklerine inanıp ona tabi olanların oluşturduğu topluluk
ÜMRAN	a.,esk.	► bayındırlık
ÜNDEŞ	a.	Benzer sesle biten söz veya cümle
ÜNİTE	a.	Birlik, birleşmiş olma durumu
ÜNLEM	a.,db.	Sevinç, kıvanç, acı, korku, şaşma vb. duyguları vurgulu olarak anlatan veya seslenme için kullanılan kelime; nida: Ah!, Oh!, Eyvah!; Kardeşim!, Canım! vb
ÜNSÜZ	sf.	Ünü olmayan; şansız, şöhretsiz
ÜNVAN	a.	Bir kimsenin memuriyetindeki rütbesini, makamını veya mevkisini gösteren ad; san, titr
ÜREME	a.	Üremek işi
ÜREMİ	a.,tıp	Ürenin idrarla çıkmayıp kanda birikmesi sonucu ortaya çıkan hastalık
ÜRKEK	sf.	Çok ürken, korkuya çabuk kapılan; ürkekçe
ÜRKME	a.	Ürkmek işi; tevahhuş
ÜRKÜŞ	a.	Ürkmek işi
ÜRÜME	a.	► havlama
ÜRYAN	sf.,esk.	► çıplak
ÜSERA	a.,esk.	Esirler, köleler
ÜSKÜF	a.,tar.	Yüksek aşamadaki yeniçeri subaylarının giydikleri, yarısı arkaya sarkan uzun bir börk
ÜSLUP	a.	► tarz
ÜSTAT	a.	Bilim veya sanat alanlarından herhangi birinde üstün bilgisi ve yeteneği olan kimse
ÜSTEL	sf.,mat.	Üstü olan
ÜSTLÜ	sf.	Belden üst kısmında giysi olan
ÜSTÜN	sf.	Benzerlerine göre daha yüksek bir düzeyde olan, onları geride bırakan
ÜŞENÇ	a.	► üşengeçlik
ÜŞMEK	-e,ağz.	► üşüşmek
ÜŞÜME	a.	Üşümek işi
ÜTMEK	-i,ağz.	Bir şeyi, tüylerini yakmak için alevden geçirmek
ÜTÜCÜ	a.	İşi kumaş, giysi, çamaşır vb. ütülemek olan kimse
ÜTÜLÜ	sf.	Ütülenmiş, ütü ile buruşuklukları giderilmiş
ÜZERE	e.	... amacıyla
ÜZERİ	a.	► üst
ÜZGÜN	sf.	Üzülmüş, üzüntü duymuş; mahzun, melul, meyus
ÜZLÜK	a.,ağz.	Topraktan yapılmış, kulpsuz, küçük çömlek
ÜZMEK	-i	Üzüntü vermek
ÜZÜCÜ	sf.	Üzüntü veren; fena (I)
ÜZÜNÇ	a.	► üzüntü
VACİP	sf.,din b.	İslam dinine göre yapılması gerekli olan
VAGON	a.	Yük ve yolcu taşımakta kullanılan, lokomotifin çektiği demir yolu aracı
VAHİM	sf.	Ağır, korkulu, çok tehlikeli; vahametli
VAHİT	sf.,esk.	► tek (I)
VAHİY	a.,din b.	Bir buyruk veya düşüncenin Tanrı tarafından peygamberlere bildirilmesi
VAHŞİ	sf.	► yabani
VAKAR	a.	► ağırbaşlılık
VAKFE	a.,esk.	► durma
VAKIA	a.	► olgu
VÂKIÂ	zf.	► gerçi
VAKIF	a.	Bir hizmetin gelecekte de yapılması için belli şartlarla ve resmî bir yolla ayrılarak bir topluluk veya bir kimse tarafından bırakılan mülk, para
VÂKIF	sf.	Bilen, farkında olan
VAKİT	a.	► zaman
VAKUM	sf.	Havası alınmış
VAKUR	sf.	► ağırbaşlı
VALİZ	a.	Genellikle yolculukta içine çamaşır vb. eşya konulan küçük el bavulu
VALLA	ünl.,ağz.	► vallahi
VALÖR	a.	► değer
VARAK	a.	Yazılı kâğıt; varaka
VARAN	a.	Bir olayın tek kalmayıp arkadan daha başkalarının gelebileceğini anlatmak için birden başlayarak sıra ile sayıların başına getirilen bir söz
VARDA	ünl.	"Dikkat et, savul, destur" anlamlarında bir seslenme sözü
VARGI	a.,man.	Verilen bir önermeden çıkarsama yoluyla varılan sonuç
VARIŞ	a.	Varmak işi
VARİL	a.	Çoğunlukla sıvı maddeleri koymak için kullanılan, metalden yapılmış, silindir biçiminde, üstü kapalı kap
VARİS	a.,tıp	Toplardamar genişlemesi; ordubozan
VÂRİS	a.	► mirasçı
VARİT	sf.,esk.	Olabileceği akla gelen
VARMA	a.	Varmak işi; vusul
VAROŞ	a.	Kent veya kasabada kenar mahalle
VARTA	a.	Tehlikeli durum
VASAT	sf.	► orta
VASIF	a.	► nitelik
VASIL	sf.	Ulaşan, varan
VAŞAK	a.,hay. b.	Kedigillerden, kulakları sivri, dişleri ve tırnakları keskin, çevik, kürkünden yararlanılan yırtıcı bir hayvan (Lynx lynx)
VATAN	a.	► yurt
VATKA	a.	Giysilerde, omuzların dik durmasını sağlamak amacıyla içine konulan parça
VATOZ	a.	Köpek balıklarından, sırtında büyük dikenleri olan, kuma gömülü olarak yaşayan bir balık (Raja clavata)
VAZIH	sf.,esk.	► açık
VEBAL	a.	Günah doğuracak ve insanı ahiret azabına sürükleyecek olan ağır sorumluluk
VECİH	a.	► yüz (II)
VECİZ	sf.	Kısa ve etkili (ifade, söz); lakonik
VEÇHE	a.,esk.	► yön
VEDİA	a.,esk.	► emanet
VEFAT	a.	► ölüm
VEHİM	a.,esk.	► kuruntu
VEKİL	a.	Birinin, işini görmesi için kendi yerine bıraktığı veya yetki verdiği kimse
VELET	a.,esk.	► çocuk
VELUR	a.	► kadife
VELUT	sf.,esk.	► doğurgan
VERDİ	a.,fiz.	Bir borudan bir saniyede geçen suyun miktarı
VEREM	a.,tıp	Herhangi bir organa ve en çok akciğerlere yerleşen Koch basilinin yol açtığı ateşli ve bulaşıcı bir hastalık; ince ağrı, ince hastalık, tüberküloz
VEREV	sf.	Bir köşeden karşı köşeye doğru kesilmiş, katlanmış veya konulmuş olan
VERGİ	a.	Kamu hizmetlerine harcanmak üzere hükûmetin veya yerel yönetimlerin yasalara göre herkesten doğrudan doğruya veya bazı malların fiyatlarının üstüne koyarak dolaylı yoldan topladığı para
VERİM	a.	Çalıştırılan, işletilen, bakılan bir şeyin verdiği sonuç veya bu sonucun niceliği; mahsul, randıman
VERİŞ	a.	Vermek işi
VERİT	a.,esk.,anat.	► toplardamar
VERME	a.	Vermek işi; lütfetme, lütfeyleme
VEZİN	a.,ed.	► ölçü
VEZİR	a.,tar.	Osmanlılarda devletin bakanlık, valilik gibi yüksek görevlerinde bulunan ve paşa ünvanını taşıyan kimse; hidiv
VEZNE	a.	Banka vb. kurum ve kuruluşlarda para alınıp verilen yer
VICIK	sf.	Sulanarak kıvamı gevşemiş, yumuşamış
VİDEO	a.	Manyetik bantlar üzerinde yer alan veya sayısal olarak derlenmiş hareketli resimler dizisi
VİGLA	a.,den.	Savaş ve ticaret gemilerinin direkleri üzerine ve dalyanlarda dikine gömülmüş gönderler üzerine yapılmış gözetleme yeri; çanaklık
VİLLA	a.	Yazlıkta veya şehir dışında, bahçeli, müstakil ev
VİRAJ	a.	► dönemeç
VİRAL	sf.,tıp	Virüslerle ilgili
VİRAN	sf.	► harap
VİRÜS	a.,tıp	Hastalık yapıcı, bakterilerden daha küçük, yaşamak için bir başka hücrenin içine girmek zorunda olan ve ancak elektron mikroskobunda görülebilen parazit
VİSAL	a.,esk.	► kavuşma
VİSKİ	a.	Mayalanmış tahıl hamurundan damıtılarak elde edilen, alkollü içki
VİTES	a.	Motorlu taşıtların çekiş ve hızını ayarlamaya yarayan dişliler düzeni
VİTİR	a.,din b.	► vitir namazı
VİYAK	a.	Bebeğin ağlarken çıkardığı ses
VİYOL	a.	Satış sırasında yumurtayı korumayı amaçlayan, atık malzemeden yapılmış özel kap
VİZON	a.,hay. b.	Sansargillerden, kürkü çok beğenilen bir tür memeli; mink (Mustela vison)
VİZÖR	a.	Kamera, fotoğraf makinesi ve dürbünde bulunan, görüntüyü tam sınırlarıyla kesmeden veya taşırmadan alabilmeyi sağlayan düzenek; bakaç
VOKAL	sf.	Sesle ilgili
VOLAN	a.	Bir hareketi bir mekanizmaya aktaran veya makinelerde hareketin hızını düzgün tutmaya yarayan tekerlek
VOLTA	a.,den.	Bir halatı bir yere bir kez dolama veya babalara yöntemince sarma
VONOZ	a.,hay. b.	Kolyoz, uskumru, sardalya vb. küçük balıkların ufağı
VOTKA	a.	Tahıl tanelerinin damıtılmasıyla elde edilen alkollü içki
VOYVO	ünl.,argo	Alay ederek sataşmak için söylenen bir söz
VUKUF	a.,esk.,ruh b.	► anlama
VULVA	a.,anat.	► ferç
VURAÇ	a.,sp.	► raket
VURGU	a.,db.	Bir hece veya kelimenin diğer hece veya kelimelerden daha baskılı söylenişi; aksan
VURMA	a.	Vurmak işi; darp
VURUK	sf.	Çarpık, çarpılmış
VURUŞ	a.	Vurmak işi
VUSUL	a.,esk.	► varma
VUZUH	a.,esk.	Açık olma durumu
VÜCUT	a.	İnsan veya hayvanda beden, baş, kol ve bacakların oluşturduğu bütün; eğin, ten
VÜRUT	a.,esk.	► geliş
VÜSAT	a.,esk.	► genişlik
YABAN	a.	İnsan yaşamayan ıssız yer
YABGU	a.,tar.	Orta Asya'da kurulan ilk Türk devletlerinde kağandan sonra gelen en üst düzeydeki yöneticinin ünvanı
YAFTA	a.	Üzerine asıldığı veya yapıştırıldığı şeylerle ilgili bilgi veren yazılı kâğıt parçası
YAĞAR	a.,ağz.	► yağmur
YAĞCI	a.	Yağ çıkaran veya satan kimse
YAĞIR	a.,ağz.	İki kürek kemiğinin arası
YAĞIŞ	a.	Yağmak işi
YAĞIZ	sf.	► esmer
YAĞLI	sf.	Üzerinde veya içinde yağı olan
YAĞMA	a.	Yağmak işi
YAĞSI	sf.	Yağı andıran, yağa benzeyen, yağ gibi; yağımsı
YAHEY	ünl.	Sevinç ve coşma anlatan bir söz
YAHNİ	a.	Kavrulmuş soğan ve salça ile pişirilen, sade veya sebzeli et yemeği
YAHŞİ	sf.,ağz.	Çok iyi
YAHUT	bağ.	► veya
YAKIM	a.	Yakmak işi
YAKIN	sf.	Az bir ara ile ayrılmış olan (zaman veya yer), uzak karşıtı
YAKIŞ	a.	Yakmak işi
YAKİN	a.,esk.	Sağlam, kesin bilgi
YAKMA	a.	Yakmak işi
YAKUT	a.	Rusya Federasyonu’na bağlı Yakutistan Özerk Cumhuriyeti’nde yaşayan Türk halkı bu halkın soyundan olan kimse; Saha
YALAK	a.	Hayvanların su içtikleri taş veya ağaçtan oyma kap
YALAZ	a.,ağz.	► alev (I)
YALIM	a.	► alev (I)
YALIN	a.,ağz.	► alev (I)
YALIZ	sf.	Düz ve parlak (kas)
YALPA	a.,den.	Rüzgâr veya dalgaların etkisiyle geminin bir sancağa, bir iskeleye yatıp kalkması
YALPI	a.,ağz.	► yamaç
YAMAÇ	a.	Dağın veya tepenin herhangi bir yanı; bögür, yalpı
YAMAK	a.	Bir işte yardımcı olarak çalışan erkek; el ulağı
YAMAN	sf.	Güç, etki veya beceri bakımından alışılmışın üzerinde olan (kimse)
YAMÇI	a.	Bir yüzü uzun tüylü, kalın yünden dokunarak yapılmış yağmurluk
YAMUK	sf.	Bir yana doğru eğik olan
YANAK	a.	Yüzün göz, kulak ve burun arasındaki bölümü
YANAL	sf.	Yanda olan, yana düşen
YANAY	a.,mat.	Bir cismin düşey kesiti; profil
YANAZ	sf.,ağz.	Ters, huysuz (kimse)
YANCI	a.	Kahvelerde oynanan oyunları seyreden ve bedavadan yiyip içen kimse
YANGI	a.,tıp	► iltihap
YANIK	sf.	Yanmakta olan
YANIŞ	a.	Yanmak işi
YANIT	a.	► cevap
YANKI	a.	Sesin yansıtıcı bir yüzeye çarpıp geri dönmesiyle duyulan ikinci ses; akis, aksiseda, aksülamel, inikâs, eko
YANLI	a.	► yandaş
YANMA	a.	Yanmak işi
YANSI	a.	Isı ve ışık dalgalarının yansıtıcı bir yüzeye çarparak geri dönmesi; akis
YAPAK	a.	► yapağı
YAPAY	sf.	Doğadaki örneklerine benzetilerek insan eliyle yapılmış veya üretilmiş; yapma, bileşimli, suni, tasni, sentetik, doğal karşıtı
YAPIK	a.,ağz.	► belleme (II)
YAPIM	a.	Yapmak işi; inşa, imal, konstrüksiyon
YAPIŞ	a.	Yapmak işi
YAPIT	a.	► eser
YAPMA	a.	Yapmak işi
YARAK	a.,esk.	► silah
YÂRAN	a.	Dostlar
YARAR	a.	Bir işten elde edilen iyi sonuç; getiri, kazanç, fayda, kâr, avantaj
YARAŞ	sf.	Girişken olan (kimse)
YARDA	a.	91,4 santimetrelik İngiliz uzunluk ölçüsü birimi
YÂREN	a.	► arkadaş
YARGI	a.	Kavrama, karşılaştırma, değerlendirme vb. yollara başvurularak kişi, durum veya nesnelerin eleştirici bir biçimde değerlendirilmesi; hüküm
YARIK	a.	Yarılarak açılmış yer; yirik
YARIM	sf.	Bütün bir şeyin ayrıldığı iki eşit parçadan her biri
YARIN	a.	Bugünden sonra gelecek ilk gün; ferda
YARIŞ	a.,sp.	► yarışma
YARKA	a.,hay. b.	Büyük piliç
YARMA	a.	Yarmak işi
YASAK	a.	Bir işin yapılmasına karşı olan yasal veya yasa dışı engel
YASAL	sf.,huk.	Yasanın, dinin ve kamu vicdanının doğru bulduğu, yasalara uygun; kanuni (I), meşru, legal
YASLI	sf.	Yas tutan (kimse); matemli
YASMA	a.	Yasmak işi
YASSI	sf.	Yayvan ve düz; piyata
YAŞAM	a.	Doğumla ölüm arasında yaşanan süre; dirim, ömür, hayat (I)
YAŞÇA	zf.	Yaş bakımından
YAŞIT	a.	Aynı yaşta olan kimselerden her biri; emsal
YAŞLI	sf.	Yaşı ilerlemiş, kocamış (kimse); ak saçlı, ihtiyar (I), kart (I), koca (II)
YATAK	a.	Uyuma, dinlenme vb. amaçlarla üzerine veya içine yatılan eşya; döşek
YATAY	sf.,mat.	Durgun bir su yüzeyine veya zemine paralel, düşey doğrultusuna dikey olan; ufki
YATÇI	a.	Yat turizmiyle uğraşan kimse
YATIK	sf.	Dik olmayan, eğik, yatırılmış bir durumda olan; yatkın
YATIM	a.,den.	Gemi direklerinin başa veya kıça doğru olan eğimi
YATIR	a.	Doğaüstü gücü bulunduğuna ve insanlara yardım ettiğine inanılan kimsenin mezarı
YATIŞ	a.	Yatmak işi
YATMA	a.	Yatmak işi
YATSI	a.	Güneşin batışından yaklaşık olarak iki saat sonrasına karşılık gelen zaman
YAVAN	sf.	Yağı az
YAVAŞ	sf.	Hızlı olmayan; ağır, aheste, çabuk karşıtı
YAVER	a.,esk.	► yardımcı
YAVRU	a.	Yeni doğmuş hayvan veya insan; bala
YAVSI	a.,ağz.	Bir tür kene
YAVUZ	sf.	► güçlü
YAYAN	sf.	Yürüyerek giden
YAYGI	a.	Yere veya döşeme üzerine serilen örtü; savan
YAYIK	a.	Tereyağı çıkarmak için sütün, yoğurdun içinde çalkalandığı kap veya makine
YAYIM	a.	Yaymak işi
YAYIN	a.	Basılıp satışa çıkarılan kitap, gazete vb.; neşriyat
YAYIŞ	a.	Yaymak işi
YAYLA	a.,coğ.	Akarsular tarafından parçalanmış yüksek ve geniş düzlük; yaylak, plato
YAYLI	sf.	Yayı olan
YAYMA	a.	Yaymak işi; tevsi
YAZGI	a.,din b.	Allah tarafından insanın başına gelmesi ezelde kararlaştırılmış olan şeyler; yazı (I), alın yazısı, baht, devran, kader, ezelî takdir, hayat (I), kader çizgisi, mukadderat, takdiriilahi, tecelli, fatalite
YAZIK	a.	► günah
YAZIM	a.,db.	Bir dilin belli kurallarla yazıya geçirilmesi; imla
YAZIN	zf.	Yaz mevsiminde, yaz aylarında
YAZIŞ	a.	Yazmak işi
YAZIT	a.	Bir kimse veya bir olayın anısını yaşatmak için bir şey üzerine kazılan yazı; kitabe
YAZMA	a.	Yazmak işi; tahrir
YEDEK	sf.	Gereğinde kullanılmak için elde bulundurulan, asıl karşıtı
YEDİZ	sf.	Yedisi bir arada doğan (çocuk)
YEDME	a.	Yedmek işi
YEGÂH	a.,müz.	Klasik Türk müziğinde re perdesi ve bu perdedeki makam
YEGÂN	a.,esk.	Birler, tekler
YEĞİN	sf.,ağz.	► şiddetli
YEĞNİ	sf.	► hafif
YEKDÜ	a.	Zarla oynanan oyunlarda, atılan zarlardan birinin bir, öbürünün iki benekli olan yüzünün üste gelmesi
YEKTA	sf.,esk.	► eşsiz
YEKÛN	a.,mat.	► toplam
YELEÇ	sf.,ağz.	► havadar
YELİN	a.,ağz.	İnek, manda, koyun vb. hayvanlarda memenin süt toplanan bölümü
YELLİ	sf.	► rüzgârlı
YELME	a.	Yelmek işi
YELVE	a.,hay. b.	► florya
YEMCİ	a.	Yem satan kimse
YEMEK	a.	Yemek yeme, karın doyurma işi
YEMİN	a.	► ant
YEMİŞ	a.	► meyve
YENGE	a.	Bir kimsenin kardeşinin, dayısının veya amcasının karısı; bula
YENGİ	a.	Birçok emek ve tehlikeli uğraşma pahasına erişilen mutlu sonuç; galibiyet, galebe, zafer
YENİK	sf.	Yenmiş, aşınmış
YENLİ	sf.	Yenleri olan
YENME	a.	Yenmek işi
YEREL	sf.	► yöresel
YEREY	a.,coğ.	► arazi
YERGİ	a.,ed.	Bir kimseyi, bir toplumu, bir düşünceyi, bir nesneyi, bir göreneği yermek için yazılmış yazı veya söylenmiş söz; hicviye, hiciv, satir
YERLİ	sf.	Yurt içinde yapılan veya bir yurdun kendine özgü niteliklerini taşıyan
YERME	a.	Yermek işi; zem, zemmetme
YEŞİL	a.	Sarı ile mavinin karışımından ortaya çıkan, bitki yapraklarının çoğunda görülen renk
YEŞİM	a.,min.	Açık yeşil ve pembe renkli, kolay işlenen, değerli bir taş
YETER	sf.	İhtiyacı karşılayacak kadar, yetecek ölçüde olan; kâfi
YETİK	sf.,ağz.	Yetişmiş, erişmiş, büyümüş
YETİM	sf.	Babası ölmüş olan (çocuk); babasız
YETKE	a.	► otorite
YETKİ	a.	Bir görevi, bir işi yasaların verdiği imkânlara göre, belli şartlarla yürütmeyi sağlayan hak; salahiyet, mezuniyet
YETME	a.	Yetmek işi
YEVMİ	sf.,esk.	► gündelik
YEYGİ	a.,ağz.	► yem
YEZİT	a.,mec.	Nefret edilen kimseler için kullanılan bir söz
YIĞIN	a.	Bir şeyin yığılmasıyla oluşturulan küme, tepe; tınaz
YIĞIŞ	a.	Yığmak işi
YIĞMA	a.	Yığmak işi
YIKIK	sf.	Yıkılmış olan
YIKIM	a.	Yıkmak işi
YIKIŞ	a.	Yıkmak işi
YIKMA	a.	Yıkmak işi
YILGI	a.,ruh b.	► fobi
YILIK	sf.,ağz.	Çarpık, eğri olan (ağız)
YILKI	a.	Tabiatta gruplar hâlinde serbest dolaşan yabani at sürüsü
YILMA	a.	Yılmak işi
YIRIK	sf.,ağz.	Yırtılmış
YİRİK	a.,ağz.	► yarık
YİRMİ	a.	On dokuzdan sonra gelen sayının adı
YİTİK	a.	► kayıp
YİTİM	a.	► kayıp
YİTİŞ	a.	Yitmek işi
YİTME	a.	Yitmek işi
YİVLİ	sf.	Yivi olan, üzerine yiv açılmış olan
YİYİM	a.	Yemek işi
YİYİŞ	a.	Yemek işi
YOBAZ	sf.	Dinde bağnazlığı aşırılığa vardıran, başkalarına baskı yapmaya yönelen (kimse)
YOĞUN	sf.	Hacmine oranla ağırlığı çok olan; kesif
YOKÇU	sf.,fel.	► nihilist
YOKSA	bağ.	"Aksi takdirde" anlamında kullanılan bir söz
YOKUM		"söz edilen yerde değilim" anlamında kullanılan bir söz
YOKUŞ	a.	Aşağıdan yukarıya gittikçe yükselen eğimli yer; çıkış, iniş karşıtı
YOLAK	a.,ağz.	► patika
YOLCU	a.	Yolculuğa çıkmış kimse
YOLLU	sf.	Yolu olan
YOLMA	a.	Yolmak işi
YOLUK	sf.	Yolunmuş olan
YONCA	a.,bit. b.	Baklagillerden, başak durumundaki çiçekleri kırmızı veya mor renkli, hayvanlara yem olarak yetiştirilen çayır bitkilerinin genel adı (Trifolium)
YONGA	a.	Kesilen, yontulan veya rendelenen bir şeyden çıkan parça; kamga
YONMA	a.	► yontma
YONTU	a.	► heykel
YORGA	a.	Biniciyi sarsmayan at yürüyüşlerinden biri
YORMA	a.	Yormak işi
YORTU	a.	Hz. İsa'nın yaşamını, ölümünü, dirilişini ve azizlerin yaşamlarına yansımış olan erdemlerini anmak üzere kilisenin belirlediği kutsal günler
YORUM	a.	Bir yazının veya bir sözün, anlaşılması güç yönlerini açıklayarak aydınlığa kavuşturma; tefsir
YOSMA	sf.	Şen, güzel, fettan olan (genç kadın)
YÖNEY	a.,mat.	► vektör
YÖNLÜ	sf.	Yönü olan
YUDUM	a.	Sıvı içiminde ağza alınan miktar; höpürdek
YUFKA	a.	Oklava ile açılan ince, yuvarlak hamur yaprağı
YUKAÇ	a.,jeol.	Yer katmanları kıvrımlarının tümsek bölümü; semer, ineç karşıtı
YULAF	a.,bit. b.	Buğdaygillerden, en çok hayvan yemi olarak yetiştirilen otsu bitki (Avena sativa)
YULAR	a.	Bir yere bağlamak veya çekerek götürmek için hayvanın başlığına veya tasmasına bağlanan ip
YUMMA	a.	Yummak işi
YUMRU	a.	Yuvarlak, şişkin şey
YUMUK	sf.	Yumulmuş olan, yumulmuş gibi duran; yumulu
YUNAK	a.,ağz.	Çamaşır yıkanılan veya banyo yapılan yer
YUNMA	a.	Yunmak işi
YUNUS	a.,hay. b.	Balinalardan, ılık ve sıcak denizlerde sürüler durumunda yaşayan, boyları 3 metreye kadar erişebilen, memeli deniz hayvanı (Delphinus)
YURDU	a.,ağz.	İğnenin deliği
YUTAK	a.,anat.	Ağız ve burun boşluklarıyla gırtlak ve yemek borusu arasındaki boşluk
YUTMA	a.	Yutmak işi
YUTUM	a.	Yutmak işi
YUTUŞ	a.	Yutmak işi
YUVAK	a.,ağz.	► loğ
YUVAR	a.,anat.	Organizmadaki kan, lenf, süt vb. sıvılarda bulunan, genellikle yuvarlak veya oval küçük cisim
YUVGU	a.,ağz.	► loğ
YÜKÇÜ	a.	► taşıyıcı
YÜKLÜ	sf.	Yükü olan, mahmul
YÜKÜM	a.	► yükümlülük
YÜKÜN	a.,kim.,fiz.	► iyon
YÜLGÜ	a.,ağz.	► ustura
YÜLÜK	sf.,ağz.	Ustura ile kesilmiş (kıl)
YÜNLÜ	sf.	Yünü olan
YÜREK	a.,anat.	► kalp (I)
YÜRÜ!	argo	"devam et, git" anlamında kullanılan bir söz
YÜRÜK	sf.	Göçebe olan
YÜSRÜ	a.	Bazı ince işlerin yapımında kullanılan siyah bir ağaç ve bu ağacın kökü
YÜZDE	a.	Herhangi bir işte aracı olan kimseye, görevinin karşılığı olarak belli bir hesaba göre verilen ücret; yüzdelik
YÜZER	sf.	Yüz sayısının üleştirme sayı sıfatı
YÜZEY	a.,mat.	Bir cismi uzaydan ayıran yaygın bölüm; satıh, yüz (II)
YÜZLÜ	sf.	Yüzü herhangi bir nitelikte olan; benizli, simalı, çehreli, suratlı
YÜZÜŞ	a.	Yüzmek işi
ZABIT	a.	► tutanak
ZABİT	a.,esk.	Rütbesi teğmenden binbaşıya kadar olan subay
ZAFER	a.	Savaşta kazanılan başarı; utku
ZAĞAR	a.	Yerde yaşayan hayvanların avlanmasında kullanılan bir tür av köpeği
ZAĞCI	a.	► kılağıcı
ZAĞLI	sf.	► kılağılı
ZAHÎR	sf.,esk.	Yardım eden, destekleyen, arka çıkan
ZAHİR	sf.	► belli (II)
ZAHİT	sf.	Dinin yasak ettiği şeylerden sakınıp buyurduklarını yerine getiren, dünya işlerine önem vermeyen (kimse)
ZAHME	a.,müz.	► mızrap
ZALİM	sf.	Acımasız ve haksız davranan, zulmeden
ZAMİR	a.,db.	Kişi, dönüşlülük, gösterme, soru ve belirsizlik anlamı vererek adların yerini tutan söz; adıl: ben, sen, o, biz, siz, onlar, kendim, kendin, kendi, kendimiz, kendiniz, bu, şu, o, kim, ne, biri
ZAMLI	sf.	Fiyatı arttırılmış; bindirimli
ZAMME	a.,esk.	► ötre
ZANKA	a.	İki atlı kızak
ZANLI	sf.,huk.	► şüpheli
ZARAR	a.	Bir şeyin, bir olayın yol açtığı çıkar kaybı veya olumsuz, kötü sonuç; dokunca, ziyan, mazarrat, götürü, hüsran, muhatara
ZARCI	a.,argo	Zar oyunu oynayan kimse
ZARİF	sf.	Çekicilik, biçim, görünüş, durum, konuşma ve davranışlarıyla hoşa giden, beğenilen; zarafetli
ZARSI	sf.	Zarı andıran, zara benzeyen, zar gibi; zarımsı
ZARTA	a.	► yellenme
ZATEN	zf.	Doğrusu, doğrusunu isterseniz; esasen, zati
ZAYIF	sf.	Eti, yağı az olan, şişman olmayan (insan veya hayvan); arık (II), ince, kavruk, nahif
ZEBAN	a.,esk.	► dil (I)
ZEBUN	sf.,esk.	Güçsüz, zayıf, âciz olan
ZECİR	a.,esk.	Yaptırmama, yasaklama
ZECRÎ	sf.,esk.	Zorlayıcı, zorlayan, yasaklayan
ZEFİR	a.	Genellikle gömlek yapımında kullanılan, çizgili, ince, pamuklu bir kumaş türü
ZEHAP	a.,esk.	► sanı
ZEHİR	a.	Organizmaya girdiğinde kimyasal etkisiyle fizyolojik görevleri bozan ve miktarına göre canlıyı öldürebilen madde; ağı, sem (I), zıkkım
ZEKÂT	a.,din b.	Zenginlerin sahip olduğu mal ve paranın kırkta birinin fakirler başta olmak üzere Kur’an’ın belirlemiş olduğu yerlere dağıtılmasını öngören, İslam’ın beş şartından biri
ZEKER	a.,esk.	► erkeklik organı
ZELİL	sf.,esk.	Hor görülen, aşağı tutulan, aşağılanan
ZELVE	a.	Çift öküzünün boyunduruktan çıkmaması için boynunun iki yanından boyunduruğa, aşağıya doğru geçirilen çubuk
ZENCİ	a.	Siyah ırktan olan kimse; siyahi, siyah adam, Arap
ZENNE	a.,esk.	Kadın işi
ZERDE	a.	Safranla renk ve koku verilen bir çeşit şekerli pirinç peltesi
ZERRE	a.	Çok küçük parçacık; habbe
ZEVAL	a.,esk.	Yok olma, yok edilme
ZEVAT	a.,esk.	Kişiler, zatlar
ZEVCE	a.	Bir erkeğin evlenmiş olduğu kadın
ZEYİL	a.,esk.	► ek
ZIBIN	a.	Bebeklere iç çamaşırı olarak giydirilen, ince pamukludan kısa ve kollu giysi
ZIHLI	sf.	Zıhı olan
ZIMBA	a.	► delgeç
ZIMNİ	sf.,esk.	► gizli
ZIPIR	sf.,tkz.	Şımarık ve delice tavırlı, hareketlerinde ölçüsüz; hırtapoz, zırtapoz, zirzop
ZIPKA	a.,ağz.	Karadeniz kıyısı halkının giydiği dar paçalı potur
ZIRVA	a.	Saçma, saçma sapan, boş, anlamsız söz
ZİFAF	a.	► gerdek
ZİFİN	a.,bit. b.	► sarıağı
ZİFİR	a.	Tütün dumanının bıraktığı yağlı ve siyah kir
ZİFOS	a.	Yerden sıçrayan çamur
ZİGON	a.	İç içe geçen sehpa; zigon sehpa
ZİGOT	a.,biy.	Erkek ve dişi gametin birleşmesiyle oluşan döllenmiş hücre
ZİHAF	a.,ed.	Aruzla yazılmış şiirlerde uzun bir ünlünün ölçü gereğince kısa okunması, imale karşıtı
ZİHİN	a.	Canlının duygu ve davranışlar dışındaki ruhsal süreç ve etkinliklerinin bütünü
ZİHNÎ	sf.	► zihinsel
ZİKİR	a.	Anma, söyleme, sözünü etme
ZİLLİ	sf.	Zili olan, üstünde zili bulunan
ZİMMİ	a.	İslam devleti tebaasında olan ve haraç veren Hristiyanlar, Yahudiler
ZİNDE	sf.	► diri
ZİRAİ	sf.	► tarımsal
ZİRVE	a.	► doruk
ZİYAN	a.	► zarar
ZLOTİ	a.	Polonya’nın para birimi
ZOMBİ	a.	► hortlak
ZONAL	a.,coğ.	Yeryüzünde enleme bağlı olarak meydana gelen olay
ZORBA	sf.	Gücüne güvenerek hükmü altında bulunanlara söz hakkı ve davranış özgürlüğü tanımayan (kimse); kefenci, müstebit, mütegallibe, despot (I), diktatör
ZORCA	sf.	Biraz zor
ZORGU	a.,ruh b.	Kişinin eğilimi ve isteğine uymayan iş ve davranışlara zorlanması veya bu özellikteki davranışları göstermesi
ZORLA	zf.	Zor kullanarak; cebren, zecren, metazori
ZORLU	sf.	► şiddetli
ZORUN	a.	► zorunluluk
ZUHUR	a.,esk.	Ortaya çıkma, görünme, belirme, baş gösterme, meydana çıkma
ZULÜM	a.	Güçlü bir kimsenin yasaya veya vicdana aykırı olarak başkalarına yaptığı her türlü kötülük, haksızlık; kıygı, kıyın
ZÜBDE	a.,esk.	► öz (I)
ZÜHUL	a.,esk.	İş çokluğu veya dalgınlık sebebiyle yanılma, geciktirme, ihmal etme
ZÜKÂM	a.,esk.,tıp	► nezle
ZÜLAL	a.	Saf, tatlı su
ZÜLÜF	a.	Şakaklardan sarkan saç lülesi
ZÜMRE	a.	► topluluk
ZÜPPE	sf.	Giyinişte, söz söyleyişte, dilde, düşünüşte toplumun gülünç ve aykırı saydığı yapmacıklıklara ve aşırılıklara kaçan; didon (I)
ZÜRRA	a.,esk.	Çiftçiler
ZÜYUF	a.,esk.	Ayarı düşük para, sikke veya akçe; züyuf akçe