ABAJUR	a.	Işığı bir yere toplamak, doğrudan doğruya gözlere vurmasını önlemek için kullanılan, kâğıt, kumaş, maden veya renkli camdan yapılmış lamba siperi
ABAKÜS	a.,mat.	► sayı boncuğu
ABANIŞ	a.	Abanma işi
ABANMA	a.	Abanmak işi
ABANOZ	a.,bit. b.	Abanozgillerden, sıcak ülkelerde yetişen, kerestesinden yararlanılan birçok ağacın ortak adı (Diospyros ebenum)
ABARTI	a.	Bir şeyi, bir olayı olduğundan büyük veya çok gösterme; mübalağa
ABASIZ	sf.	Aba giymemiş olan
ABAZAN	sf.,argo	Uzun süre cinsel ilişkide bulunmayan (erkek)
ABDEST	a.,din b.	İslam dinine göre namaz kılmak, Kur’an okumak, Kâbe’yi tavaf etmek gibi ibadetleri yerine getirebilmek için niyet ederek el, ağız, burun, yüz, kol ve ayakları yıkamak; baş, kulaklar ve boynun iki yanını meshetmek yoluyla arınma
ABLACI	a.,argo	► sevici
ABLUKA	a.,ask.	► kuşatma
ABORDA	a.,den.	Bir deniz teknesinin başka bir tekneye, bir iskeleye veya bir rıhtıma yanını vererek yanaşması
ABRAMA	a.	Abramak işi
ABSENT	a.	Pelinden yapılan sert bir içki
ABSTRE	sf.,fel.	► soyut
ABSÜRT	sf.	► saçma
ABUKÇA	zf.	Saçma bir biçimde
ACAYİP	sf.	Sağduyuya, göreneğe, olağana aykırı, yadırganan; yabansı, garip, tuhaf
ACENTE	a.	Bir kuruluşun yaptığı işi onun adına kazanç karşılığında yürüten daha küçük kuruluş
ACIKIŞ	a.	Acıkmak durumu
ACIKLI	sf.	Acındıracak, acı verecek nitelikte olan; elim, koygun, dramatik
ACIKMA	a.	Acıkmak işi
ACILIK	a.	Acı olma durumu; meraret
ACIMAK	nsz.	► acılaşmak
ACIMIK	a.,bit. b.	► mavikantaron
ACIMSI	sf.	Acıyı andıran, acıya benzeyen, acı gibi; acımtırak
ACINIŞ	a.	Acınmak işi
ACINMA	a.	Acınmak durumu
ACIRAK	sf.,ağz.	Az acı
ACIRGA	a.,ağz.	► yaban turpu
ACISIZ	sf.	Tadı acı olmayan
ACITIŞ	a.	Acıtmak işi
ACITMA	a.	Acıtmak işi
ACIYIŞ	a.	Acımak durumu
ACİLEN	zf.	► çabucak
ACYOCU	a.	Borsa veya piyasada tahvil için çeşitli hileler uygulayan, dolaplar çeviren kimse
AÇACAK	a.	Şişelenmiş bazı içeceklerin kapaklarını açmaya yarayan araç
AÇELYA	a.,bit. b.	Kokusuz, güzel renkli çiçekler açan bir bitki (Rhododendron)
AÇIKÇA	zf.	Gizli bir yönü kalmaksızın, kolay anlaşılır bir biçimde; alenen
AÇIKÇI	a.,ekon.	Borsada fiyat dalgalanmalarından yararlanarak açıktan para kazanan kimse
AÇILIM	a.	Açılmak işi
AÇILIŞ	a.	Açılmak işi
AÇILMA	a.	Açılmak işi; küşayiş
AÇINIM	a.	Açınmak işi
AÇINMA	a.	Açınmak işi
AÇISAL	sf.	Açı ile ilgili; zaviyevi
AÇKICI	a.	Açkı yapan kimse; perdahçı
AÇKILI	sf.	Açkı yapılmış
AÇMACI	a.	Açma yapan veya satan kimse
ADACIK	a.	Küçük ada
ADACYO	a.,müz.	Yavaş, ağır bir biçimde çalınan beste
ADAKLI	sf.	Adağı olan, adak adamış olan
ADALAT	a.,anat.	Kaslar
ADAMAK	-e,-i	Bir dileğin gerçekleşmesi amacıyla kutsal olduğuna inanılan bir güce niyette bulunmak; nezretmek
ADAMCA	zf.	İnsana yaraşır bir biçimde; adamcasına
ADAMCI	sf.	Adam kayıran, kendi adamlarını tutan
ADANIŞ	a.	Adanmak işi
ADANMA	a.	Adanmak işi
ADAPTE	sf.	Uyarlanmış
ADATIŞ	a.	Adatmak işi
ADATMA	a.	Adatmak işi
ADAVET	a.,esk.	► düşmanlık
ADAYIŞ	a.	Adamak işi
ÂDEMCİ	sf.,ed.	Âdemcilik yanlısı olan
ADENİT	a.,tıp	► ak kan bezi yangısı
ADETÇE	zf.	► sayıca
ADİLİK	a.	► aşağılık
ADLİYE	a.	Hukuk ve adalet işlerini gören devlet kurumu
AFACAN	sf.	Zeki ve yaramaz (çocuk)
AFAKAN	a.	► hafakan
AFERİN	ünl.	Övme, takdir, beğenme vb. duyguları belirtmek için söylenen söz
AFİŞÇİ	a.	Afiş yapan veya asan kimse
AFİYET	a.	Ruhsal ve bedensel olarak sağlıklı, sıhhatli olma durumu
AFOROZ	a.,din b.	Hristiyanlıkta kilise tarafından verilen cemaatten kovma cezası
AGANTA	a.,den.	Çekilmekte veya bırakılmakta olan bir halatın veya zincirin kısa bir süre elde tutulup bırakılmaması için verilen emir
AGNOSİ	a.,ruh b.	► tanısızlık
AGNOZİ	a.,ruh b.	Tanısızlık
AGRAFİ	a.,ruh b.	► yazma yitimi
AGREGA	a.	► katışmaç
AGUCUK	ünl.	Süt çocuğunu sevmek için söylenen bir söz; agu
AĞABEY	a.	Büyük erkek kardeş; ağa, aka, ede, efe
AĞACIK	a.	Ağalara sevgiyle yaklaşıldığında söylenen bir söz
AĞAÇLI	sf.	Ağacı olan
AĞAÇSI	sf.	Ağacı andıran, ağaca benzeyen, ağaç gibi; ağacımsı
AĞALIK	a.	Ağa olma durumu
AĞARIK	sf.	Beyazlaşmış
AĞARIŞ	a.	► beyazlayış
AĞARMA	a.	► beyazlaşma
AĞARTI	a.	► beyazlık
AĞDACI	a.	Şeker, tatlı ve helva yapımında ağda hazırlayan işçi
AĞDALI	sf.	Ağda kıvamına gelmiş
AĞIMLI	sf.	Ağımı olan (ayak)
AĞINMA	a.	Ağınmak işi
AĞIRCA	sf.	Oldukça ağır
AĞITÇI	a.	Ölüye ağıt söylemek için tutulan kimse; ağlayıcı, sagucu, mersiyehan
AĞIZLI	sf.	Ağzı herhangi bir biçimde olan
AĞLAMA	a.	Ağlamak işi
AĞLATI	a.,tiy.	► trajedi
AĞNAMA	a.	Ağnamak işi
AĞRILI	sf.	Ağrıyan, ağrısı olan
AĞRIMA	a.	Ağrımak işi
AHACIK	ünl.,ağz.	► işte
AHARCI	a.	Kâğıt aharlayan kimse
AHARLI	sf.	Üzerine ahar sürülmüş olan
AHESTE	sf.	► yavaş
AHİLİK	a.	► cömertlik
AHİREN	zf.,esk.	Son zamanlarda, son günlerde
AHİRET	a.,din b.	Dinî inanışa göre, insanın öldükten sonra dirilip sonsuza dek kalacağı ve Tanrı'ya hesap vereceği yer; öbür dünya, öteki dünya, ahret
AHLAKİ	sf.	Ahlaka uygun, ahlakla ilgili; aktöresel, sağtöresel, törel, etik
AHLAMA	a.	Ahlamak işi
AHUVAH	a.	► ah vah
AİLECE	zf.	Aile fertlerinin hepsinin katılımıyla, ev halkıyla birlikte; ailecek, aile boyu, maaile
AİLEVİ	sf.	Aileye dayalı
AİTLİK	a.	Ait olma durumu; aidiyet
AJANDA	a.	Gerekli notların unutulmaması için yazıldığı takvimli defter; akıl defteri, andaç
AJURLU	sf.	Her yanı ajur biçiminde işlenmiş bulunan
AKAĞAÇ	a.,bit. b.	Gürgengillerin, kerestesinden yararlanılan beyaz kabuklu bir türü (Zelkova carpinifolia)
AKAMET	a.,esk.	► verimsizlik
AKARCA	a.	Irmak, dere, çay gibi küçük akarsu
AKARET	a.,esk.	► akar (I)
AKARSU	a.	Yer altında veya dere, çay, ırmak gibi yeryüzünde belirli bir yatak içinde, eğim boyunca sürekli veya zaman zaman akan sulara verilen ad; abırevan
AKASMA	a.,bit. b.	Düğün çiçeğigillerden, beyaz çiçek veren, bahçelerde süs çiçeği olarak yetiştirilen, sarmaşık özelliği gösteren bir bitki; yaban asması, orman sarmaşığı, meryemana asması (Clematis vitalba)
AKASYA	a.,bit. b.	Baklagillerden, sıcak iklimlerde birçok türü yetişen ve tanen, zamk, boya vb. maddelerin yapımında kullanılan bir ağaç (Acacia)
AKBABA	a.,hay. b.	Akbabagillerden, başı ve boynu çıplak olan, dağlık yerlerde yaşayan, leşle beslenen, çok yüksekten uçarak keskin gözleriyle çok uzakları görebilen, iri ve yırtıcı bir kuş; kerkes (Vultur monachus)
AKÇELİ	sf.	Paraya bağlı, parayla ilgili
AKDARI	a.,bit. b.	► darı
AKIBET	a.	Bir iş veya durumun sonu veya sonucu; serencam
AKILCI	sf.,fel.	Akılcılıktan yana olan (kimse); usçu, akliyeci, rasyonalist
AKILLI	sf.	Doğruyu yanlıştan, iyiyi kötüden ayırt edebilecek durumda olan, edindiği deneyimlerden ders alarak, gerçeği iyi görerek olması gerektiği gibi doğru ve tedbirli hareket edebilen; akil
AKIMCI	a.	Belli bir akıma bağlı kişi
AKIMLI	sf.	Akımı olan; cereyanlı
AKINCI	a.,tar.	Düşman ülkesine akın yapan savaşçı
AKINTI	a.	Akmak işi
AKIŞLI	sf.	Akışı olan
AKIŞMA	a.	Akışmak işi
AKITAÇ	a.,tıp	► dren
AKITIŞ	a.	Akıtmak işi
AKITMA	a.	Akıtmak işi; isale
AKİSLİ	sf.	► yankılı
AKİTLİ	sf.	Sözleşme yapılmış olan
AKLAMA	a.	Aklamak işi; ibra, tebriye, tezkiye
AKLİYE	a.,esk.,tıp	Akıl hastalıkları ile ilgili hekimlik kolu
AKRABA	a.,huk.	Kan bağıyla birbirine bağlı olan kimse
AKSAMA	a.	Aksamak işi
AKSATA	a.	► alışveriş
AKSİNE	zf.	► tersine
AKSONA	a.,den.	► basınçlanma
AKSUNA	a.	Basınçlanma
AKŞAMA	zf.	Bugünün akşam saatlerinde
AKTÖRE	a.	► ahlak
AKTRİS	a.,sin.,tiy.	► (kadın) oyuncu
AKTÜEL	sf.	► güncel
AKTÜER	a.,ekon.	İstatistiklere dayanarak sigorta primlerini, risklerini hesaplayan kimse
ALABAŞ	a.,bit. b.	Turpgillerden, şalgama benzeyen bir bitki
ALACAK	a.	Bir hesap gereğince daha alınmamış olan para, mal vb. şey; takanak, matlup, verecek karşıtı
ALAÇAM	a.,bit. b.	Rengi kızıla yakın bir tür çam (Picea excelsa)
ALAÇIK	a.,ağz.	► çardak
ALAKOK	a.	Rafadan yumurta
ALAMET	a.	► belirti
ALAMOT	sf.	Modaya göre, modaya uygun
ALARGA	a.,den.	► açık deniz
ALARMA	a.	Alarmak durumu
ALAŞIM	a.,kim.	Bir metalin belli oranlarda bir veya birkaç metalle ergimesiyle oluşan yeni metal; halita
ALATAV	sf.,ağz.	Az tavlı, yarı yaş yarı kuru olan (toprak)
ALATEN	sf.,ağz.	► cüzzamlı
ALAYCI	sf.	Alay etme huyu olan (kimse); müstehzi
ALAYİŞ	a.	► görkem
ALAYLI	a.,ask.	Erlikten yetişmiş, askerî okullarda okumadan başarı gösterip rütbe alan ve yükselen subay
ALAYSI	sf.	Alayı andıran, alaya benzeyen, alay gibi; alayımsı
ALBATR	a.,min.	► kaymak taşı
ALBENİ	a.,mec.	► çekicilik
ALBİNO	sf.	► akşın
ALÇICI	a.	Alçı taşını çıkaran veya satan kimse
ALÇILI	sf.	İçinde alçı bulunan
ALDANÇ	sf.	Çabuk ve kolay aldatılan (kimse)
ALEKSİ	a.,tıp	► okuma yitimi
ALEMCİ	a.	Camilerin kubbelerine, minarelerine alem yapan veya takan kimse
ÂLEMCİ	a.,mec.	Eğlenceyi seven, her fırsatta eğlenen kimse
ALENEN	zf.	► açıkça
ALERJİ	a.	Birtakım yiyecek, ilaç, toz, koku vb.ne hastalık derecesinde gösterilen aşırı tepki
ALESTA	sf.	Harekete hazır, hazır durumda olan
ALETLİ	sf.	Aleti olan veya aletle yapılan
ALEVLİ	sf.	Alevi olan, alevlenmiş
ALFABE	a.,db.	Bir dilin seslerini gösteren, belirli bir sıraya göre dizilmiş belli sayıda harfin bütünü; abece, yazı (I)
ALGLER	a.,bit. b.	► su yosunları
ALIKÇA	sf.	Alık benzeri; alık alık, alık salık
ALIMCI	a.,ağz.	► tahsildar
ALIMLI	sf.	► çekici
ALINDI	a.	Para vb. bir şeyin teslim alındığını gösteren belge; makbuz
ALINIŞ	a.	Alınmak işi
ALINLI	sf.	Alnı olan
ALINMA	a.	Alınmak işi
ALINTI	a.,ed.	Bir yazıya başka bir yazarın yazısından alınmış parça; aktarma, iktibas
ALIŞIK	sf.	Herhangi bir duruma alışmış olan
ALIŞKI	a.	► alışkanlık
ALIŞMA	a.	Alışmak işi; istinas, ülfet
ALİDAT	a.	Verniyeyi taşıyan bölümden ve cetvelden oluşan açı ölçme aracı
ÂLİMCE	zf.	Âlime yakışır bir biçimde
ALİVRE	a.,ekon.	► önceden satış
ALKALİ	a.,kim.	Alkali metallerin hidroksitleriyle amonyum hidroksitin genel adı
ALLAH!		bir şey karşısında hayranlık veya yakarma bildiren bir söz
ALLAMA	a.	Allamak işi
ALLAME	sf.	Çok ve derin bilgisi olan, çok bilgili
ALOFON	a.,db.	► ses değişkesi
ALPAKA	a.,hay. b.	Çift parmaklılar takımının devegiller sınıfından, Güney Amerika'da yaşayan, uzun tüylü, memeli bir hayvan (Lama glama pacos)
ALPAKS	a.	Kolayca bükülebilen alüminyum ve silisyum karışımı
ALPLIK	a.	Alp olma durumu
ALŞİMİ	a.	Elementleri altına çevirmek isteyen bir iş alanı; simya
ALTILI	sf.	Altı parçadan oluşan, kendinde herhangi bir şeyden altı tane bulunan
ALTLIK	a.	Tabak, bardak vb. nesnelerin altına konulan şey
ALTMIŞ	a.	Elli dokuzdan sonra gelen sayının adı
ALTSIZ	sf.	Altı olmayan
ALTUNİ	a.	► altın sarısı
ALTÜST	sf.	Çok karışık ve dağınık
ALÜFTE	sf.	İffetsiz, oynak, cilveli (kadın)
ALÜMİN	a.,kim.	Suda çözünmeyen, 2050 °C'de eriyen, beyaz bir toz olan alüminyum oksit (Al2O3)
ALVEOL	a.	Torba biçiminde küçük boşluk veya genişlemiş kısım
ALYANS	a.	Çiftler arasında nişanlılık veya evlilik durumunu gösteren, nişanda sağ elin, evlendikten sonra sol elin yüzük parmağına takılan yüzük
AMAÇLI	sf.	Amacı olan; gayeli, maksatlı
ÂMÂLIK	a.	► görme engellilik
AMANIN	ünl.,ağz.	Korkma ve şaşma sözü
AMASIZ	sf.	Herhangi bir bahane, şart ileri sürmeyen
AMATÖR	sf.	Bir işi para kazanmak için değil, yalnız zevki için yapan, hevesli, meraklı (kimse); özengen, profesyonel karşıtı
AMAZON	a.	Savaşa katılan kadınlara eski çağların Amazonlarına benzetilerek verilen san
AMBALE	a.	"Birini düşünemez duruma getirmek, çok yormak, fazla gaz vererek otomobili çalışamaz duruma getirmek" anlamlarındaki ambale etmek ve "çok yorulup iş göremez, düşünemez duruma gelmek" anlamındaki ambale olmak birleşik fiillerinde geçen bir söz
AMBLEM	a.	Soyut bir şeyin, bir kavramın sembolü olan varlık veya eşya; belirtke
AMENNA	ünl.	"Öyledir, doğru, diyecek yok, inandık" anlamlarında bir onaylama sözü
AMENTÜ	a.,mec.	Bir oluş, düşünce veya ideolojinin temelini oluşturan değer yargıları
AMETAL	a.,kim.	Metal olmayan element
AMFİBİ	sf.,biy.	Karada olduğu gibi suda da kullanılabilen (araba, tank, uçak vb.); yüzergezer
AMFORA	a.	İki kulplu, dibi sivri, dar boyunlu, karnı geniş testi
AMİLAZ	a.,kim.	Nişastayı parçalayarak şekere çeviren bir enzim
AMİPLİ	sf.	İçinde amip bulunan
AMİRAL	a.,ask.	Rütbesi general ile aynı olan deniz subayı
AMİRCE	zf.	Amire yakışır bir biçimde, amir gibi; amirane
AMİTOZ	a.,biy.	Amip, akyuvar ve bazı bakterilerde hücre bölünmesi yoluyla olan çoğalma
AMNEZİ	a.,tıp	► bellek yitimi
AMORTİ	a.,ekon.	Birden ödenerek faizinin işlemesine son verilen tahvil
AMYANT	a.,kim.	► asbest
ANACIK	a.	Annelere sevgiyle yaklaşıldığını belirten bir söz
ANACIL	sf.,ağz.	Anasına düşkün (çocuk)
ANADUT	a.	Ekin ve ot demetlerini arabaya yüklemeye veya harmanı aktarmaya yarayan uzun saplı, üç dişli, ahşap araç
ANAFOR	a.,coğ.	► girdap
ANALIK	a.	► annelik
ANALİZ	a.,kim.	► çözümleme
ANALOG	sf.	► benzer
ANAMAL	a.,ekon.	► sermaye
ANANAS	a.,bit. b.	Ananasgillerden, sıcak ülkelerde yetişen bir ağaç (Ananas sativus)
ANANAT	a.,esk.	Gelenekler, ananeler
ANARŞİ	a.	► kargaşa
ANASIL	zf.,esk.	Kökten, asıl olarak, esaslı bir biçimde
ANASIR	a.,esk.	Ögeler, unsurlar
ANASIZ	sf.	Anası olmayan
ANASON	a.,bit. b.	Maydanozgillerden, kokulu tohumu hamur işlerinde ve rakı yapımında kullanılan bir bitki (Pimpinella anisum)
ANBEAN	zf.	Her an
ANÇÜEZ	a.	Genellikle hamsi bazen de çaça, sardalya veya tirsi balıklarından yapılan tuzlu ve yağlı ezme; hamsi ezmesi
ANEMİK	sf.,tıp	► kansız
ANEMON	a.,bit. b.	► dağ lalesi
ANGAJE	sf.	"Bağlamak" anlamındaki angaje etmek, "bağlanmak" anlamındaki angaje olmak birleşik fiillerinde geçen bir söz
ANGORA	sf.	Ankara keçisinin kılından veya tavşanının tüyünden elde edilen iplikle dokunan (giysi)
ANGUDİ	a.	Angut kuşunun rengi
ANILIK	a.	► anı defteri
ANILIŞ	a.	Anılmak işi
ANILMA	a.	Anılmak işi
ANINDA	zf.	► çabucak
ANIRIŞ	a.	Anırmak işi
ANIRMA	a.	Anırmak işi
ANIRTI	a.	Eşeğin anırırken çıkardığı sesin adı
ANISAL	sf.	Anıyla ilgili, anıya ait
ANITLI	sf.	Anıtı olan
ANITSI	sf.	Anıtı andıran, anıta benzeyen, anıt gibi; anıtımsı, abidemsi
ANIZLI	sf.	Üstünde anız bulunan (tarla)
ANİDEN	zf.	► ansızın
ANİLİK	a.	Ani olma durumu
ANİLİN	a.,kim.	Benzenden türeyen bir amin
ANJİYO	a.,tıp	► damar görüntüleme
ANLAMA	a.	Anlamak işi; anlamaklık, kavrama, derk, fehim, intikal, tefehhüm, vukuf
ANLATI	a.	Ayrıntılarıyla anlatma
ANOFEL	a.,hay. b.	► sıtma sivrisineği
ANONİM	sf.	Adı sanı bilinmeyen
ANORAK	a.	Su geçirmeyen kumaştan yapılmış, içi elyaf veya tüylü kumaşla kaplanmış, genellikle başlıklı, bir tür şişme spor ceket, mont veya yelek
ANSIMA	a.	► anımsama
ANTANT	a.	► anlaşma
ANTİKA	sf.	Tarihsel bir döneme ait olan
ANTİYE	a.	Posta idaresi tarafından pul yapıştırılmadan kullanılmak üzere hazırlanan, üzerinde pul görünümünde resim veya desen bulunan zarf, kart, kâğıt gibi posta malzemesi
ANTROK	a.,jeol.	Triyas devri katmanlarında bulunan, derisi dikenlilerden, denizlalelerinin saplarını oluşturan kalsiyum karbonat birleşimli fosil
ANTSIZ	sf.	Ant içilmemiş
APAÇIK	sf.	Çok açık, çok belirgin
APALAK	sf.	Tombul, gürbüz, iri olan (bebek veya küçük çocuk)
APARAT	a.	Herhangi bir aracın çeşitli amaçlarla kullanılmasını sağlayan parçaları
APAREY	a.	Çeşitli parçalardan meydana gelen alet, cihaz
APARMA	a.	Aparmak işi
APATİT	a.,jeol.	Doğada bulunan, içinde flor veya klor olan doğal kalsiyum fosfat
APAYRI	sf.	Büsbütün ayrı; bambaşka
APIŞAK	sf.,ağz.	Bacaklarını açarak yürüyen, bacakları ayrık olan
APIŞIK	sf.,ağz.	Yorgun ve güçsüz olan
APIŞMA	a.	Apışmak işi
APLİKE	a.	Çeşitli şekillerde kesilmiş kumaş parçalarının başka bir kumaş üzerine zikzak, sarma vb. yöntemlerle dikilmesi
APOLET	a.,ask.	Subaylarda üniformaların omuzlarına takılan, rütbenin sembolünü gösteren parça; omuzluk
APRECİ	a.	Apre yapan kimse
APRELİ	sf.	Apresi yapılmış, perdahlanmış veya cilalanmış
APSELİ	sf.	Apse durumuna gelmiş olan
APSENT	a.	Pelinle kokulandırılmış sert bir içki
ARABAN	a.,müz.	Klasik Türk müziğinde neva perdesi üzerindeki bayati makamı seyrine uşşak dörtlüsü, hicaz beşlisine uşşak dörtlüsü ilavesinden meydana gelen bir makam
ARAÇLI	sf.	Araçla yapılan veya olan; vasıtalı
ARAKÇI	sf.,argo	Araklayan, çalan (kimse)
ARALIK	a.	İki şey arasındaki mesafe, iki şeyin arasındaki boşluk; fasıla
ARAMAK	-i	Birini veya bir şeyi bulmaya çalışmak
ARANIŞ	a.	Aranmak işi
ARANJE	sf.	"Düzenlenmek" anlamında aranje etmek birleşik fiilinde geçen bir söz
ARANMA	a.	Aranmak işi
ARANTI	a.	Aranılan çözüm
ARAROT	a.	Sıcak iklimlerde yetişen maranta adlı kamıştan ve başka bitkilerin kökünden çıkarılan, çocuk maması yapmaya yarayan un
ARASAT	a.	► mahşer yeri
ARASIZ	zf.	► aralıksız
ARASTA	a.	Çarşılarda veya alışveriş bölgelerinde aynı işi yapan esnafın bir arada bulunduğu bölüm
ARAŞİT	a.,bit. b.	► yer fıstığı
ARAŞMA	a.	Araşmak işi
ARATIŞ	a.	Aratmak işi
ARATMA	a.	Aratmak işi
ARAYIŞ	a.	Aramak işi
ARAYÜZ	a.,bl.	Yazılım ile kullanıcının etkileşimini sağlamak üzere düzenlenmiş ekran görüntüsü
ARAZÖZ	a.	Yolları ve yol kenarlarındaki yeşillikleri sulamakta kullanılan motorlu araç
ARBEDE	a.	Birçok kişinin karıştığı gürültülü, patırtılı kavga; patırtı
ARDİYE	a.	Evlerde kullanılmayan, saklanması gereken eşyaların konulduğu bölüm
ARGALİ	a.,hay. b.	► yaban koyunu
ARGOLU	sf.	İçinde argo söz bulunan
ARIKÇI	a.	Su yolu yapan kimse
ARILAR	a.,hay. b.	Tek tek veya bir topluluk düzeni içinde yaşayan, vücutları, özellikle karınları ve arka ayakları kıllarla örtülü zar kanatlılar familyası
ARILIK	a.	Yabancı şeylerden arınmış olma durumu
ARINIK	sf.	Her çeşit mikroptan arınmış; steril, sterilize
ARINIŞ	a.	Arınmak işi
ARINMA	a.	► temizlenme
ARITIM	a.	Petrol, yağ vb. maddeleri arıtma işi; rafinaj
ARITIŞ	a.	Arıtmak işi
ARITMA	a.	Arıtmak işi
ARİOSO	a.,müz.	Dramatik ve lirik bakımdan yüksek bir anlatım gücü olan ağırbaşlı ezgi
ARİTMİ	a.,tıp	Kalp atışlarındaki düzensizlik ve eşitsizlik
ARİYET	a.,huk.	Belli bir taşınır malın kullanımının geri verilmek şartıyla bedelsiz olarak bir kimseye bırakılması
ARKAİK	sf.	Güzel sanatlarda klasik çağ öncesinden kalan
ARKALI	sf.	Arkası olan
ARKEEN	a.,jeol.	Kambriyumlardan önce oluşan en eski yer katı
ARKTİK	sf.,coğ.	Kuzey Kutbu ve çevresindeki bölgeyle ilgili
ARMADA	a.,den.	► donanma
ARMALI	sf.	Arma bulunan
ARMONİ	a.,müz.	► uyum
ARMUDİ	sf.,esk.	Armut biçiminde olan
ARNİKA	a.,bit. b.	► öküzgözü (I)
ARPACI	a.	Arpa alan ve satan kimse
ARSLAN	a.,hay. b.	► aslan
ARTÇIL	sf.	Arkadan gelen, sonra olan, öncül karşıtı
ARTİST	a.	Güzel sanatlardan birini meslek edinen kimse; sanatçı
ARTMAK	a.,ağz.	Büyük heybe
ARTRİT	a.,tıp	Eklemlerde görülen romatizma
ARTROZ	a.,tıp	Genellikle şekil bozucu, iltihapsız, süreğen eklem hastalığı
ARUSEK	a.	Ağaç, fildişi veya madenî eşyalar üzerine kakılan, uçuk yeşil ve pembe renkte, ışığın yönüne göre renk değiştiren bir tür sedef
ARZANİ	sf.,esk.	Enine olan
ARZULU	sf.	► istekli
ASACAK	a.	► askı
ASALAK	a.,biy.	Bir canlıda sürekli veya geçici yaşayarak ona zarar veren başka canlı; parazit
ASALET	a.	► soyluluk
ASAYİŞ	a.	Bir yerin düzen ve güvenlik içinde bulunması durumu
ASBEST	a.,min.	Isıya, kimyasal maddelere, korozyona ve elektriğe dayanıklı olması nedeniyle yanmaz kumaşların dokunmasında, yangın, ısı, elektrik yalıtımında, balata vb.nde kullanılan, yapısal özellikleri açısından esnek, fazla solunduğunda kanser ve kronik solunum yolu hastalıklarına yol açan, ipek görünümünde lifli yapıda olan, kalsiyum ve magnezyum silikat karışımı bir mineral; taş pamuğu, kaya lifi, beyaz toprak, amyant
ASEPSİ	a.,tıp	Özellikle tıpta kullanılan araç gereçlerdeki hastalık etkeni mini canlıların sayısını kimyasal veya fiziksel yollarla hastalığa sebep olamayacak düzeye düşürme
ASETAT	a.,kim.	Asetik asidin tuzu
ASETİK	sf.,kim.	Sirkeyle ilgili, sirkeyle aynı özellikleri taşıyan
ASETON	a.,kim.	Birçok organik maddeyi eritmekte kullanılan uçucu, kolayca alev alır, eter kokusunda bir sıvı
ASFALT	a.	Siyah renkte şekilsiz bir cins bitüm
ASGARİ	sf.	En az, en aşağı, en düşük, en alt; minimal, minimum
ASILIŞ	a.	Asılmak işi
ASILLI	sf.	Bir kökene dayanan; kökenli
ASILMA	a.	Asılmak işi; sulantı
ASILTI	a.,fiz.	Çözünemeyen madde parçacıklarının dibe çökmeden bir sıvı ortamda kalmış durumu; süspansiyon
ASINTI	a.	Bir işi hemen yapmayıp bekleterek geri bırakma
ASİLİK	a.	► başkaldırıcılık
ASİTLİ	sf.	İçinde asit bulunan
ASKERÎ	sf.	Askerlikle ilgili, askere özgü
ASKICI	a.	Askı yapan veya satan kimse
ASKIDA	sf.	İhtiyaç sahiplerinin alabilmeleri amacıyla fırın, kahvehane vb. yerlerde bırakılan ve ücreti başkaları tarafından önceden ödenen (ekmek, çay vb.)
ASKILI	sf.	Askısı olan
ASLİYE	a.,esk.	► esas
ASMALI	sf.	Asması olan
ASORTİ	sf.	Birbirine uygun, birbirini tutar renk ve biçimde olan (giysi)
ASUMAN	a.,esk.	► gök
AŞARCI	a.,tar.	► öşürcü
AŞERAT	a.,esk.	Onluklar
AŞERME	a.	Aşermek durumu
AŞHANE	a.	► aşevi
ÂŞIKLI	sf.	Âşığı olan
AŞILMA	a.	Aşılmak durumu
AŞINIM	a.	Aşınmak işi
AŞINIŞ	a.	Aşınmak işi
AŞINMA	a.	Aşınmak işi
AŞINTI	a.	Aşınmış yer
AŞIRIŞ	a.	Aşırmak işi
AŞIRMA	a.	Aşırmak işi; aşırtı
AŞIRTI	a.,huk.	► aşırma
AŞISIZ	sf.	Herhangi bir hastalığa karşı aşılanmamış olan (kimse)
AŞİKÂR	sf.	► belli (II)
AŞİRET	a.	Dil ve kültür yönünden büyük bir türdeşlik gösteren, birçok boydan oluşan, yapısındaki aileler arasında toplum, ekonomi, din, kan veya evlilik bağları bulunan göçebe veya yerleşik nitelikteki topluluk; oymak (II)
AŞİYAN	a.,esk.	► kuş yuvası
AŞKSIZ	zf.	Aşk olmadan, aşk olmaksızın
AŞÜFTE	a.	Oynak, açık saçık kadın; kokot
ATABEY	a.,tar.	Eski Türk devletlerinde, özellikle Selçuklularda şehzadelerin eğitimi veya bağımsız olarak bir eyaletin yönetimi ile görevli vezir
ATALET	a.,esk.	► tembellik
ATALIK	a.	Ata olma durumu
ATAMAK	-e,-i	Birini bir göreve getirmek; nasbetmek, tayin etmek
ATAMAN	a.,tar.	Rus Kazakların başbuğuna verilen ünvan
ATANIŞ	a.	Atanmak işi
ATANMA	a.	Atanmak işi; tayin edilme
ATARLI	sf.,argo	Birisine karşı veya bir olay karşısında korkusuzca güç gösterisinde bulunan
ATAVİK	sf.,ant.	Atacılıkla ilgili
ATAYIŞ	a.	Atamak işi
ATBAŞI	zf.	► başa baş
ATEİST	sf.,fel.	► tanrıtanımaz
ATEİZM	a.,fel.	► tanrıtanımazlık
ATELYE	a.	343 atölye
ATEŞÇİ	a.	Fabrika, vapur, lokomotif vb. ateşle işleyen yerlerde ocaklara kömür atıp ateşin sürekli yanmasını sağlayan kimse; kazancı, ocakçı
ATEŞİN	sf.,esk.	Ateş renginde olan
ATEŞLİ	sf.	Ateşi olan
ATIFET	a.,esk.	► lütuf
ATILIM	a.	Atılmak işi
ATILIŞ	a.	Atılmak işi
ATILMA	a.	Atılmak işi
ATIMCI	a.	► hallaç
ATIŞMA	a.	Atışmak işi
ATKILI	sf.	Atkısı olan
ATLAMA	a.	Atlamak işi
ATMACA	a.,hay. b.	Atmacagillerden, ormanlık alanlarda yaşayan, küçük kuşları ve kemirgenleri avlayarak beslenen, geniş ve kısa kanatlı, bacakları ve kuyruğu uzun olan, kendi küçük, gagası büyük, ava alıştırılabilen yırtıcı kuş; akkuş (Accipiter nisus)
ATOMAL	sf.,fiz.	Atomlarla ilgili olan; atomik
ATOMCU	a.	Atomla uğraşan kimse
ATOMİK	sf.,fiz.	► atomal
ATONAL	sf.,müz.	Yeni bir bestecilik çığırına göre, ton ve makam temeline bağlı kalmadan oluşturulan (beste)
ATÖLYE	a.	Zanaatçıların veya resim, heykel sanatlarıyla uğraşanların çalıştığı yer; işlik (I)
AVADAN	a.	Alet edevat takımı
AVALCA	zf.	Avala yakışır bir biçimde; aval aval
AVAMCA	zf.	Avama yakışır bir biçimde
AVANAK	sf.	► saf (II)
AVANTA	a.,argo	Bir kimsenin emek vermeden sağladığı kazanç
AVARIZ	a.,esk.	Deprem, sel, yangın vb. doğal afetler
AVARYA	a.,tic.	Bir deniz yolculuğunda geminin veya yükünün gördüğü zarar
AVDETÎ	sf.,din b.	► dönme
AVERAJ	a.	► ortalama
AVİSTO	a.,tic.	Ödenmesi gereken poliçelere yazılan ve "görüldüğünde" anlamına gelen bir terim
AVLAMA	a.	Avlamak işi
AVUKAT	a.,huk.	Hak ve yasa işlerinde isteyenlere yol göstermeyi, mahkemelerde, devlet dairelerinde başkalarının hakkını aramayı, korumayı meslek edinen ve bunun için yasanın gerektirdiği şartları taşıyan kimse; savunucu, müdafi
AVUNMA	a.	Avunmak işi; teselli
AVUNTU	a.	İnsanı avutan söz veya davranış, oyalanacak şey; avunç, teselli
AVUNUŞ	a.	Avunmak işi
AVUTMA	a.	Avutmak işi; teselli
AVUTUŞ	a.	Avutmak işi
AYAKÇI	a.	Getirgötür işlerinde kullanılan kimse
AYAKLI	sf.	Ayağı olan
AYAKSI	sf.	Ayağı andıran, ayağa benzeyen, ayak gibi
AYAKTA	zf.	Ayağa kalkmış durumda
AYARCI	a.,esk.	Esnafın kullandığı ölçü aletlerini denetleyen görevli
AYARLI	sf.	Ayarlanmış, doğru çalışması sağlanmış, düzeltilmiş (saat, makine vb.)
AYARTI	a.	Ayartmak işi
AYAZMA	a.	Rumların kutsal saydıkları kaynak veya pınar
AYBAŞI	a.	Belirli yaşlar arasında kadınların ayda bir döl yatağından kan gelmesi durumu; ay hâli, âdet
AYBEAY	zf.	Aydan aya, her ay düzenli bir biçimde
AYDEDE	a.	Çocuk dilinde ay
AYIKMA	a.	Ayıkmak işi
AYILIK	a.,mec.	Kaba davranış
AYILIŞ	a.	Ayılmak işi
AYILMA	a.	Ayılmak işi
AYILTI	a.	► mahmurluk
AYINGA	a.	Kaçak tütün
AYIPLI	sf.	Ayıbı, kusuru olan
AYIRAÇ	a.,kim.	Maddeleri kimyasal birleşime veya ayrışıma uğratarak niteliklerini belirlemede kullanılan bileşikler; belirteç, miyar, reaktif
AYIRAN	sf.,fiz.	Işığı yalın ögelerine ayırma özelliği olan
AYIRIŞ	a.	Ayırmak işi
AYIRMA	a.	Ayırmak işi; şerh, tecrit
AYIRTI	a.	Aynı cinsten olan şeyler arasındaki ince fark; çalar, nüans
AYKIRI	sf.	Alışılmışa, doğru olarak kabul edilmişe uygun olmayan; hilaf, mugayir, muhalif
AYLAMA	a.	Aylamak işi
AYNACI	a.	Ayna yapan veya satan kimse
AYNALI	sf.	Aynası olan
AYNISI	zm.	Ayırt edilemeyecek kadar benzerlik göstereni; tıpkısı
AYRICA	zf.	Ayrı olarak; başkaca, antrparantez
AYRILI	sf.	► ayrık
AZALIŞ	a.	Azalmak işi
AZALMA	a.	Azalmak işi
AZAMET	a.	► ululuk
AZAPLI	sf.	Sıkıntı, acı veren
AZATLI	a.,esk.	Azat edilmiş cariye veya köle
AZICIK	sf.	► biraz
AZIKLI	sf.	Azığı olan
AZIŞMA	a.	Azışmak işi
AZITMA	a.	Azıtmak işi
AZİMET	a.,esk.	► gidiş
AZİMLİ	sf.	Azmi olan
AZİZİM	ünl.	Dost, arkadaş vb. kişilere seslenme sözü
AZONAL	a.,coğ.	Yeryüzünün herhangi bir noktasında enleme bağlı olmaksızın meydana gelen olay
AZOTLU	sf.	İçinde azot bulunan
AZOTÜR	a.,kim.	HN3 formülünde bir tür asit
BABACA	sf.	Baba gibi, babaya yakışır
BABACI	sf.,fel.	Babacılık yanlısı olan; paternalist
BABALI	sf.	Babası olan
BABAM!	tkz.	sese verilen tona göre şaşma, beğenme, acı, üzüntü vb. duygular anlatan söz
BAÇSIZ	sf.,tar.	Baç ödenmeyen
BADANA	a.	Duvarları boyamak için kullanılan sulandırılmış kireç veya boya
BADEHU	zf.,esk.	Ondan sonra
BADEMA	zf.,esk.	► bundan böyle
BADİRE	a.	Birdenbire ortaya çıkan tehlikeli durum
BADİYE	a.,esk.	► çöl
BAĞBAN	a.	Bağ veya bahçe bekçisi
BAĞCIK	a.	Bağlama işinde kullanılan şerit biçiminde bağ
BAĞDAŞ	a.	Sağ ayağı sol uyluğun, sol ayağı sağ uyluğun altına alarak oturma biçimi
BAĞICI	a.	► göz bağıcı
BAĞLAÇ	a.,db.	Eş görevli kelimeleri veya söz dizimi unsurlarını birbirine bağlayan kelime türü; rabıt (II), rabıt edatı: ve, ya, veya, ya da vb
BAĞLAM	a.	► demet
BAĞLIK	a.	Bağ yeri, üzüm bağları çok olan yer
BAĞNAZ	sf.	Bir düşünceye, bir inanışa aşırı ölçüde bağlanıp ondan başka bir düşünce ve inanışı kabul etmeyen; mutaassıp, fanatik
BAĞRIŞ	a.	Bağırmak işi
BAĞSIZ	sf.	Bağı bulunmayan
BAHANE	a.	Bir şeyin gerçek sebebi gizlenerek ileri sürülen uydurma sebep; mazeret
BAHŞİŞ	a.	Yapılan bir hizmete ödenen ücretten ayrı olarak fazladan verilen para; kahve parası
BAHTLI	sf.	Yazgısı iyi olan; talihli
BAKARA	a.	İskambil kâğıdı ile oynanan bir kumar
BAKAYA	a.,ask.	Askerlik çağına girenlerden son yoklamalarını yaptırarak askerlik kararı aldırdıkları hâlde çağrıldıklarında gelmeyen veya gelip de kıtalarına gitmeden toplandıkları yerlerden ayrılanlar
BAKICI	a.	Bakma işiyle görevlendirilen kimse
BAKİRE	sf.	Cinsel ilişkide bulunmamış (dişi); kızoğlan, kızoğlankız, erden
BAKİYE	a.	Artık, artan, kalan, geri kalan şey
BAKKAL	a.	Yiyecek, içecek vb. maddeleri perakende olarak satan kimse
BAKLAN	a.,hay. b.	Anguda benzeyen kırmızı renkli bir tür yaban kazı (Otis tarda)
BAKMAK	-e	Bakışı bir şey üzerine çevirmek
BAKRAÇ	a.	Çoğunlukla bakırdan yapılan küçük kova
BALAMA	a.,tiy.	Orta oyununda Rum tipi
BALANS	a.	► denge
BALAST	a.	Demir yollarında traverslerin altına, şoselerde düzeltilmiş toprak üzerine döşenen taş kırıkları
BALATA	a.	Soğuk ve sıcakta büyük bir sürtünme katsayısına sahip olan, suya ve yağa dayanıklı, yavaş aşınan madde
BALAYI	a.	Evlilik hayatının ilk ayı veya ilk günleri; cicimayı
BALBAL	a.	Eski Türklerde kişinin anılması için mezarının veya bazı kurganların etrafına dikilen taş
BALÇAK	a.,ağz.	► kabza
BALÇIK	a.	İçinde çeşitli organik maddeler bulunan, genellikle killi, koyu, yapışkan çamur; mil (I)
BALDIR	a.	Bacağın dizden ayak bileğine kadar olan bölümü; incik
BALDIZ	a.	Erkeğe göre eşinin kız kardeşi
BALENA	a.	► balen
BALGAM	a.	Solunum organlarının salgıladığı, ağızdan dışarı atılan sümüksü madde
BALİCİ	sf.	Yapıştırıcıların içerisindeki uçucu kimyasalları özellikle soluma yoluyla uyuşturucu olarak kullanma bağımlılığı bulunan (kimse)
BALİNA	a.,hay. b.	Balinalardan, yaklaşık uzunluğu 20 metre, ağırlığı 200 ton olan memeli hayvan (Balaena mistycetus)
BALKAN	a.	Sarp ve ormanlık sıradağ
BALKIR	a.,ağz.	► parıltı
BALLIK	a.	Bal konulan kap
BALSAM	a.,kim.	► pelesenk ağacı
BALYAJ	a.	Saça, seyrek olarak ve kalın parçalar hâlinde yapılan, saç renginin dışında kızıl, sarı, mavi vb. renk uygulaması
BALYOS	a.,tar.	Osmanlı Devleti'nde Frenk ve özellikle Venedik elçilerine verilen ad
BALYOZ	a.	Taş kırma, kazık çakma, duvar yıkma vb. işlerde kullanılan, çok iri, ağır çekiç; varyos
BALZAM	a.	bk. balsam
BAMBUL	a.,hay. b.	Kurtçuk evresinde ekinlerin kökünü, ergin evrede başakları kemiren, kahverengi, kın kanatlı böcek (Anisoplia austriaca)
BANDAJ	a.	Sargı ile sarma
BANKER	a.	Banka sahibi kimse
BANKET	a.	Şehirler arası yolların iki tarafında yayaların yürümesine ve taşıtların trafiği aksatmadan durabilmesine yarayan çakıl veya toprak yol
BANKİZ	a.,coğ.	► buzla
BANMAK	-e,-i	Katı bir şeyi sulu veya tuz, biber vb. toz durumundaki maddelerin içine batırıp çıkarmak; bandırmak
BAOBAP	a.,bit. b.	Ebegümecigillerden, sıcak ülkelerde yetişen, çok yüksek olmamakla birlikte, gövdesinin çevresi 20 metreyi aşabilen bir ağaç; baobap ağacı (Adansonia digitata)
BARAKA	a.	Tahta, çinko vb. hafif şeylerden yapılmış, temelsiz, eğreti yapı
BARATA	a.	Bilim doktorları ile kardinallerin giydikleri dört köşe külah veya başlık
BARBAR	sf.	Uygarlaşmamış (kavim, topluluk)
BARBUN	a.,hay. b.	► barbunya (I)
BARBUT	a.	Ortaya konan para için iki kişi veya iki grup arasında, atılan bazı zarların kazanması, bazı zarların kaybetmesi temeline dayalı olarak oynanan bir tür kumar
BARÇAK	a.	Kılıç kabzasının siperi; balçak
BARDAK	a.	Su vb. şeyleri içmek için kullanılan, genellikle camdan yapılan kap
BARDAN	sf.	Çok beyaz
BARGÂH	a.,esk.	İçerisine izin alınarak girilebilen makam
BARGAM	a.,hay. b.	Levreğe benzer bir balık
BARKAN	a.,coğ.	Hilal biçiminde kumul
BARKOD	a.	Malın değişik özelliklerini ve fiyatını belirten, elektronik aygıtların okuyabileceği biçimde düzenlenmiş etiket; çizgi im
BARLAM	a.	İnce pullu, sırtı açık kahverengi, yanları ve karnı beyaz, ortalama 30-40 santimetre boyunda, Marmara ve Ege deniziyle Akdeniz'de bol bulunan bir tür balık (Merluccius merluccius)
BARMEN	a.	Barda içki hazırlayıp sunan kimse
BARSAM	a.,hay. b.	Yüzgeçleri dikenli ve zehirli bir tür çarpan balığı (Trachinus vipera)
BARUDİ	a.,esk.	► barut rengi
BARYUM	a.,kim.	Atom sayısı 56, yoğunluğu 3,78 olan, doğada en çok baryum sülfat ve baryum karbonat olarak bulunan, havada çabuk oksitlenen, gümüş renginde, katı ve basit bir element (simgesi Ba)
BASARİ	sf.,esk.	Görme ile ilgili
BASICI	a.	Bası işi yapan kimse; tabi (II)
BASILA	a.	Basım işlerinde provalar için “basınız, basılsın” anlamında kullanılan bir söz
BASILI	sf.	Basılarak yerleştirilmiş
BASINÇ	a.,fiz.	Bir yüzey üzerine etkide bulunan gücün yüz ölçümü birimine düşen miktarı; tazyik
BASKET	a.,sp.	Basketbolda kazanılan sayı
BASKIN	a.	Suç işlendiği veya suçluların bulunduğu sanılan bir yere ansızın girme
BASKÜL	a.	Ağırlıkları tartmaya yarayan alet; kantar
BASMAK	-e	Vücudun ağırlığını verecek bir biçimde ayak tabanını bir yere veya bir şeyin üzerine koymak
BASTIK	a.,ağz.	► pestil
BASTON	a.	Yürürken dayanmaya yarayan, ağaç veya metalden yapılan araç
BAŞARI	a.	Başarma işi; muvaffakiyet
BAŞBUĞ	a.,tar.	Eski Türklerde devletin veya ordunun başında olan kimse
BAŞÇIK	a.,bit. b.	Çiçeklerin erkek organlarında çiçek tozunu taşıyan torbacık; haşefe
BAŞÇIL	sf.	Başla ilgili, başa ait olan
BAŞKAN	a.	Bir topluluğun, bir toplantının veya bir derneğin başında bulunan kimse; reis, reis bey
BAŞLIK	a.	Genellikle başı korumak için giyilen şapka; dolambaç, serpuş
BAŞMAK	a.,esk.	► ayakkabı
BAŞMAL	a.,tic.	► sermaye
BAŞODA	a.	Geleneksel Türk evlerinde özellikle konukların ağırlandığı, özenli bir biçimde döşenmiş büyük oda
BAŞROL	a.	Tiyatro, sinema veya televizyon dizisinde en önemli rol
BAŞSIZ	sf.	Başı olmayan
BAŞTAN	zf.	Başından alarak, bir kez daha
BAŞTAŞ	a.	► kafadar
BAŞUCU	a.,gök b.,coğ.	Yeryüzünde bir noktada çekülün gösterdiği doğrultunun gökyüzüne doğru olan yönü
BATÇIK	a.,ağz.	► alt geçit
BATERİ	a.,müz.	Orkestrada vurmalı çalgılar topluluğu; davul
BATICI	sf.	Batı kültür ve uygarlığından yana olan; Garpçı
BATILI	sf.	Batı ülkelerinden olan (kimse); Garplı, Mağribî (I)
BÂTINİ	sf.	İçte olan, iç âlemde olan, sırla ilgili
BATKIN	sf.,huk.,ekon.	Batmış, çökmüş olan
BATMAK	nsz.	Bir sıvının üstündeyken içine gömülmek
BATMAN	a.,esk.	7,692 kilogram olan ağırlık ölçü birimi
BATSAT	zf.,ağz.	Seyrek olarak
BATTAL	sf.	En ve boyca alışılmış olandan büyük
BATYAL	a.,coğ.	Okyanus veya denizin derinliği 200-2.000 metre arasında olan kısımları; batiyal
BAYAĞI	sf.	Aşağılık bir durumda olan
BAYATI	a.,ed.	Azeri ve Türkmen halk şiirinde mâni türü
BAYATİ	a.,müz.	Klasik Türk müziğinde uşşak dörtlüsüne buselik beşlisi katılmasıyla yapılmış eski bir makam
BAYGIN	sf.	Bayılmış, kendinden geçmiş
BAYKUŞ	a.,hay. b.	Başında, kulak yerinde iki sorgucu bulunan, yırtıcı gece kuşlarının genel adı
BAYLAN	sf.,ağz.	Nazlı, işveli olan
BAYMAK	nsz.,ağz.	Yiyecek mideyi bulandırmak, midede ezinti yapmak
BAYPAS	a.,tıp	► köprüleme
BAYRAK	a.	Bir milletin, belli bir topluluğun veya bir kuruluşun simgesi olarak kullanılan, renk ve biçimle özelleştirilmiş, genellikle dikdörtgen biçiminde kumaş; alem
BAYRAM	a.	Millî veya dinî bakımdan önemi olan ve kutlanan gün veya günler
BAYSAL	sf.	Huzur ve refah içinde olan
BAYTAR	a.	► veteriner
BAZALI	sf.	Bazası olan
BAZALT	a.,jeol.	Koyu renkli, sert bir tür yanardağ kültesi
BAZISI	zm.	Bir bölümü
BAZİÇE	a.,esk.	► oyun
BAZUKA	a.,ask.	Öz itmeli mermi atan, genellikle zırhlı araçlara karşı yakın savaş sırasında kullanılan hafif silah; roketatar
BECERİ	a.	Elinden iş gelme durumu; maharet
BEDAVA	sf.	► parasız
BEDAYİ	a.,esk.	Estetik yönü ağır basan güzellikler
BEDBİN	sf.,fel.	► kötümser
BEDDUA	a.	Bir kimsenin kötü bir duruma düşmesini dilemek için söylenen söz; ilenç, kargış
BEDENÎ	sf.,esk.	► bedensel
BEDEVİ	a.	Çölde, çadırda yaşayan göçebe
BEDHAH	sf.,esk.	Başkasının kötülüğünü isteyen, kötü yürekli
BEDİHİ	sf.,esk.	İspat gerektirmeyecek şekilde açık seçik olan
BEDNAM	sf.,esk.	Kötü ün kazanan, kötülüğü ile dillere düşen
BEĞENİ	a.	Hoşa giden, güzel olan bir şeyin insanda uyandırdığı beğenme duygusu
BEHİME	a.,esk.	Dört ayaklı hayvan
BEHİMİ	sf.,esk.	Hayvanca, hayvana yakışır bir biçimde olan (duygu)
BEHİŞT	a.,esk.,din b.	► cennet
BELALI	sf.	Yoran, üzen, can sıkan
BELASI		-den dolayı, sebebiyle
BELEDİ	sf.,esk.	Şehirle ilgili
BELEME	a.	Belemek işi
BELEŞE	zf.	► bedava
BELGEÇ	a.	► belgegeçer
BELGİN	sf.	Tam ve kesin olarak belirlenmiş olan; sarih
BELGİT	a.,tic.	► senet
BELİYE	a.,esk.	► bela
BELKİM	zf.	► belki
BELLEK	a.,ruh b.	Yaşananları, öğrenilen konuları, bunların geçmişle ilişkisini bilinçli olarak zihinde saklama gücü; an (III), dağar, dağarcık, akıl, hafıza, yâd, zihin
BELLEM	a.	Bellemek yetisi
BELLİK	a.	Bir şeyin belli olması için arasına veya üzerine konulan işaret
BELSEM	a.	► balsam
BENCİL	sf.	Yalnız kendini düşünen, kendi çıkarlarını herkesinkinden üstün tutan; kendimci, hodbin, hodkâm, egoist
BENDEN		birisi tarafında olan (kimse)
BENDİR	a.	Alaturka müzikte kullanılan, zilsiz tef biçimindeki çalgı aleti
BENLİK	a.	Bir kimsenin öz varlığı, kişiliği, onu kendisi yapan şey
BENSİZ	zf.	Ben (III) olmaksızın
BENZEN	a.,kim.	Maden kömürü katranından çıkarılan C6H6 formülündeki hidrokarbonun bilimsel adı; benzin
BENZER	sf.	Nitelik, görünüş ve yapı bakımından bir başkasına benzeyen veya ona eş olan; benzeri, benzeş, emsal, menent, misal, mümasil, müşabih, nazir, analog, model
BENZEŞ	sf.	► benzer
BENZİN	a.,kim.	Petrolün damıtılması ile elde edilen, özgül ağırlığı yaklaşık 0,65 olan, renksiz, uçucu, kendine özgü kokusu bulunan, motor yakıtı olarak kullanılan bir sıvı
BENZOL	a.,kim.	Benzin ve tolüen karışımı bir akaryakıt
BERAAT	a.,huk.	► aklanma
BERBAT	sf.	► kötü
BERDEL	a.,ağz.	Ailenin kız ve erkek çocuğunun diğer ailenin kız ve erkek çocuğuyla karşılıklı olarak aynı zamanda evlendirilmesi
BERDUŞ	a.	Başıboş, serseri kimse
BERELİ	sf.	Beresi olan
BERİKİ	sf.	Beride olan
BERJER	a.	Arkası kabarık ve yüksek, oturacak yeri geniş, tek kişilik koltuk; berjer koltuk
BERRAK	sf.	Bulanık, kirli olmayan
BERTİK	a.,ağz.	► bere (I)
BERTME	a.	► bertilme
BERZAH	a.,din b.	Dinî inanışlara göre dünya ile ahiret arasında ruhların kıyameti bekledikleri yer
BESİCİ	a.	Sığır, davar vb. hayvanları besleyerek semirten, satan kimse
BESİLİ	sf.	Semiz, semirtilmiş olan; yağlı
BESLEK	a.,ağz.	► besleme
BEŞERÎ	sf.	İnsanoğlu ile ilgili
BEŞGEN	a.,mat.	Beş kenarlı çokgen; muhammes
BEŞLİK	sf.	Beşi bir arada, beş taneden oluşmuş, beş tane alabilen
BEŞTAŞ	a.	Beş adet taşla oynanan, havaya atılan bir adet taşın yere düşmeden yerdekilerin tek avuçla toplanmasına dayanan bir tür çocuk oyunu
BETİLİ	sf.	► figüratif
BEVVAP	a.,esk.	► kapıcı
BEYGİR	a.	► at
BEYLİK	a.	Bey olma durumu
BEYNEN	zf.	Beyince, beyin bakımından
BEZELİ	sf.	Bezesi olan
BEZEME	a.	► süsleme
BEZGİN	sf.	Yaşama veya iş görme isteğini yitirmiş
BEZMEK	-den	Bezgin duruma gelmek
BEZZAZ	a.,esk.	► manifaturacı
BIÇKIN	a.,argo	► kabadayı
BIKKIN	sf.	Çok bıkmış, usanmış, bezmiş
BIKMAK	-den	Tekrarlanması, sürüp gitmesi yüzünden bir şeyden doygunluk veya yorgunluk duyarak onu istemez duruma gelmek
BILDIR	zf.,ağz.	Geçen yıl, bir yıl önce
BITTIM	a.	► çitlembik
BIZBIZ	a.,ağz.	Davula sol elle vurulan ince değnek
BIZDIK	a.,şaka	Ufak çocuk
BİAMAN	sf.,esk.	► amansız
BİBAHT	sf.,esk.	► bahtsız
BİÇARE	sf.	► çaresiz
BİÇMEK	-i	Belli bir biçim vererek kesmek
BİENAL	zf.	► yılaşırı
BİFTEK	a.	Izgara veya tavada pişirilen, genellikle dana eti dilimi
BİGÂNE	sf.,esk.	► yabancı
BİGUDİ	a.	Kadınların saçlarını kıvırmak için kullandıkları, metal, sünger veya plastikten, boru biçiminde küçük araç; sarmaç
BİİLAÇ	sf.	► ilaçsız
BİKİNİ	a.	Deniz, göl, havuz vb. yerlere girerken veya güneşlenirken giyilen, iki parçadan oluşan kadın giysisi
BİLDİK	sf.	► tanıdık
BİLEĞİ	a.	Bıçak, çakı, makas vb. kesici araçları bilemek için kullanılan alet
BİLEME	a.	Bilemek işi; bileğileme, bileyleme
BİLGİÇ	sf.	Bilgili olan (kimse)
BİLİCİ	sf.	Bilme özelliği taşıyan, bilen
BİLİNÇ	a.	İnsanın kendisini ve çevresini tanıma yeteneği; şuur
BİLLUR	a.	Bazı cisimlerin bazı fiziksel etkiler altında aldıkları veya doğal olarak bulundukları geometrik biçim
BİLMEK	nsz.	Bir şey hakkında bilgi sahibi olmak, öğrenmiş bulunmak
BİLMEZ	sf.	“Anlamaz, saymaz, yapmaz” anlamları ile adlarla birleşerek birleşik sıfat kuran bir söz
BİLMİŞ	sf.	Her şeyi bilir geçinen, bilgiçlik taslayan
BİLSAT	a.	► bilgileşim
BİLYON	a.,esk.	► milyar
BİNAEN	e.	Dayanarak
BİNBİR	sf.	Pek çok, çok sayıda
BİNİCİ	a.	Ata binen kimse
BİNKAT	zf.	Pek çok, kıyaslanmayacak ölçüde
BİNLİK	sf.	Bini bir arada, bin taneden oluşmuş, bin tane alabilen
BİNMEK	-e	Yüksek bir şeyin veya bir hayvanın üstüne çıkıp ayaklarını sallandırarak oturmak
BİNYIL	a.	Bin yılı içine alan zaman dilimi; milenyum
BİRACI	a.	Bira yapıp satan kimse
BİRÇOK	sf.	Oldukça çok, sayısı belirsiz; bir dolu, sürü sepet, müteaddit
BİRDEN	zf.	► bir defada
BİRİSİ	zm.	Herhangi bir kimse
BİRKAÇ	sf.	Çok olmayan, az sayıda
BİRLER	a.,mat.	Ondalık sayı sistemine göre yazılan bir tam sayıda sağdan sola doğru ilk sayının bulunduğu basamak
BİRLİK	a.	Tek, bir olma durumu
BİRSAM	a.,esk.,ruh b.	► sanrı
BİSTRO	a.	İçki içilen kahve
BİTEVİ	zf.	► tekdüze
BİTKİN	sf.	Gücü tükenmiş olan, çok yorgun; aygın baygın, bitap
BİTLER	a.,hay. b.	Kanatlılar alt sınıfına giren, ağız yapıları sokup emmeye elverişli, memelilerde yaşayan ve kanla beslenen bir böcek takımı
BİTMEK	nsz.	► tükenmek
BİTNİK	a.	Genel davranışları ve hırpani giysileri ile toplum hayatından kopma eğilimi gösteren ve toplum dışında bir yaşantısı olan genç
BİTTER	a.	Kakao oranı yüksek, acı çikolata
BİVEFA	sf.,esk.	► vefasız
BİYELİ	sf.	Biye geçirilmiş, biyesi olan
BİZDEN		bizim tarafımızda olan (kimse)
BİZMUT	a.,kim.	Atom numarası 83, atom ağırlığı 209, yoğunluğu 9,8 olan, 271,3 °C'de eriyen, kızılımsı beyaz renkli, kırılgan ve katı bir element (simgesi Bi)
BİZSİZ	zf.	Biz olmaksızın
BİZZAT	zf.	► şahsen
BLOKAJ	a.	Bloke etme işi
BLOKLU	sf.	Blokları olan, bloklardan oluşan
BLÖFÇÜ	a.	Blöf yapan kimse
BLUCİN	a.	► kot (I)
BOALAR	a.,hay. b.	Sürüngenler sınıfının, yılanlar takımının bir bölümü
BODRUM	a.	Bir yapının yol düzeyinden aşağıda kalan bölümü
BOĞADA	a.,esk.	Küllü veya sodalı su ile çamaşır yıkama
BOĞASI	a.	Astarlık ince bez
BOĞATA	a.,den.	Ağaçtan yapılmış, yuvarlak, delikli makara
BOĞMAK	-i	Bir canlıyı, soluk almasına engel olarak öldürmek
BOĞUCU	sf.	Nefes aldırmayan, nefesi tıkayan, insanı boğulacak duruma getiren; boğunçlu
BOĞUNÇ	a.	Çok sıkıntılı ruhsal durum
BOKLUK	a.,mec.	Kötü durum
BOKSÇU	a.	► boksör
BOKSİT	a.,min.	► korindon
BOKSÖR	a.,sp.	Boks yapan kimse; yumruk oyuncusu, boksçu
BOKTAN	sf.,kaba	Değersiz, yararsız olan
BOLERO	a.	Kısa kadın ceketi
BOLİÇE	a.,ağz.	Yahudi kadını
BOLLUK	a.	Bol olma durumu
BOMBAJ	a.	Gaz yapan mikroorganizmalar sonucu konserve kutularının altında veya üstünde oluşan şişkinlik
BOMBOK	sf.,kaba	Çok kötü, çok berbat
BOMBOŞ	sf.	Büsbütün, tamamen boş; tamtakır
BOMBOZ	sf.	Çok boz
BONBON	a.	Şerbet içinde kaynatılarak üzeri şekerle kaplanmış meyve; bonbon şekeri
BONCUK	a.	Cam, taş, sedef, tahta, plastik vb. maddelerden yapılan, ortası delik, çoğu yuvarlak ve renkli süs tanesi
BONJUR	ünl.	“Günaydın, merhaba, iyi günler” anlamında kullanılan bir selamlaşma sözü
BONKÖR	sf.	► cömert
BOPLUK	sf.	Bop tutarında olma
BORAKS	a.,kim.	Yoğunlaşmış borik asitten türeyen sodyum tuzu
BORALI	sf.	Yağmurlu, sert rüzgârlı ve soğuk havalı
BORANİ	a.,ağz.	Bulgur, yarma veya pirinçle pişirilen ıspanak ve benzeri bir sebze üzerine yoğurt dökülerek yenilen bir yemek
BORÇLU	sf.	Borcu olan, borç almış olan; verecekli, medyun, alacaklı karşıtı
BORDRO	a.	► maaş bordrosu
BORDÜR	a.	Kaldırımların kenarlarında bulunan taşlar; kenar taşı
BORİNA	a.,den.	Dört köşe yelkenlerin yan yakalarına, alt tarafa doğru bağlanan halat
BORNOZ	a.	Banyodan çıkarken kurulanmak için kullanılan, kollu, önden açık, havludan yapılmış giyecek
BORUCU	a.	Boru yapıp satan kimse
BORULU	sf.	Borusu olan
BOSTAN	a.	Sebze bahçesi
BOŞAMA	a.	Boşamak işi
BOŞLUK	a.	Yerküre üzerinde kara ve denizler dışında göz alabildiğine uzanan mekân ve bu mekânın herhangi bir parçası
BOŞUNA	sf.	İşe yaramayan
BOYACI	a.	Boyama işini, boyacılığı meslek edinen kimse
BOYALI	sf.	Boya sürülmüş, boyanmış veya boyaya batırılmış
BOYAMA	a.	Boyamak işi; pentür
BOYANA	a.,den.	► boyna
BOYDAK	a.,ağz.	Yükü olmayan yaya
BOYDAŞ	sf.	Aynı boyda olan (kimse)
BOYKOT	a.	Bir işi, bir davranışı yapmama kararı alma
BOYLAM	a.,gök b.	Yeryüzündeki herhangi bir noktanın meridyen çemberiyle başlangıç olarak alınan Greenwich Gözlemevi'nin meridyen çemberi arasındaki açı değeri; tul, tul derecesi, meridyen
BOYLER	a.	Kalorifer kazanının sıcaklığından yararlanarak içindeki suyun ısıtılması sağlanan depo
BOYNUZ	a.	Bazı hayvanların başında bulunan, tırnaksı bir maddeden, uzun, kıvrık veya çatallı korunma organı
BOYSUZ	sf.	Benzerleri arasında boyu kısa olan
BOYUNA	zf.	► uzunlamasına
BOZACI	a.	Boza yapan veya satan kimse
BOZAYI	a.,hay. b.	Ayıgillerden, Avrupa ve Kuzey Asya'da sık ormanlarda yaşayan, uzunluğu yaklaşık olarak 2,5 metre, kuyruğu 8 santimetre olabilen, tüyleri esmer kahverengi bir tür ayı (Ursus arctos)
BOZGUN	a.	Bir toplulukta karşılıklı güvenin bozulması ile beliren karışıklık; bozgunluk
BOZKIR	a.,coğ.	Genellikle orta kuşakta yer alan, baharda yeşerip yazın kuruyan ot topluluklarıyla kaplı alanların genel adı; step (I)
BOZLAK	a.,müz.	Orta ve Güney Anadolu’nun birçok bölgesinde söylenen bir tür uzun hava
BOZMAK	-i	Bir şeyi kendisinden beklenilen işi yapamayacak duruma getirmek
BOZRAK	sf.	Rengi boza çalan
BÖBREK	a.,anat.	Kandaki zararlı maddeleri süzüp idrar olarak salan, omurganın sağ ve sol yanında bulunan çift organdan her biri
BÖLMEÇ	a.	Ambalaj içinde bulunan malları birbirinden ayırmaya yarayan koruyucu parça
BÖLMEK	-i	Bir bütünü iki veya daha çok parçaya ayırmak, taksim etmek
BÖLÜCÜ	sf.	Bölme işini yapan
BÖNLÜK	a.	► saflık
BÖRTME	a.	Börtmek işi
BÖRTÜK	sf.	Haşlanarak veya ateşte biraz kızartılarak pişmiş olan
BRAHMA	a.,hay. b.	İri yapılı, bacakları tüylü, paçalı bir tavuk ırkı
BRAKET	a.	Dişlerin estetik tedavisinde kullanılan, diş üzerine yapıştırılan, üzerinde tellerin geçebileceği oluklar bulunan, seramik, plastik veya paslanmaz çelikten yapılmış parça
BRANDA	a.	Gemilerde ambar kapaklarının veya filikaların üzerine örtülen, kamyon vb.de kasalarının üzerine gerilen muşamba benzeri, su geçirmez, kalın bez; branda bezi
BREZİL	a.,bit. b.	Baklagillerden, Brezilya’da yetişen bir ağacın içinde bulunan kırmızı boya maddesi içeren odunu
BRIÇKA	a.	Kışın kızak olarak kullanılan, üstü kapalı, yaylı, hafif, tek atla sürülen araba
BRİKET	a.	Linyit ve kömür tozundan basınçla elde edilen yakacak
BROKAR	a.	Sırma veya gümüş işlemeli bir ipekli kumaş türü
BROKER	a.,ekon.	343 borsa simsarı
BROMÜR	a.,kim.	Bromhidrik asidin tuzu veya eteri
BROŞÜR	a.	► kitapçık
BRÜLÖR	a.,tek.	Sıvı yakıtı kolayca yanabilecek taneciklere ayırarak püskürten araç; yakmaç
BUDALA	sf.	Zekâca geri olan (kimse)
BUDAMA	a.	Budamak işi
BUĞDAY	a.,bit. b.	Buğdaygillerden, karasal iklimin olduğu bölgelerde yetişen, un yapımında kullanılan tanelerini taşıyan kılçıklı çiçekleri olan, tek yıllık otsu bitki (Triticum)
BUĞULU	sf.	Üzerinde buğu bulunan, buğulanmış
BUHRAN	a.	► bunalım
BUKAĞI	a.,esk.	Ağır cezalıların ayaklarına takılıp ucuna pranga bağlanan demir halka
BUKLET	a.	Bükülmüş iplik
BUKRAN	a.	Saraçların kullandığı yün kırpıntısı
BULADA	a.	Büyük piliç
BULAMA	a.	Bulamak işi
BULAŞI	a.,tıp	Bulaşıcı bir hastalığın taşıyıcılar yoluyla başka bir canlıya geçmesi; bulaşma, kontaminasyon
BULDOK	a.,hay. b.	Köpekgillerden, burnu basık, alt çenesi üsttekinden uzun, iri ve güçlü bir tür köpek (Canis familiaris molosus hibernicus)
BULGUR	a.	Kaynatılıp kurutulduktan ve kabuğu çıkarıldıktan sonra kırılan buğday
BULMAK	-i	Bir şeyle, bir kimseyle arayarak veya aramadan karşılaşmak
BULTAK	a.	Okul öncesi çocukların zekâ gelişimi için tasarlanmış, genellikle küp veya top biçiminde yapılan, üzerlerinde çeşitli şekillerde delikler bulunan ve bu şekillere göre hazırlanmış parçaları uygun deliğe sokma esasına dayanan bir oyuncak
BULUCU	a.	► kâşif
BULVAR	a.	Şehir içinde, birkaç şerit yoldan ve yaya kaldırımından oluşan, yeşillendirilmiş geniş cadde
BUMBAR	a.	Büyükbaş ve küçükbaş hayvanların kalın bağırsağı
BUMBUZ	sf.	Çok soğuk, buz gibi
BUNAMA	a.,tıp	Yaşlanma veya bazı sinir hastalıklarına bağlı olarak başta bellekte olmak üzere zihinsel işlevlerde bozulma; ateh
BUNDAN		bu nedenle
BUNGUN	sf.	► sıkıntılı
BUNLAR	zm.	Bu zamirinin çokluk biçimi
BUNLUK	a.	► bunalım
BUNMAK	nsz.,ağz.	Azla yetinmemek
BUNSUZ	zf.	Bu olmaksızın
BURADA	zf.	Bu yerde
BURALI	a.	Bu memleketli, bu yerin halkından olan kimse
BURASI	a.	► bura
BURÇAK	a.,bit. b.	Baklagillerden, taneleri hayvan yemi olarak kullanılan yıllık bir yem bitkisi (Vicia ervilia)
BURGAÇ	a.,coğ.	Beklenen hızından farklı bir biçimde ve beklenmeyen yönlerden gelen şiddetli hava akımı; türbülans
BURHAN	a.	► kanıt
BURKMA	a.	Burkmak işi
BURKUK	sf.	Burkulmuş olan
BURMAK	-i	Bir şeyi iki ucundan tutup ekseni etrafında ters yönlere çevirerek bükmek
BURNAZ	sf.,ağz.	İri ve uzun burunlu
BURSLU	sf.	Herhangi bir kuruluş veya kimseden burs alan, bursu olan; bursiyer
BUTLAN	a.,huk.	Batıl olma durumu
BUTSUZ	sf.	Budu olmayan
BUUTLU	sf.	► boyutlu
BUYMAK	nsz.,ağz.	► donmak
BUYRUK	a.	► emir
BUYUR!		"buyurun!" anlamında kullanılan bir seslenme sözü
BUYURU	a.	► emir
BUZAĞI	a.,hay. b.	Yeni doğmuş, ana sütüyle beslenen sığır yavrusu
BUZLUK	a.	Yiyecek ve içecekleri soğutarak saklamak için kullanılan, buzla soğutulan kap veya dolap
BUZSUZ	sf.	Buz katılmamış
BUZUKİ	a.	Bağlamaya benzer, bozuk düzen çalınan bir Yunan çalgısı
BÜFECİ	a.	Büfe işleten kimse
BÜĞEME	a.	Büğemek işi
BÜHTAN	a.,esk.	► iftira
BÜKLÜK	a.	► bük (II)
BÜKLÜM	a.	► kıvrım
BÜKMEK	-i	Sertçe çevirmek
BÜKÜCÜ	sf.	Bükme işi yapan
BÜKÜLÜ	sf.	Bükülmüş olan
BÜLBÜL	a.,hay. b.	Karatavukgillerden, sesinin güzelliği ile tanınmış olan ötücü kuş; hezar (Luscinia megarhynchos)
BÜLTEN	a.	Özel veya resmî kurum, kuruluş veya yetkili kişilerce herhangi bir durumla ilgili olarak süreli veya süresiz yayımlanan duyuru
BÜRÜLÜ	sf.	Bürünmüş
BÜRÜME	a.	Bürümek işi
BÜRYAN	a.	Tandırda susuz pişirilen bir kebap türü; büryan kebabı
BÜYÜCÜ	a.	Büyü yapan kimse; afsuncu, efsuncu
BÜYÜLÜ	sf.	Kendisine büyü yapılmış (kimse)
BÜYÜME	a.	Büyümek işi; tahaccüm
BÜZGEN	a.,anat.	Kasılarak vücuttaki herhangi bir deliği açan veya kapayan çember biçimindeki kasların genel adı
BÜZMEK	-i	Buruşturarak, sıkıştırarak veya kıvrım yaparak bir şeyin alanını ve hacmini küçültmek
CABASI	zf.	Artısı, fazladan kazanılanı, elde edileni
CAFCAF	a.	► gösteriş
CAĞLIK	a.	Dokumacılıkta, çözgü makinesinde çözgü ipliği bobinlerinin desen ve renk sırasına göre yerleştirildiği sehpa
CAKACI	sf.	Gösteriş yapmayı seven
CAKALI	sf.	► gösterişli
CAMBAZ	a.	Yerde ve tel, at, bisiklet, ip, at vb. üzerinde dengeye dayanan, tehlikeli, heyecan verici gösteriler yapan kimse; akrobat
CAMEVİ	a.	► camcı
CAMGÖZ	a.,hay. b.	Deniz kıyısına yakın yaşayan, yanlarında veya sırtında beyaz lekeleri bulunan, gözü parlak olan, eti yenebilen bir tür köpek balığı (Galeius canis)
CAMLIK	a.	► camekân
CAMSIZ	sf.	Camı olmayan
CANDAN	sf.	Her türlü çıkar düşüncesinden uzak
CANDAŞ	a.	► can dostu
CANEVİ	a.	Kalbin altındaki bölge
CANFES	a.	Üzerinde desen bulunmayan, ince dokunmuş, parlak, tok, ipekli kumaş
CANGIL	a.	► cengel
CANİCE	zf.	Cani gibi, caniye yakışır bir biçimde; canicesine, caniyane
CANLAR	ünl.	Yakınlık duygusuyla söylenen bir seslenme sözü
CANSIZ	sf.	Canını yitirmiş, ölmüş olan
CARCAR	sf.,ağz.	Geveze, yaygaracı olan
CARCUR	zf.	"Gelişigüzel konuşmak" anlamındaki carcur etmek deyiminde geçen bir söz
CARİYE	a.	Yabancı ülkelerden kaçırılıp özgürlükten yoksun bırakılan, alınıp satılabilen, her konuda efendisinin isteklerine bağlı bulunan genç kadın; halayık
CARSIZ	sf.	Car (II) giymemiş olan
CAVLAK	sf.	Çıplak, tüysüz, saçsız olan
CAYGIN	sf.,ağz.	Vazgeçip işin ardını bırakan, kararlı olmayan, verdiği sözden cayan
CAYMAK	-den	Sözünden, kararından dönmek
CAZGIR	a.	Güreşecek olan pehlivanları yüksek sesle izleyicilere tanıtan ve dua okuyarak onları alana süren kimse
CAZİBE	a.	► çekicilik
CAZSIZ	sf.	Cazı olmayan
CEBBAR	sf.,din b.	Cebreden, zor kullanan
CEBECİ	a.,tar.	Yeniçeri ordusunda silah yapan, onaran ve bakımı ile görevli bulunan, savaşta ordunun silah ve cephanesini ulaştıran yaya kapıkulu ocaklarından bir sınıf asker
CEBELİ	a.,tar.	Osmanlı Devleti'nde, savaş sırasında tımar, zeamet sahiplerinin dirlikleri oranına göre yanlarında götürmekle yükümlü bulundukları atlı asker
CEBİRE	a.,esk.	Kırık ve çıkık kemikleri yerinde tutmak için kullanılan tahta, mukavva veya tenekeden yapılmış, üzeri sargıyla kaplanan levha; süyek, koaptör
CEBREN	zf.,esk.	► zorla
CEFALI	sf.	Sıkıntı, eziyet çekilen
CELİYE	a.	Nehirlerde genellikle nakliye işinde kullanılan, dümen yerinden kürekle sevk edilen, üzeri ince ziftle kaplanmış bir tür ince donanma gemisi
CELLAT	a.	Ölüm cezasına çarptırılanları öldürmekle görevli olan kimse
CEMAAT	a.	Bir araya gelmiş, toplanmış insanlar
CEMEVİ	a.	Bektaşi ve Alevilerin toplu olarak dinî tören yaptıkları yer
CEMİLE	a.,esk.	Gönül alıcı davranış
CEMŞAT	a.,sp.	Basketbolda rakibe yüklenip aniden geri çekilerek ve dönerken zıplayarak atılan şut
CENAZE	a.	Kefenlenip tabuta konmuş, gömülmeye hazırlanmış insan ölüsü
CENGEL	a.	Otlarla ve sık ağaçlarla örtülü geniş Hindistan ormanı; cangıl
CENKÇİ	sf.	► savaşçı
CENNET	a.,din b.	Dinî inanışlara göre imanlı ve iyi kimselerin ölümden sonra Allah tarafından mükâfat olarak konulacakları ve içinde ebediyen yaşayacakları, her türlü tasavvurun üstünde güzellik ve nimetlerle dolu yer; uçmak (II), behişt
CENTER	a.	343 merkez
CENUBİ	sf.,coğ.	► güney
CEPKEN	a.	Kolları yırtmaçlı ve uzun, harçla işlenmiş bir tür kısa, yakasız üst giysisi
CEREME	a.	Başkası tarafından yapılan veya kaza sonucu ortaya çıkan zararı ödeme
CERİDE	a.,esk.	► gazete
CERİHA	a.,esk.	► yara
CERRAH	a.	Ameliyat yapan uzman hekim; operatör
CERRAR	sf.,esk.	Çekici, sürükleyici olan
CETVEL	a.	Doğru çizgileri çizmeye yarayan, dereceli veya derecesiz, tahtadan, plastikten, madenden yapılmış araç; çizgilik
CEVABİ	sf.	Cevap niteliğinde olan
CEVHER	a.	Bir şeyin özü; gevher
CEVİZÎ	sf.,esk.	Cevizden yapılmış veya cevizi andıran
CEVVAL	sf.	Davranışları çabuk ve kesin olan
CEYLAN	a.,hay. b.	Çift parmaklılardan, boynuzlugiller familyasından, çöllerde yaşayan, çok hızlı koşan, gözlerinin güzelliği ile tanınan, ince bacaklı, zarif, memeli hayvan; ahu, ceren, gazal (Gazella dorcas)
CEZALI	sf.	Cezalandırılmış (kimse)
CEZİRE	a.,esk.,coğ.	► ada
CHANGE	a.,ekon.	343 para değişimi
CIDAĞI	a.,ağz.	Atın iki omzunun arası
CILLIK	a.	Darmadağın olma durumu
CIMBAR	a.,ağz.	► çımbar
CIMBIZ	a.	Kıl vb. ince şeyleri tutmak veya çekmek için kullanılan küçük maşa
CINCIK	a.,ağz.	► züccaciye
CINGIL	a.,ağz.	► şıngıl (I)
CIRCIR	a.,ağz.	► çırçır (I)
CIRLAK	a.,ağz.	► cırcır böceği
CIRMIK	a.,ağz.	Tırnağın bıraktığı iz
CIRNAK	a.,ağz.	Yırtıcı hayvan tırnağı
CIRNIK	a.	Set duvarlarında su akacak delik
CIVALI	sf.	Cıvası olan
CIVATA	a.	Birbirine bağlanmak istenen ağaç veya demir parçalarının üzerinde hazırlanmış olan deliklerden geçirilerek ucuna somun takılıp sıkıştırılan iri başlı vida
CIVIMA	a.	Cıvımak işi
CIVMAK	-den	► sekmek
CIZBIZ	sf.	► cızbız köfte
CIZLAM	a.,argo	► savuşma
CİCİM!		birine sevgiyle yaklaşıldığında kullanılan söz
CİDDEN	zf.	► gerçekten
CİGARA	a.,ağz.	► sigara
CİKCİK	a.	Beyaz kum midyesi
CİKLET	a.	► sakız
CİLACI	a.	Cila yapan, eşyaya cila vuran kimse
CİLALI	sf.	Cilası olan, cila sürülmüş, cila ile parlatılmış; mücella
CİLBAN	a.,ağz.	Çok küçük taneli fasulye
CİLLOP	sf.,ağz.	Parlak ve pürüzsüz olan
CİLTÇİ	a.	Kitapları ciltleyen kimse; mücellit
CİLTLİ	sf.	Ciltlenmiş olan; kaplı
CİNGÖZ	sf.,mec.	► açıkgöz
CİNLİK	a.	Cin olma durumu
CİNNET	a.	► delilik
CİNSEL	sf.	Cinsiyetle ilgili; cinsî, eşeysel, tensel, seksüel
CİSMEN	zf.	Cisim olarak
CİVCİV	a.	Kümes hayvanlarının yumurtadan yeni çıkmış yavrusu; cücük
CİZVİT	a.	İsa Derneği denilen bir Hristiyan derneğinin üyesi
COŞKUN	sf.	Coşmuş olan; celalli, vectli
COŞMAK	nsz.	Duygu ve düşünceleri güçlü bir tepki ile dışarı vurmak; çağlamak, galeyan etmek
CÖMERT	sf.	Para ve malını esirgemeden veren; açık elli, ahi (I), eli açık, selek, alicenap, kerem, kerim, semih, bonkör
CUMBUL	a.	Bir kabın içerisinde çalkalanan bir sıvının çıkardığı ses
CUMHUR	a.,esk.	► halk (I)
CURACI	a.	Cura yapan veya çalan kimse
CÜHELA	a.,esk.	Cahiller
CÜMBÜŞ	a.	► eğlence
CÜZDAN	a.	Para, kâğıt vb. koymaya yarayan küçük çanta
CÜZZAM	a.,tıp	Hansen basilinin sebep olduğu, sinir sistemi ve deri başta olmak üzere birçok sistem ve organı etkileyebilen bulaşıcı bir hastalık; miskin hastalığı, lepra
ÇAÇAÇA	a.	Dünyaya Meksika'dan yayılmış, hareketli, modern bir dans
ÇAĞCIL	sf.	► çağdaş
ÇAĞDAŞ	sf.	Aynı çağda yaşayan; çağcıl, gündeş, asri, muasır
ÇAĞLAR	a.	► çağlayan
ÇAĞMAK	-e,ağz.	Güneş ışığı vurmak
ÇAĞNAK	a.	► amniyon sıvısı
ÇAĞRIM	a.	Yüksek bir sesin yetişebileceği kadar uzaklık
ÇAKICI	a.	Çakı yapan kimse
ÇAKILI	sf.	Çivi, kazık vb. bir şeyle tutturulmuş
ÇAKMAK	a.	Taşa vurulup kıvılcım çıkarılan çelik parçası
ÇAKŞIR	a.	Paça bölümü diz üstünde veya diz altında kalan bir tür erkek şalvarı
ÇALGIÇ	a.,müz.	► mızrap
ÇALGIN	a.,ağz.	Sıcak veya soğuktan gelişemeyerek cılız kalan ekin
ÇALILI	sf.	Çalısı olan
ÇALKAK	a.,ağz.	► çalkar
ÇALKAR	a.,ağz.	Tahıl tanesini yabancı nesnelerden seçmeye veya tohumlukta kullanılacak tahılı ayırmaya yarayan döner kalburlu araç; çalkağı, çalkak
ÇALMAÇ	a.,ağz.	Tahtadan yapılmış kap
ÇALMAK	-e,-i	Başkasının malını gizlice almak; hırsızlamak, kaldırmak, tüydürmek, uğrulamak
ÇAMÇAK	a.	Ağaçtan oyularak yapılmış kulplu su kabı; çapçak
ÇAMLIK	a.	Çam ağaçları çok olan yer
ÇAMUKA	a.,hay. b.	Gümüş balığına benzer bir balık (Atherina hepsetus)
ÇANDIR	sf.,ağz.	Karışık, melez
ÇANGAL	a.,sp.	Ayakta güreşirken karşı güreşçinin koltuğu altından bir kolu sokarak bir ayakla o güreşçinin bir bacağına çengel taktıktan sonra onu öne doğru eğip başı üzerinden atma oyunu
ÇANSIZ	sf.	Çanı olmayan
ÇAPACI	a.	Çapa ile çalışan işçi
ÇAPALI	sf.	Çapalanmış (yer)
ÇAPARİ	a.	Beden, köstek ve iğne bölümlerinden meydana gelen, her bir iğneye hindi, horoz, kaz, martı, tavuk, ördek vb. kuşların kanat, kuyruk tüyleri takılan çok iğneli bir tür olta takımı
ÇAPÇAK	a.	► çamçak
ÇAPKIN	sf.	Geçici aşklar ve ilişkiler peşinde koşan (kimse); gönül avcısı, hovarda
ÇAPMAK	-i,esk.	► koşturmak
ÇAPRAK	a.	Eyer örtüsü
ÇAPRAZ	sf.	Eğik olarak birbiriyle kesişen
ÇAPSIZ	sf.	Çapı geniş olmayan
ÇAPULA	a.,ağz.	Kaba deriden yapılmış ucu sivri ve kıvrık ayakkabı
ÇARÇUR	a.	"Gereksiz yerlere harcayıp tüketmek" anlamındaki çarçur etmek ve "gereksiz yere harcanmak, ziyan olmak" anlamlarındaki çarçur olmak birleşik fiillerinde geçen bir söz
ÇARDAK	a.	Tarla, bahçe vb. yerlerde ağaç dallarından örülmüş barınak; alaçık
ÇARDAŞ	a.	Ağır ritimlerle başlayan ve giderek hızlanan Macar halk dansı
ÇARGÂH	a.,müz.	Türk müziğinde "do" perdesinin adı
ÇARİÇE	a.,tar.	Çarın karısına veya kadın çara verilen ünvan
ÇARKÇI	a.	Kesici aletleri çarkla bileyen kimse; bileyici
ÇARKIT	sf.,ağz.	Eski, bozuk olan
ÇARKLI	sf.	Çarkı olan
ÇARLIK	a.,tar.	Çar olma durumu
ÇARMIH	a.	Suçlunun öldürülmek amacıyla çivilendiği haç biçimindeki darağacı
ÇARPAN	a.,mat.	Bir çarpma işleminde çarpılan sayının kaç kez tekrarlanacağını gösteren sayı; çoğaltan
ÇARPIK	sf.	Düzgünlüğünü yitirerek eğrilmiş, doğru karşıtı
ÇARPIM	a.,mat.	Çarpma işleminin sonucu olan sayı; kerrat
ÇARPIŞ	a.	Çarpmak işi
ÇARPMA	a.	Çarpmak işi
ÇARŞAF	a.	Yatağın üstüne serilen veya yorgan kaplanan bez örtü
ÇATANA	a.,den.	Filika büyüklüğünde, islimle işleyen deniz teknesi, küçük vapur; istimbot
ÇATICI	a.	Çatma işini yapan kimse
ÇATILI	sf.	Çatısı olan (yapı)
ÇATKIN	sf.	► çatık
ÇATLAK	sf.	Çatlamış olan
ÇATMAK	-i	Odun, değnek, kılıç, tüfek vb. uzun şeylerden birkaç tanesini, tepelerinden birbirine çaprazlama dayayarak durdurmak
ÇATPAT	a.	► çatapat
ÇAVDAR	a.,bit. b.	Buğdaygillerden, unlu tane veren bir bitki (Secale cereale)
ÇAVELA	a.,den.	Tutulan balıkların içine konduğu sepet; çavalye
ÇAVLAN	a.,coğ.	► şelale
ÇAVMAK	nsz.,ağz.	Güneş doğmak
ÇAVŞIR	a.,bit. b.	Maydanozgillerden bir bitki (Opopanax chironium)
ÇAYEVİ	a.	Çay, kahve vb. içeceklerin hazırlandığı, satıldığı ve içildiği küçük iş yeri; çaycı, çayhane
ÇAYLAK	a.,hay. b.	Yırtıcılardan, uzun kanatlı, çengel gagalı, küçük kuşları ve fare gibi zararlı hayvanları avlayan, tavuk büyüklüğünde bir kuş (Milvus migrans)
ÇAYLIK	a.	Çay ağaççıklarının yetiştiği yer
ÇEDENE	a.,ağz.	Kendirin tohumu
ÇEĞMEL	sf.	Yay veya çengel biçiminde bükülmüş olan
ÇEKÇEK	a.	Kişileri taşımak için kullanılan, insan gücüyle işleyen iki tekerlekli araç
ÇEKİCİ	a.	Kaza veya arıza yapan, yanlış yere park eden aracı belli bir yere götürmek için kullanılan taşıt
ÇEKMEK	-e,-i	Bir şeyi tutup kendine veya başka bir yöne doğru yürütmek
ÇEKMEN	a.	► vantuz
ÇEKPAS	a.	Zemin suyunu almak için kullanılan, bir sopa ve onun ucuna geçirilmiş lastik, plastik, sünger vb. malzemeden oluşan temizlik aracı; çekçek
ÇEKYAT	a.	Gerektiğinde açılıp yatak durumuna getirilebilen koltuk veya kanepe
ÇELEBİ	a.	Bektaşi ve Mevlevi pirlerinin en büyüklerine verilen ünvan
ÇELENK	a.	Çiçek, dal ve yapraklarla yapılmış halka
ÇELMEK	-i	Ayak uzatarak birisini düşürmek
ÇELMİK	a.,ağz.	Buğday ve başakla karışık iri saman
ÇELTEK	a.,ağz.	Çobanın yardımcısı
ÇELTİK	a.	Kabuğu ayıklanmamış pirinç
ÇEMBER	a.,mat.	Merkez denilen sabit bir noktadan aynı uzaklık ve düzlemdeki noktalar kümesinin oluşturduğu kapalı eğri
ÇEMREK	sf.,ağz.	Kolları ve bacakları sıvanmış (kimse)
ÇENÇEN	sf.,ağz.	► geveze
ÇENELİ	sf.	Çenesi olan
ÇENGEL	a.	Bir yere takılmaya, geçirilmeye yarayan eğri ve ucu sivri demir
ÇENTİK	a.	Bir şeyin kenarından ufak bir parçanın kopması veya bıçakla koparılmasıyla meydana gelen küçük oyuk; kertik, tırtık
ÇENTME	a.	Çentmek işi; kertme
ÇERMİK	a.,ağz.	► ılıca
ÇERVİŞ	a.,esk.	Kasaplık hayvanlardan elde edilen çeşitli yağların eritilmişi
ÇETECİ	a.	Çeteden olan kimse
ÇETELE	a.	Çizilerek veya oyularak açılan kertik
ÇEVGEN	a.	► değnek
ÇEVİRİ	a.	Bir dilden başka bir dile aktarma, çevirme; tercüme
ÇEVREN	a.	Anlayış, kavrayış, görüş, düşünce gücü
ÇEVRİK	sf.	Çevrilmiş olan
ÇEVRİM	a.	► devir
ÇEYREK	sf.	Dörtte bir
ÇIĞALI	sf.	Başında çığası bulunan
ÇIĞLIK	a.	Acı, ince ve keskin ses; feryat, vaveyla
ÇIKICI	sf.	Çıkma işini yapan, çıkan
ÇIKKIN	sf.	Dışa doğru çıkmış olan
ÇIKMAK	-den	İçeriden dışarıya varmak, gitmek
ÇIKMAZ	a.	Sonu kapalı, çıkış yeri olmayan, hiçbir yere ulaşamayan yol, sokak
ÇIKRIK	a.	Kuyudan kovayı çekmeye yarayan ve el ile çevrilen araç
ÇILBIR	a.	Kaynamış suyun içine kırılan yumurta piştikten sonra kevgirden geçirilip üzerine sarımsaklı yoğurt ve sos dökülerek hazırlanan bir yemek türü
ÇILGIN	sf.	Aşırı davranışlarda bulunan
ÇIMACI	a.	Vapur iskelelerinde çıma uzatan veya tutan işçi
ÇIMBAR	a.,ağz.	Dokuma tezgâhındaki kumaşı germeye yarayan iki tarafı dişli araç; cımbar
ÇINGAR	a.,argo	► kavga
ÇINGIL	a.	► şıngıl (I)
ÇINLAK	sf.	Çınlaması, yankısı çok olan (yer)
ÇINTAR	a.,bit. b.	► kanlıca
ÇIPLAK	sf.	Üstünde bulunması gereken giysi, örtü vb. bulunmayan; ari, üryan, nü, cıbıl, cıbıldak, cılcıbık, şallak, yalıncak
ÇIRACI	a.	Eskiden sokaklarda dolaşarak çıra satan kimse
ÇIRALI	sf.	Çırası olan
ÇIRÇIL	a.	Gemilere fıçı, varil vb. yükü yükleme, boşaltma sırasında kullanılan iki tarafı kancalı sapan
ÇIRÇIR	a.	Pamuk kozalarının pamuğunu ve çekirdeğini birbirinden ayıran alet; cırcır
ÇIRNIK	a.,den.	Küçük boyda kayık
ÇIRPIŞ	a.	Çırpmak işi
ÇIRPMA	a.	Çırpmak işi
ÇITÇIT	a.	Üzerinde dikili bulundukları şeyin iki kenarını üst üste getirerek birleştirmeye ve tutturmaya yarayan, iki parçadan yapılmış metal nesne; fermejüp
ÇITLIK	a.,ağz.	► çitlembik
ÇITPIT	a.	Ayak altında ezilerek çıtır çıtır ses çıkaran bir patlangaç türü; çatapat
ÇIVGAR	a.	Çift sürmekte veya araba çekmekte olan hayvanlara yardımcı olarak koşulan hayvan
ÇIVGIN	a.,ağz.	► şıvgın
ÇIVMAK	nsz.,ağz.	Atlamak, sıçramak, zıplamak
ÇİFTÇİ	a.	Geçimini toprağı ekerek sağlayan kimse; fellah
ÇİĞDEM	a.,bit. b.	Zambakgillerden, türlü renklerde çiçek açan, çok yıllık, yumrulu bir kır bitkisi; mahmur çiçeği (Colchicum)
ÇİĞLİK	a.	Çiğ olma durumu
ÇİĞNEK	a.	► yol uğrağı
ÇİĞNEM	sf.,ağz.	► çiğnemlik
ÇİLECİ	sf.	Çile (I) çeken, sıkıntı sahibi
ÇİLELİ	sf.	Çilesi olan, çok sıkıntı çekmiş olan
ÇİLEME	a.	Çilemek işi
ÇİLSİZ	sf.	Çili olmayan
ÇİMÇEK	a.,ağz.	Bir tür küçük serçe
ÇİMÇİM	a.	Ege Bölgesi’ne özgü, haşlanarak, kızartılarak, sotelenerek yenebilen, lezzetli, aynı zamanda levrek, karagöz, lagos vb. balıkların avlanmasında cansız yem olarak kullanılan küçük karides
ÇİMDİK	a.	Bir kimsenin etini başparmak ve işaret parmağının ucu arasına kıstırarak can yakacak şekilde burma, sıkma
ÇİMMEK	nsz.	Suya dalıp çıkmak
ÇİNGİL	a.	Küçük bakraç
ÇİNİCİ	a.	Çini yapan veya satan kimse
ÇİNİLİ	sf.	Çinisi olan, çinilerle bezenmiş olan
ÇİPSİZ	sf.	Çipi olmayan, çip takılmamış olan
ÇİPURA	a.,hay. b.	Karagöz balığına benzer, eti beyaz bir Akdeniz balığı; çupra, çupra balığı (Sparus aurata)
ÇİRKEF	a.	Pis ve bulanık su
ÇİRKİN	sf.	Göze veya kulağa hoş gelmeyen; bet (III), bed, güzel karşıtı
ÇİSEME	a.	► çiseleme
ÇİSKİN	a.	Çiseleyen yağmur
ÇİTARİ	a.,hay. b.	İzmaritgillerden, üzerinde sarı çizgiler bulunan, en büyüğü yarım kiloyu aşmayan, kılçıklı bir balık (Boxsalpa)
ÇİTİLİ	sf.	Çitilenmiş olan
ÇİTİME	a.	► çitme
ÇİTMEK	-i	Bir araya getirmek; çitilemek (II), çitimek
ÇİTMİK	a.,ağz.	Üzüm salkımının küçük dalı
ÇİVİCİ	a.	Çivi yapan veya satan kimse; mıhçı
ÇİVİDÎ	a.	► çivit rengi
ÇİVİLİ	sf.	Çivisi olan; mıhlı
ÇİZİCİ	a.	Tarlada haşhaş kozalaklarını afyon almak için çizen kimse
ÇİZİLİ	sf.	Çizilmiş olan
ÇİZMEK	-i	Çizgi çekmek
ÇOKGEN	a.,mat.	Açı oluşturacak biçimde üç ve üçten çok kenardan oluşan kapalı şekil; poligon
ÇOKLUK	a.	Sayı veya ölçü yönünden çok olma durumu; çoğul, ekseriyet, kesafet, kesret, teklik karşıtı
ÇOKTAN	zf.	Çok zaman önce, çok zamandan beri, öteden beri, uzun süreden beri; çoktandır
ÇOTİRA	a.,hay. b.	Çotiragillerden, dikenli, sert pullu, kısa ve geniş, siyaha yakın esmer bir balık (Balistes capriscus)
ÇÖĞMEK	nsz.,ağz.	Aşağıya inmek
ÇÖKKÜN	sf.	Çökmüş olan
ÇÖKMEK	nsz.	Bulunduğu düzeyden aşağı inmek; çukurlaşmak, batmak, obrumak
ÇÖLLÜK	sf.	Çölü çok olan
ÇÖLYAK	a.,tıp	Buğday, arpa, çavdar gibi tahılların içerdiği glütene karşı aşırı duyarlılığa bağlı olarak gelişen, karın şişmesi, yağlı besinleri sindirememe ve ishal şeklinde görülen hastalık
ÇÖMLEK	a.	Toprak tencere
ÇÖMMEK	-e,ağz.	► çömelmek
ÇÖPLÜK	a.	Çöplerin atıldığı veya biriktirildiği yer; çöp tenekesi, küllük, süprüntülük, gübürlük, mezbele, mezbelelik
ÇÖPSÜZ	sf.	Çöpü olmayan
ÇÖRDEK	a.	Bir şeyi yukarı çekmekte kullanılan halat
ÇÖRTEN	a.,ağz.	Dam çevresindeki yağmur sularını oluklardan alıp duvar temelinden uzağa akıtan, saçak kenarlarından dışarı doğru uzanmış ağaç oluk
ÇÖZGÜN	sf.	Çözülmüş, dağılmış
ÇÖZMEK	-i	Düğümlü, bağlı veya sarılı bir şeyi açmak
ÇÖZÜCÜ	a.,kim.	Başka bir maddeyi çözme özelliği olan şey
ÇUHACI	a.	Çuha dokuyan veya satan kimse
ÇUHALI	sf.	Çuhası olan
ÇUHÇUH	a.	Çocuk dilinde tren
ÇULAKİ	a.,esk.	Çula benzeyen, az tüylü, kalın, kaba kumaş
ÇULLUK	a.,hay. b.	Çullukgillerden, Avrupa, Asya ve Kuzey Afrika'da yaşayan, tüyleri kahverengi ve kül rengi, göçebe, eti için avlanan, uzun gagalı, göçmen bir kuş; bekas (Scolopax rusticola)
ÇULSUZ	sf.	Çulu olmayan
ÇULTAR	a.	Eyerin veya palanın üzerine örtülen kilim, halı vb. örtü
ÇURÇUR	a.,hay. b.	Lapina familyasından, eti pek sevilmeyen, küçük bir deniz balığı (Crenilabrus)
ÇÜLAKİ	a.,hlk.	Kalın kumaş
ÇÜRÜME	a.	Çürümek işi; ufunet
DADILI	sf.	Dadısı olan
DAĞCIL	sf.,bit. b.	Dağ şartlarına ve iklimine göre yetiştirilen (bitki)
DAĞLIÇ	a.,hay. b.	Kıvırcık koç ile Karaman koyununun birleşmesinden doğan melez koyun
DAĞLIK	sf.	Birçok dağın bulunduğu, dağlarla kaplı (bölge)
DAHASI	a.	Fazlası, ilavesi
DÂHİCE	zf.	Dâhiye yakışır bir biçimde; dâhiyane
DÂHİLÎ	sf.	İçle ilgili
DAKİKA	a.	Bir saatlik zamanın altmışta biri
DAKSİL	a.	Daktilo, bilgisayar, tükenmez veya dolma kalemle yazılan yazılardaki yanlışları düzeltmek için kullanılan sıvı veya şerit biçiminde kapatıcı
DALAMA	a.	Dalamak işi
DALCIK	a.,bit. b.	Ana dalın kollarından her biri, küçük dal
DALDIZ	a.,ağz.	Marangozların kullandığı ağaç oymaya yarayan oluklu demir alet
DALFES	a.,esk.	Üstünde sarık bulunmayan fes
DALGIÇ	a.	Deniz dibine inilebilecek özel donanımla su altında çalışmayı meslek edinen kimse; balık adam, kurbağa adam
DALGIN	sf.	Çevresinde olup bitenleri fark edemeyecek kadar düşünceye dalan
DALGIR	a.,ağz.	► hare
DALICI	sf.,hay. b.	Dalma özelliği olan
DALINÇ	a.,ruh b.	Kendinden geçercesine sessiz bir coşkuya dalma; istiğrak, meditasyon
DALMAK	-e	Suyun içine bütün vücuduyla ve hızla girmek
DALSIZ	sf.	Dalı olmayan
DALYAN	a.,den.	Deniz, göl ve ırmakların kıyılara yakın yerlerinde ağ ve kazıklarla oluşturulan, balık avlama yeri
DAMACI	a.	Dama oyuncusu
DAMALI	sf.	Üstünde dama tahtasındaki gibi kareler bulunan
DAMBIL	a.,sp.	Kol egzersizi yapmak için kullanılan, ortasında tutmak için özel bir yeri bulunan, iki ucunda sabit veya değiştirtilebilir ağırlıkları olan, demir veya plastikten üretilen bir tür spor aleti; el ağırlığı
DAMPER	a.	Bir şasinin üzerine takılmış, inip kalkan kasası olan, kendinden hareketli, yükü boşaltan düzen
DAMSIZ	sf.	Damı olmayan
DANACI	a.,ağz.	Dana çobanlığı yapan kimse
DANDİK	sf.,argo	Düşük nitelikli (uyuşturucu madde vb.)
DANSÇI	a.	Dans eden kişi
DANSLI	sf.	Dans edilen
DANSÖR	a.	Dans etmeyi meslek edinmiş erkek
DANSÖZ	a.	Dans etmeyi meslek edinmiş kadın
DANTEL	a.	Her türlü iplikle örülen veya bir kumaşın kenarına işlenen türlü biçimde ince ve ağ görünümünde örgü; tentene
DAPDAR	sf.	Çok dar
DARGIN	sf.	Darılmış olan (kimse)
DARLIK	a.	Dar olma durumu; daraşlık
DASNİK	a.,kaba	► pezevenk
DAVACI	a.,huk.	Dava eden kimse; savlayıcı, müddei
DAVALI	sf.,huk.	Dava edilen (kimse); mahkemeli, müddeaaleyh, müddeialeyh
DAVUDİ	sf.	Kalın, tok ve gür (ses)
DAYALI	sf.	Dayanmış olan
DAYAMA	a.	Dayamak işi
DAYANÇ	a.	► sabır
DAYLAK	a.,ağz.	Dişi deve
DAZKIR	a.,coğ.	Ot bitmeyen, tuzlu, kıraç, kurak, yarı bozkır, yarı çöl özelliği gösteren yer
DAZLAK	sf.	Başında saçı olmayan (kimse, baş); daz
DEALER	a.	343 satımcı
DEBBAĞ	a.,esk.	► sepici
DEBBOY	a.,esk.,ask.	► depo
DECCAL	sf.,mec.	Yalancı, fesat, dedikoducu (kimse)
DEFAAT	a.	Kezler
DEFANS	a.,sp.	► savunma
DEFİLE	a.	Giyecekleri tanıtmak amacıyla mankenlerin yaptıkları gösteri; giyim gösterisi
DEFİNE	a.	Toprak altına gömülerek saklanmış para veya değerli şeyler; gömü
DEFOL!	kaba	"savuş git, uzaklaş" anlamında kullanılan bir söz
DEFOLU	sf.	Defosu olan, bozuk, kusurlu, ayıplı olan (kumaş, giysi, mal vb.); özürlü
DEGAJE	sf.	Hafif açık olan
DEĞGİN	e.	► ilişkin
DEĞİNİ	a.	► değinme
DEĞMEK	-e	Aralık kalmayıncaya kadar birbirine yaklaşarak dokunmak
DEĞNEK	a.	Elde taşınacak incelikte düzgün ağaç; çevgen
DEHDEH	a.	Çocuk dilinde at
DEHHAŞ	sf.,esk.	Aşırı korku verici, dehşet saçıcı
DEHLİZ	a.	Üstü kapalı, dar ve uzun geçit
DEHŞET	a.	Bir tehlike veya korkunç bir şey karşısında duyulan ürküntü
DEJAVU	a.,ruh b.	► görmüşlük duygusu
DEKONT	a.,ekon.	► hesap belgesi
DEKORE	sf.	"Bir yere süsleme amacıyla düzen vermek" anlamındaki dekore etmek birleşik fiilinde geçen bir söz
DELEGE	a.	Kendisine yetki verilerek bir yere veya birinin katına gönderilen kimse; murahhas
DELGEÇ	a.	Mukavva, kâğıt, kayış, maden vb.nde delik açmaya yarayan araç; delecek, zımba
DELGİÇ	a.	Ucu sivri demirli, ağaçtan tutacak yeri olan ve tütün dikmeye yarayan araç
DELİCE	sf.	Davranışları aşırı, deli gibi olan; delimsirek
DELİCİ	a.	Delen, delme işini yapan kimse veya nesne
DELMEK	-i	Delik açmak, delik duruma getirmek
DEMEVİ	sf.,esk.,tıp	► kanlı
DEMİRÎ	a.,esk.	► kül rengi
DEMKEŞ	sf.,esk.	Dem çeken, güzel ses çıkaran (güvercin)
DEMLİK	a.	İçerisinde çay demlenen porselen veya metalden yapılmış küçük çaydanlık
DEMODE	sf.	Modası geçmiş olan
DENAET	a.,esk.	► alçaklık
DENDEN	a.	► denden işareti
DENEME	a.	Denemek işi
DENKÇİ	a.	Denk işleri ile uğraşan veya denk yapan kimse
DENMEK	nsz.	Ad verilmek
DENSİZ	sf.	Yakışıksız ve saygısızca davranan (kimse)
DENTİN	a.,anat.	Dişin kemiğe benzer yapıdaki temel tabakası
DEPOCU	a.	Depoya bakan görevli
DERCEP	a.,esk.	Hakkı olmayan parayı veya malı zimmetine geçirme
DERECE	a.	► aşama
DEREKE	a.,esk.	Aşağı derece
DERGÂH	a.,esk.,tar.	► tekke
DERHÂL	zf.	► çabucak
DERİCİ	a.	Belirli bir amaçla kullanmak için hayvan derisini işleyen kimse
DERİLİ	sf.	Derisi olan
DERKEN	zf.	Dendiği hâlde
DERLEM	a.	Bir dilin türlü kullanım alanlarından derlenmiş örneklerinin dil bilgisi ve kuramsal dil bilimi araştırmalarında kullanılmak üzere bilgisayar tarafından okunabilecek biçimde bir araya getirilmiş kümesi; bütünce, korpus
DERMAN	a.	► takat
DERMEK	-i,ağz.	Bir araya getirmek, toplamak
DERNEK	a.	Belirli ve ortak bir amacı gerçekleştirmek için kurulan yasal topluluk; cemiyet, deri (II)
DERPİŞ	a.,esk.	Öngörme, göz önünde tutma, aklından geçirme
DERTLİ	sf.	Derdi olan; yaralı
DERTOP	sf.	Büzülmüş, toplanmış olan
DERUNİ	sf.,esk.	İçle ilgili
DERVİŞ	a.	Bir tarikata girmiş, onun kurallarına ve törelerine bağlı kimse; torlak
DESİSE	a.,esk.	► entrika
DESPOT	a.	Bir ülkeyi zora ve baskıya dayanarak yöneten kimse
DESSAS	sf.,esk.	► düzenbaz
DESTAN	a.,ed.	Tarih öncesi tanrı, tanrıça, yarı tanrı ve kahramanlarla ilgili olağanüstü olayları konu alan şiir; epope
DESTAR	a.,esk.	► sarık
DESTEK	a.	Bir şeyin yıkılmaması için konulan eğik veya düz ağaç; dayak (II), payanda
DESTUR	a.,esk.	► izin
DEŞARJ	a.,fiz.	► boşalma
DEŞMEK	-i	Bir yeri oymak, delmek, kazmak
DETANT	a.	► yumuşama
DETONE	sf.,müz.	Kusurlu olan
DEVASA	sf.	Dev gibi, çok büyük
DEVECİ	a.	Deve sahibi, deve kiralayan kimse
DEVLET	a.,huk.,top. b.	Toprak bütünlüğüne bağlı olarak siyasal bakımdan örgütlenmiş millet veya milletler topluluğunun oluşturduğu tüzel varlık; ülke
DEVRAN	a.,esk.	► dünya
DEVREN	zf.	Devir yoluyla, devrederek
DEVRİK	sf.	Katlanıp kendi üzerine bükülmüş
DEVRİM	a.	Belli bir alanda hızlı, köklü ve nitelikli değişiklik
DEYYUS	sf.,hkr.	Karısının veya kendisine çok yakın bir kadının iffetsizliğine göz yuman (kimse)
DIĞDIK	a.,ağz.	Akrabalığın uzak olduğunu anlatan dığdığının dığdığı deyiminde geçen bir söz
DIRDIR	a.	Bezdirici bir biçimde söylenme; dırıltı
DIŞARI	a.	Dış çevre, dış yer, içeri karşıtı
DIŞRAK	sf.,fel.	Herkesin öğrenmesinde sakınca görülmeyen, gizli kapalı olmayan (her türlü bilgi, öğreti), içrek karşıtı
DIŞSAL	sf.	Dışla ilgili, dışa ilişkin
DIŞTAN	sf.,fel.	Aslında olmayıp sonradan ve dışarının etkisiyle ortaya çıkan (düşünceler)
DIZDIK	a.	Akrabalığın uzak olduğunu anlatan dızdığının dızdığı deyiminde geçen bir söz
DIZDIZ	a.	Ağustos böceklerinin çıkardığı ses
DIZMAN	sf.,ağz.	İri yapılı, uzun boylu, şişman olan
DİBACE	a.,esk.	► ön söz
DİDONA	a.	► didon (I)
DİFANA	a.	Üç katlı bir balık ağı
DİĞERİ	zm.	► ötekisi
DİKGEN	sf.,mat.	Birbiriyle veya kesim noktasındaki teğetleriyle dik açı yapacak biçimde kesişen
DİKİCİ	a.	Tarımla uğraşan kimse; çiftçi
DİKİLİ	sf.	Dikilmiş olan
DİKİNE	zf.	Dikey olarak; diklemesine
DİKKAT	a.	Duygularla düşünceyi bir şey üzerinde toplama
DİKLİK	a.	Dik olma durumu
DİKMEK	-e,-i	Bir cismi dik olarak durdurmak
DİKMEN	a.,ağz.	Koni biçiminde tepe
DİLBAZ	sf.	Güzel söz söyleyen, konuşmasıyla ikna eden
DİLBER	a.	Alımlı, güzel kadın
DİLCİK	a.,bit. b.	Buğdaygillerde, yaprak ayası ile yaprak kınının birbirinden ayrıldığı yerde bulunan sivri uçlu, küçük, saydam çıkıntı
DİLDAŞ	a.	Aynı dili konuşanlardan her biri
DİLEME	a.	Dilemek işi; rica
DİLHUN	a.	İçi kan ağlayan, çok üzüntülü (kimse)
DİLLEK	sf.,ağz.	► dedikoducu
DİLMAÇ	a.	► çevirmen
DİLMEK	-i	Bir bütünü ince ve yassı parçalara ayırarak kesmek
DİLOTU	a.	"Çok konuşmak" anlamındaki dilotu yemek deyiminde geçen bir söz
DİLSEL	sf.	Dille ilgili
DİLSİZ	sf.	Konuşma engeli olan, konuşamayan; ahraz
DİMDİK	sf.	Çok dik; mum direk
DİMMER	a.,fiz.	► reosta
DİMNİT	a.,bit. b.	Erken olgunlaşan ince kabuklu bir tür siyah üzüm
DİMYAT	a.,bit. b.	Seyrek ve yuvarlak taneli bir tür üzüm
DİNAMO	a.,fiz.	► üreteç
DİNDAR	sf.,din b.	Din inancı güçlü, din kurallarına bağlı, dinin emirlerini yerine getiren (kimse); mütedeyyin
DİNDAŞ	a.	Aynı dinden olan kimse
DİNERİ	a.	İskambil kâğıtlarındaki işaretlerden karo
DİNGİL	a.	Tekerleklerin merkezinden geçen ve taşıtın altına enlemesine yerleştirilmiş mil; eksen, aks
DİNGİN	sf.	Sakin, durgun olan
DİNMEK	nsz.	Sona ermek, bitmek, durmak
DİNSEL	sf.	► dinî
DİNSİZ	sf.	Dinî inancı olmayan
DİPÇİK	a.	Tüfek vb. silahların namlu gerisinde bulunan, atış sırasında silahın omza dayanmasını veya tabancanın elle kavranmasını sağlayan taban bölümü
DİPDAM	a.,ağz.	► cezaevi
DİPNOT	a.	Metin içinde geçen herhangi bir bilgi ile ilgili olarak sayfa altına, çalışmanın sonuna konulan açıklama veya kaynak bilgisi; haşiye
DİPSİZ	sf.	Dibi olmayan
DİREKT	sf.	► aracısız
DİREME	a.	Diremek işi
DİRENÇ	a.	Dayanma, karşı koyma gücü; dayanırlık, mukavemet
DİRGEN	a.,ağz.	Genellikle harmanda sapları yaymaya yarayan demirden, çatallı bir tarım aracı; çatal, diren
DİRHEM	a.,esk.	Okkanın dört yüzde birine eşit olan, 3,207 gramlık eski bir ağırlık ölçüsü
DİRİCE	sf.	Biraz diri
DİRLİK	a.	Yaşayış, hayat, sağlık, varlık, geçim
DİRSEK	a.	Kol ile ön kol arasındaki eklemin arka yanı
DİSKÇİ	a.,sp.	Disk atan kimse
DİSKET	a.	Bilgisayardaki işlemlerin kaydedildiği manyetik araç
DİSKUR	a.	Nutuk verme
DİSPEÇ	a.,den.	Bir ortak avaryada deniz kazasından sonra gemi, yük ve navlunla ilgili kimselerin uğradıkları zararların ve bunlar tarafından yapılan masrafların nasıl, kimler tarafından ve ne oranda karşılanacağını belirlemek için yapılan işlem
DİŞÇİK	a.	Çok küçük diş
DİŞEĞİ	a.,ağz.	Taşları yontmak için kullanılan dişli bir tür çekiç
DİŞEME	a.	Dişemek işi
DİŞLEK	sf.	Dişleri dışarıya doğru çıkık olan (kimse)
DİŞLİK	a.,sp.	Boks vb. oyunlarda oyuncuların dişlerini ve dudaklarını korumak için dişlerine yerleştirdikleri kauçuk koruyucu
DİŞSİZ	sf.	Dişi olmayan
DİTMEK	-i	Yün, pamuk vb.ni tellere ayırarak kabartmak
DİVANE	sf.	Deli, kaçık, budala olan
DİVANİ	a.,esk.	Divan kaleminden çıkan ferman, berat vb. belgelerde kullanılmış olan yazı
DİVLEK	a.,hlk.	Kalın kabuklu olgun kavun
DİZAYN	a.	► tasarım
DİZDAR	a.,tar.	Kale bekçisi, kale muhafızı
DİZELİ	sf.	Dizesi olan
DİZGİN	a.	Gemin uçlarına bağlanarak hayvanı yöneltmeye yarayan kayış
DİZİCİ	a.	► dizgici
DİZİLİ	sf.	Dizilmiş olan, sıralanmış; mürettep
DİZLİK	a.	Korumak amacıyla dize geçirilen şey
DİZMEK	-e,-i	Bazı nesneleri iplik, tel vb.ne geçirmek
DİZMEN	a.	► dizgici
DİZYEM	a.	Sıcaklıkölçerde santigradın onda biri
DOÇENT	a.	Üniversitelerde profesörden önceki basamakta bulunan öğretim üyesi
DOĞACI	sf.	Doğacılık yanlısı olan; natürist
DOĞMAK	nsz.	Dünyaya gelmek
DOĞRAM	a.,ağz.	Doğrama sonucu ortaya çıkan parça
DOĞULU	sf.	Doğu ülkelerinden olan (kimse); Şarklı
DOKSAN	a.	Seksen dokuzdan sonra gelen sayının adı
DOKULU	sf.	Dokusu olan
DOKUMA	a.	Dokumak işi; nesiç, tekstil
DOLAMA	a.	Dolamak işi
DOLAYI	e.	► ötürü
DOLGUN	sf.	Dolarak biçimi yuvarlaklaşmış
DOLMAK	nsz.	Dolu duruma gelmek
DOLMEN	a.,tar.	İkisi dikili, üçüncüsü de bunların üzerine kapak gibi yatırılmış üç büyük taştan oluşturulmuş Taş Devri mezarı
DOLMUŞ	sf.	Boş yeri kalmamış; meşbu
DOLUSU	sf.	Dolduracak kadar
DOMBAY	a.,ağz.	► manda (I)
DOMBRA	a.	İki telli bir Türk çalgısı
DOMDOM	a.	► domdom kurşunu
DOMİNE	sf.	“Baskın duruma gelmek, hükmetmek” anlamlarındaki domine etmek birleşik fiilinde geçen bir söz
DOMİNO	a.	Üzerleri noktalarla işaretli dikdörtgen biçiminde yirmi sekiz taşla masa üzerinde oynanan bir oyun
DONAMA	a.	► süsleme
DONATI	a.,ask.	► teçhizat
DONMAK	nsz.	Sıvı, soğuğun etkisiyle katı duruma gelmek; buymak
DONSUZ	sf.	Don giymemiş olan
DOPİNG	a.,sp.	Bir spor yarışması sırasında vücuda ek enerji sağlamak için kullanılan uyarıcı ilaç
DOSTÇA	sf.	Dosta yakışır, dost gibi
DOYGUN	sf.	Her türlü gereksinimini gidermiş, tatmin olmuş; müstağni
DOYMAK	nsz.	İsteği kalmayıncaya kadar yemek, yeteri kadar yemiş olmak, açlığı kalmamak; doyunmak
DOYMAZ	sf.	Açgözlü
DOYMUŞ	sf.	Bir şey yiyerek tok duruma gelmiş
DÖKMEK	-i	Sıvı veya tane durumunda olan şeyleri bulundukları kaptan başka bir yere boşaltmak
DÖKÜLÜ	sf.	Dökülmüş
DÖNGEL	a.,ağz.	► muşmula
DÖNMEK	nsz.	Kendi ekseni üzerinde veya başka bir şeyin dolayında hareket etmek
DÖRDER	sf.	Dört sayısının üleştirme sayı sıfatı
DÖRDÜL	a.,mat.	► kare
DÖRDÜN	a.	Ay vb. gök cisimlerine ait daire biçimindeki görünümlerinin yarısının aydınlık olduğu evre; yarım ay, terbi
DÖRDÜZ	sf.	Dördü bir arada doğan (çocuk)
DÖRTLÜ	sf.	Dört parçadan oluşan, kendinde herhangi bir şeyden dört tane bulunan; murabba (I)
DÖŞELİ	sf.	Döşenmiş olan; mefruş
DÖŞEME	a.	Döşemek işi
DÖVMEK	-i	Tokat, yumruk, tekme vurarak canını acıtmak; benzetmek, girişmek, hırpalamak, pataklamak,  silkelemek, sopalamak, ufalamak
DRAGON	a.	► ejderha
DRAHMİ	a.,esk.	Yunanistan'ın para birimi
DRENAJ	a.	Toprakta bitkilerin yetişmesine zararlı olan fazla suların akıtılması; akaçlama
DREZİN	a.	Demir yollarında yol kontrol ve bakımı için kullanılan küçük araba
DUAHAN	a.,esk.,din b.	Dua okuyucu
DUASIZ	sf.	Dua okumayan, dua etmeyen
DUAYEN	a.	► aksakal
DUBARA	a.	Zarla oynanan oyunlarda, atılan zarlardan her ikisinin de iki benekli olan yüzünün üste gelmesi
DUBLAJ	a.,sin.,TV	► seslendirme
DUBLÖR	a.,sin.,TV	Bazı önemsiz veya tehlikeli sahnelerde asıl oyuncunun yerine çıkan, yapı ve yüz bakımından bu oyuncuyu andıran kimse; benzer
DUETTO	a.,müz.	Bir kadın ve bir erkek sesin sözleri dönüşümlü olarak okudukları hafif müzik parçası
DULLUK	a.	Dul olma durumu
DUMAĞI	a.,ağz.	► nezle
DURGUN	sf.	► sakin
DURMAK	nsz.	Hareketsiz durumda olmak
DURUCU	sf.	Durmakta ısrarlı, kalıcı olan
DUŞSUZ	sf.	Duşu olmayan
DUTLUK	a.	Dut ağaçlarının çok olduğu yer
DUYGAN	sf.	Aşırı duygulu
DUYGUN	sf.	► duyarlı
DUYMAK	-i	Bilgi almak, öğrenmek, haber almak
DUYSAL	sf.	Duyuyla alınan
DUYURU	a.	Herhangi bir olguyu, bir işi, bir durumu duyurmak için yayımlanan yazılı veya sözlü haber; car (I), ilan, anons
DÜELLO	a.	İki kişi arasında, tanıklar önünde yapılan silahlı vuruşma
DÜĞMEK	-i,ağz.	Düğüm yapmak
DÜĞMÜK	a.	► düğüm
DÜKKÂN	a.	Esnafın perakende satış yaptığı, küçük zanaat sahiplerinin çalıştıkları yer; işletme, iş yeri
DÜKLÜK	a.	Dük olma durumu
DÜLDÜL	a.	Mekanik olarak çalışan oyuncak çocuk arabası
DÜLGER	a.	Yapıların kaba ağaç işlerini yapan kimse
DÜMBÜK	a.	► pezevenk
DÜMDAR	a.,esk.,ask.	► artçı
DÜMDÜZ	sf.	Çok düz
DÜMTEK	a.,müz.	Klasik Türk müziğinde tempo
DÜNDEN	zf.	Bir önceki günden
DÜRBÜN	a.,fiz.	Uzaktaki cisimlerin görüntülerini büyütmeye veya yaklaştırmaya yarayan, objektif ve oküler adlı iki mercekten oluşan optik alet; bakaç
DÜRMEK	-i	Bir şeyi kıvırıp silindir biçiminde kendi üzerine sarmak
DÜRTME	a.	Dürtmek işi
DÜRTÜŞ	a.	Dürtmek işi
DÜRÜLÜ	sf.	Dürülmüş, kıvrılmış
DÜRÜST	sf.	Sözünde ve davranışlarında doğruluktan ayrılmayan, doğru (kimse)
DÜRÜŞT	sf.,esk.	Sert, gücendirici, kırıcı olan
DÜSTUR	a.	Genel kural
DÜŞKÜN	sf.	Bir şeye kendini aşırı vermiş olan, çok bağlı; tutkun
DÜŞLEM	a.	Düş yoluyla beliren görüntü
DÜŞMAN	a.	Birinin kötülüğünü isteyen, ondan nefret eden, ona zarar vermeye çalışan kimse; yağı, hasım, husumetli, dost karşıtı
DÜŞMEK	-e	Yer çekiminin etkisiyle boşlukta, yukarıdan aşağıya inmek
DÜŞSEL	sf.	Düş ile ilgili; hayalî
DÜŞSÜZ	sf.	Düşü olmayan
DÜZEME	a.	Düzemek işi
DÜZGÜN	sf.	Doğru ve pürüzsüz; muntazam
DÜZİKO	a.	► düz rakı
DÜZİNE	a.	Aynı cinsten on iki parçanın oluşturduğu takım
DÜZLEM	sf.	Üzerinde girinti ve çıkıntı olmayan
DÜZLÜK	a.	Düz olma durumu
DÜZMEK	-i	Bir gereksinimi karşılamak amacıyla birçok şeyi birbirini tamamlayacak biçimde bir araya getirmek
EBABİL	a.,hay. b.	Sağanlardan, kentler ve açık alanlarda yaşayan, kırlangıca göre kanatları daha uzun ve kavisli bir tür kuş; dağ kırlangıcı, vatvat (Apus apus)
EBELİK	a.	Ebe olma durumu
EBESİZ	sf.	Ebesi olmayan
EBİŞKE	a.,bit. b.	► balkadın
EBONİT	a.,kim.	Yüz kısım kauçuğun otuz iki kısım kükürtle işlenmesinden elde edilen plastik madde
EBRUCU	a.	Renkleri karıştırarak süs kâğıtları üzerine ebru yapan sanatçı
EBRULİ	sf.	Üzerinde değişik renkler bulunan
EBRULU	sf.	Üzerine ebru yapılmış (kâğıt, kumaş)
ECİNNİ	a.	► cin
ECNEBİ	sf.	► yabancı
ECZACI	a.	Eczacılık fakültesinden mezun olarak eczacılık mesleğini yapmaya hak kazanmış kimse
ECZALI	sf.	Kimyasal madde ile kaplanmış, karıştırılmış, işlem görmüş
ECZANE	a.	İlaçların hazırlandığı veya hazır ilaçların satıldığı yer
EDATLI	sf.	Edat bulunduran; ilgeçli
EDEBEN	zf.	Edep gereği, edebe uyarak
EDEPLİ	sf.	► uslu
EDEVAT	a.	Bir iş için gerekli olan malzemelerin, parçaların tümü
EDİLGİ	a.,fel.	Dışarıdan gelip bir şeyde belli bir değişiklik yapan iş veya bu işin sonucu; infial
EDİLME	a.	Edilmek işi
EDİMLİ	sf.	Edimi olan
EDİNİM	a.	Edinmek işi
EDİNME	a.	Edinmek işi; iktisap
EDİNTİ	a.	Edinilen, kazanılan şey
EDİTÖR	a.	► yayımcı
EFELEK	a.,ağz.	► labada
EFELER	a.	Aydın iline bağlı ilçelerden biri
EFELİK	a.	Efe olma durumu
EFENDİ	a.	Günümüzde bey ünvanından farklı olarak özel adlardan sonra kullanılan ikinci derecede bir ünvan
EGEMEN	sf.	Yönetimini hiçbir kısıtlama veya denetime bağlı olmaksızın sürdüren, bağımlı olmayan; hükümran
EGOİST	sf.	► bencil
EGOİZM	a.	► bencillik
EGZAMA	a.,tıp	► mayasıl
EĞİLİM	a.	Eğilmek işi
EĞİLİŞ	a.	Eğilmek işi
EĞİLME	a.	Eğilmek işi
EĞİMLİ	sf.	Eğimi olan; meyilli
EĞİNİK	sf.	Eğilmiş olan; eğik
EĞİNME	a.	Eğinmek durumu
EĞİNTİ	a.,ağz.	Eğelenen bir şeyden dökülen ince toz
EĞİRME	a.	Eğirmek işi
EĞİTİM	a.	Çocukların ve gençlerin toplum yaşayışında yerlerini almaları için gerekli bilgi, beceri ve anlayışları elde etmelerine, kişiliklerini geliştirmelerine okul içinde veya dışında, doğrudan veya dolaylı yardım etme; terbiye
EĞİTİŞ	a.	Eğitmek işi
EĞİTME	a.	Eğitmek işi; terbiye etme, oryantasyon
EĞLEME	a.	Eğlemek işi
EĞRETİ	sf.	Belirli bir süre sonra kaldırılacak olan, bir şeyin yerine geçici olarak kullanılan
EĞRİCE	sf.	Az eğri olan
EĞRİLİ	sf.	Eğrisi olan
EKÂBİR	a.	Büyükler, devlet büyükleri, ileri gelenler
EKARTE	sf.	"Saf dışı etmek, konu dışında tutmak" anlamındaki ekarte etmek, saf dışı edilmek, konu dışında tutulmak" anlamındaki ekarte olmak birleşik fiillerinde geçen bir söz
EKECEK	a.,ağz.	► tohum
EKELİK	a.	Eke olma durumu
EKENEK	a.	► mezra
EKİLİŞ	a.	Ekilmek işi
EKİLME	a.	Ekilmek işi
EKİNCİ	a.,ağz.	Tahıl yetiştirip satan kimse
EKİNLİ	sf.	Ekini olan
EKİNTİ	a.,ağz.	Ekilen şey
EKLEME	a.	Eklemek işi; ulama, izafe, munzam
EKOLOG	a.	► ekoloji uzmanı
EKOSUZ	sf.	► yankısız
EKSERİ	zf.,esk.	► genellikle
EKSİBE	a.,esk.,jeol.	► kumul
EKSPER	a.	► bilirkişi
EKSTRA	sf.	En iyi, üstün nitelikli
EKSTRE	a.	► öz (I)
EKŞİLİ	sf.	İçinde ekşisi bulunan
EKŞİME	a.	Ekşimek işi,  oksitleme; tahammuz
ELAMAN	ünl.	Bezginlik ve sızlanma anlatan bir söz
ELBİSE	a.	► giysi
ELDECİ	a.,huk.	► zilyet
ELDELİ	sf.,mat.	Toplama veya çarpmalarda bir sonraki basamağa aktarılan (sayı)
ELEKÇİ	a.	Elek yapan veya satan kimse
ELEMAN	a.	► öge
ELEMEK	-i	Elek yardımıyla ayıklamak veya incesini kabasından ayırmak; elekten geçirmek
ELEMGE	a.	Çile durumundaki ipliği yumak yapmak veya masuraya sarmak için kullanılan, bir eksen üzerinde dönen araç
ELEMLİ	sf.	Kederi olan
ELENİŞ	a.	Elenmek işi
ELENME	a.	Elenmek işi
ELENSE	a.,sp.	Güreşte, kolunu hasmın boynuna getirip başparmağı gırtlağa, dört parmağı da enseye geçirerek hasmı yıkmaya dayalı bir oyun
ELENTİ	a.,ağz.	Arpa, buğday vb.nin kalburdan geçirilmiş bölümü
ELETME	a.	Eletmek işi
ELEYİŞ	a.	Elemek işi
ELEZER	sf.,ruh b.	► sadist
ELİFBA	a.	Elif harfiyle başlayan Arap alfabesi; elifbe
ELİFBE	a.	► elifba
ELİYLE	zf.	► aracılığıyla
ELKIZI	a.,mec.	► gelin
ELLEME	a.	Ellemek işi
ELLİLİ	sf.	Elli parçası bulunan, elli parçadan oluşan
ELMACI	a.	Elma yetiştiren veya satan kimse
ELOĞLU	a.	Yabancı kimse; elin oğlu
ELÖPEN	a.,ağz.	► kertenkele
ELVEDA	ünl.	Bir daha kavuşulmayacağı düşünülen bir şeyden ayrılırken kullanılan bir söz
EMANET	a.	Birine geçici olarak bırakılan ve teslim alınan kişice korunması gereken eşya, kimse vb.; inam, vedia
EMARET	a.	► beylik
EMBOLİ	a.,tıp	► damar tıkanıklığı
EMEKÇİ	a.	Geçimini beden gücüyle sağlayan kimse
EMEKLİ	sf.	Emek harcanarak elde edilen
EMİLME	a.	Emilmek işi
EMİŞME	a.	Emişmek işi
EMLEME	a.	Emlemek işi
EMPATİ	a.,ruh b.	► duygudaşlık
EMPOZE	sf.	"Dayatmak" anlamındaki empoze etmek birleşik fiilinde geçen bir söz
ENBERİ	a.,gök b.	Bir gök cisminin yörüngesi boyunca, etrafında dolandığı merkezî cisme en yakın olduğu nokta
ENBİYA	a.,din b.	Nebiler
ENDAZE	a.	65 santimetrelik uzunluk ölçüsü
ENDEKS	a.	► dizin
ENDİŞE	a.	► kaygı
ENEMEK	-i	İğdiş etmek
ENENME	a.	Enenmek durumu
ENERJİ	a.,fiz.	Maddede var olan ve ısı, ışık biçiminde ortaya çıkan güç; erke
ENFİYE	a.,esk.	Kurutulmuş tütünden yapılan ve burna çekilen keyif verici, aksırtıcı toz; burun otu
ENFÜSİ	a.,esk.	► öznel
ENGEBE	a.,coğ.	Deprem, rüzgâr, sel vb. iç ve dış etmenlerin etkisiyle oluşan yayla, ova, koyak, çukur, dağ vb. biçimlerin bütünü; yüzey şekilleri, arıza, avarız
ENİŞTE	a.	Bir kimsenin kız kardeşinin veya kadın hısımlarından birinin kocası
ENLİCE	sf.	Eni biraz geniş
ENSEST	a.,top. b.	Aile içi yasak ilişki
ENTARİ	a.	Genellikle tek parçalı kadın giyeceği
ENTÜBE	sf.,tıp	Herhangi bir vücut kanalına veya boşluğuna özellikle solunum yoluna tüp yerleştirilmiş (hasta)
EPEYCE	zf.	► epey
EPİFİT	a.,bit. b.	► üst bitken
EPİLOG	a.,ed.	► son söz
EPİTEL	a.	Tek veya çok hücreden oluşan, vücudun bütün dış ve iç yüzeylerini kaplayan doku; epitelyum
EPİZOT	a.,ed.	Bir romandaki veya hikâyedeki olay
EPRİME	a.	Eprimek işi
ERBAİN	a.,esk.	Rumi takvimde 22 Aralık'tan 31 Ocak gününe kadar süren kırk günlük kış dönemi
ERDİŞİ	sf.,biy.	Hem erkek hem dişi gametleri bulunan (birey); erselik, hünsa, hermafrodit
EREKÇİ	sf.,fel.	Erekçilik yanlısı; finalist
ERGENE	a.	Maden çıkarılan yer
ERGİME	a.	Ergimek işi; zeveban
ERİGEN	sf.	Çabuk eriyip dağılan
ERİKSİ	sf.	Eriği andıran, eriğe benzeyen, erik gibi
ERİMEK	nsz.	Katı cisim sıvı içine karışarak sıvı durumuna geçmek
ERİNME	a.	► üşenme
ERİŞİM	a.	Erişmek işi
ERİŞME	a.	Erişmek işi
ERİŞTE	a.	İnce ince kesilip kurutulan hamur
ERİTEN	sf.,kim.	İçinde katı bir madde eriyebilen veya katı bir maddeyi eritebilen (sıvı)
ERİTİŞ	a.	Eritmek işi
ERİTME	a.	Eritmek işi; hal (I)
ERİYİK	a.,kim.	İçindeki katı madde erimiş bulunan sıvı; mahlul, solüsyon
ERİYİŞ	a.	Erimek işi
ERKETE	a.,argo	► gözetleme
ERKSİZ	sf.	Muktedir olmayan
EROSAL	sf.	► erotik
EROSÇU	a.	Roman, hikâye, heykel, resim vb. sanat eserlerinde aşk konusuna ve cinsel ilişkilere geniş yer veren sanatçı
EROTİK	sf.	Cinsel duyumlar veya onlara bağlı olan duyumların uyandırdığı duygu ve coşkularla ilgili olan; kösnül, şehvani, şehevi, erosal
ERSEME	a.	Ersemek durumu
ERTESİ	sf.	Bir günün, haftanın, ayın, mevsimin, yılın ardından gelen (gün, hafta, ay, mevsim, yıl); ferdası
ESARET	a.	► tutsaklık
ESASEN	zf.	Başından, temelinden, kökeninden
ESASLI	sf.	Köklü, geniş ölçüde etkili, güzel, doğru
ESASTA	zf.	► aslında
ESATİR	a.,esk.	► mitoloji
ESEFLİ	sf.	Üzüntülü olan
ESERME	a.	Esermek işi
ESİNTİ	a.	Belli belirsiz hissedilen hafif yel; hava, nefha
ESİRCİ	a.,esk.	Köle ve cariye alan ve satan kimse
ESİRME	a.	Esirmek işi
ESKİCE	sf.	Biraz eski, çok yeni olmayan
ESKİCİ	a.	Her türlü eski eşya alım satımıyla uğraşan kimse
ESKİME	a.	Eskimek işi
ESKORT	a.	► koruma aracı
ESKRİM	a.,sp.	Dürtücü kılıç, kesici kılıç ve delici kılıç adı verilen silahlarla yapılan spor; kılıç oyunu
ESLEME	a.	Eslemek işi
ESNEME	a.	Esnemek işi
ESPERİ	a.,hay. b.	Ava alıştırılamayan bir tür doğan
ESRİME	a.	Esrimek işi; gaşiy, gaşyolma
ESTAMP	a.	► oyma baskı
ESTOMP	a.	Kara kalem resimde çizgiyi veya pastel boyasını yaymak için kullanılan, kendi üzerine sarılmış kâğıt veya deri
EŞEKÇE	sf.	Kaba bir biçimde olan
EŞEKÇİ	a.	Eşeklerle yük taşıyan veya insan gezdiren kimse; merkepçi
EŞEKSİ	sf.	Eşeği andıran, eşeğe benzeyen, eşek gibi; eşeğimsi
EŞELEK	a.,ağz.	Elma, armut, ayva vb. meyvelerin yenmeyen iç bölümü
EŞEYLİ	sf.,biy.	Erkek veya dişi eşeyden birine sahip olan, diğer eşey olmadan üreyemeyen cinsliği olan
EŞİLME	a.	Eşilmek işi
EŞİNME	a.	Eşinmek işi
EŞİTÇİ	sf.	Eşitçilik yanlısı olan; müsavatçı
EŞKIYA	a.	Dağda, kırda yol kesen hırsızlar, haydutlar
EŞLEME	a.	Eşlemek işi; bağlaşım
EŞYALI	sf.	Eşyası olan
ETAJER	a.	Raflı veya çekmeceli, taşınabilir, küçük dolap
ETALON	a.	Ağırlık ve uzunluk ölçüleri için kabul edilmiş yasal ölçü modeli
ETANOL	a.,kim.	► alkol
ETİBBA	a.,esk.	Hekimler
ETİKET	a.	Bir malın tür, miktar, fiyat vb. nitelikleri veya kitap, defter vb. şeylerin kime ait olduğunu belirtmek için üzerlerine konulan küçük kâğıt
ETİLEN	a.,kim.	Yanıcı, renksiz, az kokulu, 0,97 yoğunluğunda karbon ve hidrojen birleşimi
ETKİLİ	sf.	Etkisi olan; tesirli, müessir, patetik
ETKİME	a.	Etkimek işi; tesir
ETOBUR	sf.,hay. b.	Dişleri et yiyecek biçimde gelişmiş, omurgalı, memeli (hayvan); etçil, karnivor
ETRİYE	a.,mim.	Dikme kiriş bağlantılarında direnci sağlayan sargı
EVCARA	a.,müz.	Klasik Türk müziğinde bir makam
EVDECİ	a.,ağz.	Çiftliklerde işçilere yemek hazırlayan aşçı
EVERME	a.	► evlendirme
EVİNLİ	sf.,ağz.	Özlü ve dolgun (tohum)
EVİRME	a.,fiz.	► evirtim
EVLİYA	a.,din b.	► ermiş
EVSEME	a.	Evsemek durumu
EVVELA	zf.	Her şeyden önce, ilk önce
EVVELİ	sf.,ağz.	► önceki
EYALET	a.	Çoğunlukla valilerce yönetilen ve yönetim bakımından bir tür bağımsızlığı olan yönetim bölgesi
EYERCİ	a.	Eyer yapıp satan kimse
EYERLİ	sf.	Eyer vurulmuş, sırtına eyer konulmuş (at)
EYİTME	a.	► deme
EYLEME	a.	Eylemek işi
EZANCI	a.	► müezzin
EZBERE	zf.	Ezberleyerek, bir yerden okumayarak, bir yere bakmayarak
EZGİLİ	sf.	Ezgisi olan; melodik
EZİLİŞ	a.	Ezilmek işi
EZİLME	a.	Ezilmek işi
EZİNTİ	a.	Açlık etkisiyle midede duyulan tedirginlik
EZİYET	a.	Yersiz ve gereksiz olarak çektirilen üzüntü, işkence, sıkıntı veya zorluk; üzgü, cevir, eza cefa, sıklet, ukubet
EZKAZA	zf.,esk.	► kazara
FACTOR	a.,ekon.	343 alacaklandırıcı
FAÇALI	sf.	Havalı, gösterişli olan
FAÇETA	a.	Elmasın yontulmuş yüzlerinden her biri
FAÇUNA	a.,den.	Halatın örselenecek yerine tel veya sicimle yapılan sargı
FAĞFUR	a.	Çin imparatorlarına verilen ünvan
FAHİŞE	a.	Toplumda cinsel ilişki açısından geçerli olan ahlak kurallarına uymayan kadın; orospu, kötü kadın, mal, paçoz
FAİZCİ	a.,ekon.	► tefeci
FAİZLİ	sf.	Faizi olan, faizle işlem gören (para)
FAKFON	a.,kim.	Bakır, nikel ve çinkodan oluşan gümüş görünümünde bir alaşım
FAKTÖR	a.	► etken
FALAKA	a.	Sopa vurmak için ayak tabanlarını uygun bir biçimde sıkıştırıp tutmak üzeren iki ucuna bağlı bir ipi olan cezalandırma aracı
FALANJ	a.,tar.	Eski Yunanlarda, özellikle Makedonya yayalarının çekirdeğini oluşturan mızraklı alay
FALLUS	a.,anat.	► erkeklik organı
FANFAN	sf.,ağz.	Konuşması çok iyi anlaşılmayan (kimse)
FANFAR	a.,müz.	Bakırdan yapılmış üflemeli sazlardan oluşan orkestra
FANFİN	a.,ağz.	"Anlaşılmayan bir dille konuşmak" anlamında kullanılan fanfin etmek sözünde geçer
FANGRİ	a.,hay. b.	Bir tür mercan balığı
FANİLA	a.	Genellikle ince pamuk ipliğinden dokunmuş, ten üzerine giyilen iç çamaşırı; atlet
FANTOM	a.	► hayalet
FANYOL	a.,müz.	Bariton veya tenor ses veren, bakırdan yapılmış çalgı
FARAZA	zf.	Diyelim ki, sayalım ki, tutalım ki, varsayalım ki
FARAZİ	sf.,esk.	► varsayımsal
FARIMA	a.	Farımak işi
FARİKA	a.,esk.	► ayırmaç
FARİZA	a.,esk.,din b.	İslam dinine göre geçerli bir mazeret olmadıkça terki düşünülmeyen ve mutlaka yapılması gereken iş veya görev
FARKLI	sf.	Aralarında fark bulunan; değişik, ayrımlı, daha bir, alternatif
FASILA	a.	► aralık
FASİLE	a.,esk.,biy.	► familya
FASONE	a.	Çözgü veya atkının kumaş yüzeyi üzerinde, kendiliğinden bir desen oluşturduğu her tür kumaş
FASSAL	sf.,esk.	► karalamacı
FAŞİNG	a.	Almanlarda Hristiyanlık inancına göre belli günlerde düzenlenen şenlik ve eğlenceler
FAŞİST	a.	Faşizm yanlısı olan kimse, görüş vb
FAŞİZM	a.	İtalya'da 1922-1943 yılları arasında etkinliğini sürdüren, meslek kuruluşlarına dayanan, devlet sınırlarını genişletmeyi amaçlayan, yetkinin, tek partinin elinde toplandığı düzen; faşistlik
FATURA	a.,tic.	Satılan bir malın cinsini, miktarını ve fiyatını bildirmek için satıcının alıcıya verdiği hesap pusulası
FAULLÜ	sf.	Faulü olan, faul yapmış olan
FAVORİ	sf.	Herhangi bir iş veya yarışmada üstünlük sağlayacağına inanılan (kimse, taraf, takım vb.)
FAYANS	a.	Duvarları kaplayıp süslemek için kullanılan, bir yüzü sırlı ve türlü desenlerle bezenmiş, pişmiş balçıktan levha
FAYRAP	a.	İstim kazanının buhar oluşturacak biçimde yanması durumu
FAYTON	a.	Tek körüklü, dört tekerlekli, genellikle çift atlı binek arabası; payton
FAZILA	sf.,esk.	Faziletli, erdemli olan (kadın)
FECAAT	a.	Çok acıklı, yürekler acısı durum
FEDERE	sf.	Bir federasyona bağlı olan
FELÇLİ	sf.	► inmeli
FELİKS	a.,bit. b.	Palmiye yaprağına benzeyen, park ve bahçelerde süs için kullanılan iri gövdeli bir bitki (Phoenix canariersis)
FELLAH	a.,esk.	Mısır köylüsü
FENNEN	zf.	Bilimsel olarak, teknik olarak
FEODAL	sf.	Derebeylikle ilgili
FERACE	a.	Kadınların sokakta giydikleri, mantoya benzer, arkası bol, yakasız, çoğu kez eteklere kadar uzayan üst giysisi
FERAHİ	a.,esk.	Bol ve geniş olma durumu
FERMAN	a.	► emir
FERNEZ	a.	Sünger toplamak için kullanılan makineli dalma aracı
FERSAH	a.	Yaklaşık 5 kilometrelik bir uzaklık ölçüsü
FERSİZ	sf.	Donuk, cansız olan (göz, ışık, yüz)
FERTİK	ünl.,argo	"Kaç, uzaklaş; tamam, bitti" anlamlarında kullanılan bir seslenme sözü
FERYAT	a.	► çığlık
FETRET	a.	İki peygamber arasında peygambersiz geçen süre
FETTAN	sf.,esk.	► fitneci
FEYYAZ	sf.,esk.	► gür
FIÇICI	a.	Fıçı yapan veya satan kimse
FIKDAN	a.,esk.	► yokluk
FILDIR	sf.	Hızlı hareket eden
FINDIK	a.,bit. b.	Kayıngillerden, kuzey yarım kürenin ılık yerlerinde ve yurdumuzun genellikle Doğu Karadeniz Bölgesi'nde yetişen, boyu 6-7 metre, yaygın tepeli bir ağaççık (Corylus avellana)
FIRFIR	a.	Giysi, perde vb.nin kenarlarına dikilen kırmalı veya büzgülü süs; farba, farbala
FIRLAK	sf.	Dışarı doğru fırlamış, çıkmış, çıkık olan
FIRSAT	a.	Herhangi bir şey için en uygun zaman, uygun durum veya şart; vesile, okazyon
FISFIS	a.	Koku, ilaç vb. sıvıları püskürtmek için kullanılan araç
FISTIK	a.,bit. b.	Antep fıstığı, çam fıstığı veya yer fıstığı denilen yemişlerin genel adı
FIŞKIN	a.	Bir ağacın dibinden süren ince dal
FITRAT	a.,esk.	► yaradılış
FİBRİN	a.,biy.	Kanda pıhtılaşma sonucu oluşan bir protein
FİBULA	a.	Ataş prensibiyle çalışan, bir elbisenin farklı kesimlerini birbirine iliştiren, tutturan bir çeşit kopça
FİDECİ	a.	Fide yetiştirip satan kimse
FİİLEN	zf.	Fiilî olarak; bilfiil
FİKREN	zf.	Düşünce yoluyla, düşünerek
FİKTİF	a.	► saymaca
FİLATO	a.	Çeşitli ağaç kaplamalarından elde edilen, tek veya çok renkli, dar ve uzun şeritler biçimdeki bir kaplama türü
FİLENK	a.,den.	Ağır cisimleri bir yerden bir yere kaydırmak ve özellikle deniz teknelerini karaya çekmek için bunların altına sürülen yuvarlak ağaç
FİLETO	a.	Kasaplık hayvanların sırtından ve bel kemiğinin iki yanından çıkarılan et
FİLİKA	a.,den.	► cankurtaran sandalı
FİLİZÎ	a.	► filiz rengi
FİLMCİ	a.	► sinemacı
FİLTRE	a.	► süzgeç
FİNANS	a.	Para ve para ile ilgili araçları, değerleri konu edinen iş alanı
FİNCAN	a.	Çay, kahve vb. sıcak şeyler içmekte kullanılan, genellikle kulplu, porselen veya camdan yapılmış küçük kap
FİNTEK	a.,ekon.	Finansal hizmetleri yenilikçi, tamamlayıcı ve hızlandırıcı iş modelleri ile sayısal teknolojiler kullanarak sunan kuruluş veya ürün
FİRARİ	sf.	Kaçak, kaçkın, kaçmış olan (kimse)
FİRKAT	a.,esk.	► ayrılık
FİRUZE	a.,min.	Küpe ve yüzük taşı gibi süslemede kullanılan, mavi renkli, saydam olmayan hidratlı doğal alüminyum ve fosfattan oluşan değerli bir mineral
FİSKAL	sf.,esk.	Hazineye ilişkin
FİSKOS	a.	Başkalarının duyamayacağı biçimde gizli ve alçak sesle konuşma
FİSSÜR	a.,tıp	Anüs çıkışındaki mukozanın genellikle arka kenardan çatlaması veya yırtılması
FİSTAN	a.	Tek parça kadın giysisi
FİSTÜL	a.,tıp	► akarca
FİŞLİK	a.	Fiş koymaya yarar yer veya kutu
FİŞSİZ	sf.	Fişi olmayan
FİYAKA	a.	► gösteriş
FİYONK	a.	Kurdele, şerit, kumaş vb.nin kelebek şeklinde bağlanmış biçimi; fiyongo
FİYORT	a.,coğ.	Deniz seviyesinin yükselmesi sonucunda dar ve uzun körfeze dönüşen buzul vadisi
FİZİKİ	sf.,esk.	► fiziksel
FLAMBE	a.	Aleve tutarak pişirme yöntemi
FLANEL	a.	Keten ve yünden dokunan kumaş
FLAŞÖR	a.	► dörtlü
FLAVTA	a.	► flüt
FLEBİT	a.,tıp	Toplardamarlarda iç zar yangısı
FLORİN	a.,esk.	Hollanda'nın para birimi; gulden
FLORİT	a.,min.	Çeşitli renkleri olan, kalsiyum florür birleşiminde bir mineral
FLORÜR	a.,kim.	Florun başka bir elementle verdiği ikili birleşik
FLORYA	a.,hay. b.	İspinozgillerden, tüyleri yeşilimsi, ağaçlık ve fundalıklarda yaşayan, güzel ötüşlü bir kuş; yelve (Chloris chloris)
FLÜTÇÜ	a.	Flüt çalan kimse
FOLLUK	a.	Tavukların yumurtlaması için hazırlanmış özel yer
FONDAN	a.	İçinde likör, tatlı veya hoş kokulu maddeler bulunan, ağızda kolayca eriyen bir şekerleme türü
FONDİP	zf.	Sonuna kadar, bir solukta, bir dikişte
FORİNT	a.	Macaristan'ın para birimi
FORMAT	a.,bl.	► biçim (II)
FORMEL	sf.	► biçimsel
FORMEN	a.	► ustabaşı
FORMOL	a.,kim.	Formaldehitin %40'lık sulu çözeltisi
FORMÜL	a.	Genel bir olguyu, bir kuralı veya ilkeyi açıklayan simgeler takımı
FORSLU	sf.	Üzerine fors çekilmiş (gemi, otomobil)
FORTÇU	a.,argo	Taşıtlarda kalabalıktan yararlanarak başkalarına sürtünen, sarkıntılık eden kimse
FORVET	a.,sp.	► ileri uç oyuncusu
FOSFAT	a.,kim.	Yapay gübre ve bazı ilaçların yapımında kullanılan fosforik asidin tuzu veya esteri
FOSFOR	a.,kim.	Atom numarası 15, atom ağırlığı 30,97, yoğunluğu 1,83 olan, yarı saydam, bal mumu kıvamında, karanlıkta ışıldayan, sarımsak kokulu, zehirli bir element (simgesi P)
FOSGEN	a.,kim.	Karbonmonoksit ile klordan meydana gelen boğucu bir gaz
FOSNOT	a.,müz.	Bir müzik eseri çalınır veya söylenirken yapılan nota yanlışlığı
FÖTRLÜ	sf.	Fötr şapkası olan
FRAKLI	sf.	Frak giymiş olan
FRAPAN	sf.	Göz alıcı, göze çarpıcı, alımlı olan
FRENCİ	a.	Tren yolu dönemecinde yol boyundaki frenlere kumanda eden görevli
FRENGİ	a.,tıp	Genellikle cinsel birleşmelerle bulaşan, tedavi edilmediğinde inme, körlük, delilik vb. sonuçlara kadar varan, döle de geçerek vücutça ve akılca sakat bir soyun yetişmesine yol açan bir hastalık; yenirce, sifilis
FREZYA	a.,bit. b.	Süsengiller familyasından yirmi kadar süs bitkisi türünü içeren cins (Freesia)
FRİJİT	sf.	Cinsel bakımdan soğuk (kadın)
FRİKİK	a.,sp.	► serbest vuruş
FRİŞKA	a.,den.	Yelkeni dolduramayacak kadar hafif rüzgâr
FRİTÖZ	a.	Yiyecekleri özellikle patatesi kızartmaya yarayan özel kap
FRİZBİ	a.	Genellikle esnek ve dayanıklı plastikten yapılan, kenarları kıvrık, el ile kolay kavranabilen, fırlatılarak oynanan bir araç
FUARCI	a.	Fuar düzenleyen kimse
FUKARA	sf.	► yoksul
FURGON	a.	Yolcu katarlarına eklenen yük vagonu
FUTBOL	a.,sp.	Topu, kafa veya ayak vuruşları ile karşı kaleye sokma kuralına dayanan ve biri kaleci olmak üzere on birer kişilik iki takım arasında oynanan top oyunu; ayak topu
FUTSAL	a.,sp.	► salon futbolu
FUZULİ	sf.	Yersiz, gereksiz olan
FÜZECİ	a.	Füze teknolojisiyle ilgilenen araştırmacı
FÜZYON	a.,fiz.	► kaynaşma
GABARİ	a.	Bazı eşyaya verilmesi gereken boyutları, yan görüşü çizmeye, hazırlamaya veya denetlemeye yarayan örnek
GABYAR	a.,den.	► gabyacı
GADDAR	sf.	Acıması olmayan, başkalarına haksızlık eden, merhametsiz, katı yürekli, insafsız davranan; kıyak, kıyıcı (III)
GAFFAR	sf.,din b.	Kullarının günahlarını affeden, bağışlayan (Tanrı)
GAFLET	a.	► aymazlık
GAGALI	sf.	Gagası olan
GÂHİCE	zf.	► ara sıra
GALAGO	a.,hay. b.	Maymunlardan, Afrika’da, ağaçlarda yaşayan, parmakları vantuzlu, kafasını 180 derece döndürebilen, iri gözlü, tavşan büyüklüğünde, etçil, gececil hayvan (Galago senegalensis)
GALEBE	a.,esk.	► yengi
GALERİ	a.	Bir yapının birçok bölümünü aynı katta birbirine bağlayan içten veya dıştan yapılmış geniş geçit
GALETA	a.	Fırında pişirilerek kurutulmuş yuvarlak ve uzun peksimet
GALİBA	zf.	Görünüşe göre, sanılır ki, anlaşıldığı gibi
GALYOT	a.,esk.,den.	Başı ve kıçı çok yuvarlak, gulet tipinde, altı düz bir gemi
GALYUM	a.,kim.	Atom numarası 31, atom ağırlığı 69,72, yoğunluğu 5,9 olan, 29,8 °C'de eriyen, çok seyrek bulunan, alüminyumu andıran bir element (simgesi Ga)
GAMALI	sf.	Bazı eski dinlerin ve Nazizm'in sembolü olan, uçları Yunancanın gama harfi biçiminde kırılmış (haç)
GAMBOT	a.,ask.	► topçeker
GAMMAZ	sf.	► ispiyoncu
GAMSIZ	sf.	► kaygısız
GANYAN	sf.	At yarışlarında birinciliği kazanan (at)
GARAİP	a.,esk.	Görülmemiş, şaşılacak şeyler, işitilmemiş olaylar
GARAMİ	sf.,esk.	Düşünceden çok, canlı duygulara ve aşka dayanan (sanat eseri)
GARGAR	a.	Süzgeçli testi
GARİBE	a.,esk.	Şaşılacak şey, yadırganacak şey
GARPÇI	sf.	► Batıcı
GARPLI	sf.	► Batılı
GARSON	a.	Lokanta, pastane, kahvehane vb. yerlerde müşterilere hizmet eden kimse
GASPÇI	a.	Gasp yapan kimse
GASSAL	a.,esk.,din b.	► ölü yıkayıcı
GAYELİ	sf.	► amaçlı
GAYRET	a.	Çalışma isteği; mücahede
GAYZER	a.,jeol.	► kaynaç
GAZEBO	a.	► kameriye
GAZEKİ	a.,ağz.	Cepken altına giyilen kolsuz bir tür giysi
GAZIŞI	a.,fiz.	Termik etki olmaksızın kendiliğinden görülen ışık
GAZİNO	a.	Yemek yenilen, gösteri izlenen, müzik dinlenen, bazen oyun sergilenen eğlence yeri
GAZLA!	argo	"defol, git!" anlamında kullanılan bir söz
GAZSIZ	sf.	İçinde gaz olmayan veya gaz bulaşmamış olan
GECECİ	a.	İş yerlerinin gece vardiyasında çalışan kimse
GECEKİ	sf.	Geceye özgü, gece olan, gece yapılan
GEÇELİ	sf.	Geçesi (II) olan
GEÇGEÇ	a.	Seyredilecek uygun bir program aramak amacıyla televizyon kanallarını tarama
GEÇİCİ	sf.	Çok sürmeyen
GEÇKİN	sf.	İhtiyarlamaya yüz tutmuş, yaşlanmış
GEÇMEK	-e	Bir yerden başka bir yere gitmek
GEÇMEZ	sf.	Kullanımı olmayan
GEÇMİŞ	sf.	Geçme işini yapmış
GEDMEK	-i,ağz.	Gedik açmak, çentmek, delmek
GEĞREK	a.,anat.	Kaburganın alt yanında bulunan boşluklardan her biri
GEHGEH	a.	"Nöbetli bir hastalığa yakalanmak" anlamında kullanılan gehgeh tutmak deyiminde geçen bir söz
GELEME	a.,ağz.	İki yıl sürülmeyen, boş tarla
GELENİ	a.,ağz.	Tarla faresi, büyük fare
GELGEÇ	sf.,mec.	► geçici
GELGEL	a.	Başa takılan elmas veya altın iğne
GELGİT	a.	Boşuna gidip gelme
GELMEK	-e,nsz.,-den	Ulaşmak, varmak
GELMİÇ	a.	İri balıklarda kılçık durumunda olan kemik
GEMİCİ	a.	Gemide çalışan veya gemi işleten kimse
GENLİK	a.	► genişlik
GENSEL	sf.	Genlerden gelen, genlerle ilgili
GENZEK	sf.,ağz.	Genizden konuşan
GENZEL	sf.,db.	► genizsil
GERÇEK	a.	Yalan olmayan, doğru olan şey; çın, ciddi, hakikat
GERDAN	a.	Vücudun omuzlarla baş arasında kalan ön bölümü
GERDEK	a.	Gelin ve damadın düğün gecesi baş başa kalmaları ve ilk kez birlikte olmaları; zifaf
GERDEL	a.	Süt vb. şeyler koymaya, hayvanlara yem vermeye yarayan kova biçiminde tahta veya deriden kap
GERGEF	a.	Üzerine kumaş gerilerek nakış işlemeye yarar, çoğu dikdörtgen biçiminde olan çerçeve
GERGİN	sf.	Gerilmiş durumda olan
GERİCİ	sf.	Toplumda çağdaş değerlere ve yeniliklere önem vermeyen, her yönüyle eskiyi özleyen veya eski düzeni yaşamaya çalışan (kimse veya görüş); mürteci, ilerici karşıtı
GERİLİ	sf.	Gerilmiş olan
GERMEK	-i	Bir şeyin uçlarından veya kenarlarından çekerek gergin duruma getirmek; çekmek, uzatmak
GERMEN	a.,biy.	Canlı yaratıklarda gametlere dayanan ve gametlerle taşınan üreme ögelerinin tümü
GERZEK	sf.	► geri zekâlı
GETİRİ	a.	► yarar
GEVEZE	sf.	Çok konuşan, gereğinden fazla söz söyleyen; çençen, çenesi düşük, ayran ağızlı, lafçı, lafazan, zevzek, lakırtı ebesi, ağız kavafı, lakırtı kavafı, lakırtıcı, çene kavafı, cır cır, mavracı
GEVHER	a.,esk.	► cevher
GEVMEK	-i,ağz.	Ağızda katı bir şey çiğnemek, geviş getirmek
GEVREK	sf.	Kolayca kırılıp ufalanan
GEVŞEK	sf.	Sıkı veya gergin olmayan, gevşemiş olan
GEZGİN	a.	Gezmek, tanımak, görmek, dinlenmek amacıyla geziye çıkan kimse; gezmen, seyyah
GEZİCİ	sf.	Gezme işini yapan
GEZLİK	a.	Eğri kılıçların ağız bölümü
GEZMEK	nsz.	Hava alma, hoş vakit geçirme vb. amaçlarla bir yere gitmek
GEZMEN	a.	► gezgin
GIDALI	sf.	► besinli
GIRGIR	a.	Mekanik olarak çalışan süpürge
GIYABİ	sf.	Kişinin yokluğunda o kişi hakkında verilen (iş, hüküm vb.)
GIYBET	a.	► dedikodu
GIYGIY	a.	Herhangi bir tür yaylı saz
GİBİLİ	sf.	Herhangi bir şeye benzeten
GİBİSİ	a.	► benzeri
GİDİCİ	sf.	Kısa süre için var olan, kalıcı karşıtı
GİRDAP	a.	Suyun dönerek ve çukurlaşarak oluşturduğu alan
GİRGİN	sf.	Herkesle çabucak yakınlık kurarak işini yürütebilen, pısırık karşıtı
GİRİFT	sf.	Birbirinin içine girip karışmış; girişik, çapraşık
GİRMEK	-e	Dışarıdan içeriye geçmek; kaçmak
GİTMEK	-e	Bir yere doğru yönelmek; gidedurmak, uzanmak
GİTSİN		emir kiplerinden sonra gelerek buyrulan işin yapılmasından sorunun kapanması istendiğini anlatan bir söz
GİYMEK	-i	Örtünüp korunmak için bir şeyi vücuduna geçirmek; giyinmek, kuşanmak
GLADYO	a.	Derin devlet içinde yapılanmış gizli örgüt
GLAYÖL	a.,bit. b.	► kuzgunkılıcı
GLİKOL	a.,kim.	Çok dayanıklı filmlerin ve bazı sentetik kumaşların yapımında kullanılan, birleşiminde iki alkol grubu bulunan madde; dialkol (CH2OH-CH2OH)
GLİKOZ	a.,kim.	Karbon, hidrojen ve oksijenden oluşan, doğal olarak meyvelerde ve balda bulunan, nişastanın seyreltik bir asitle hidroliz olması sonunda yapay yolla da elde edilebilen, kristal hâlindeki şeker; üzüm şekeri (C6H12O6)
GLOBAL	sf.	► küresel
GLOKOM	a.,tıp	► karasu
GLÜTEN	a.	Katı cisimlerin parçalarını birbirine yapıştıran bir tür madde
GOBLEN	a.	Kanaviçe veya telleri sayılabilecek türde kumaş üzerine renkli iplikle yapılan özel bir işleme
GOFRET	a.	Üzeri petek biçiminde, yassı ve kıtır kıtır, arasında krema bulunan bisküviye benzer, tatlı bir yiyecek
GOLFÇÜ	a.	Golf oynayan kimse
GOLLÜK	sf.	Gol olmaya elverişli, gol olabilecek
GOLSÜZ	sf.	Golü olmayan
GONDOL	a.	Genellikle Venedik'te kullanılan, ayakta, kıç tarafta tek kürekle yürütülen, 10 metre uzunluğunda, yassı ve iki başı yukarıya kıvrık kayık
GOŞİST	a.	Goşizm yanlısı olan kimse veya tutum
GOŞİZM	a.	Solculuğun aşırı biçimi
GOYGOY	a.,esk.	Muharrem ayında kapı kapı dolaşıp yiyecek maddesi dilenenlerin söyledikleri mâni, kaside vb.; hoygoygoy
GÖÇEBE	sf.	Değişik şartlara bağlı olarak belli bir yöre içinde çadır, hayvan ve öteki araçlarla yer değiştiren, yerleşik olmayan (kimse veya topluluk); göçer, göçkün
GÖÇERİ	sf.	Sürekli yer değiştiren, göç etmekten hoşlanan
GÖÇKÜN	sf.	Göçecek duruma gelmiş
GÖÇMEK	-e,-den	Yerleşmek amacıyla mahalle, köy, şehir veya ülke değiştirmek
GÖÇMEN	sf.	Kendi ülkesinden ayrılarak yerleşmek için başka ülkeye giden (kimse, aile veya topluluk); muhacir
GÖÇÜCÜ	sf.	Göçme işini yapan
GÖKÇEK	sf.,ağz.	Güzel, sevimli (kimse)
GÖKÇÜL	a.,ağz.	Maviye çalan renk
GÖKEVİ	a.,gök b.	Gök olaylarını, yıldızların, güneş, ay ve gezegenlerin konumlarını, hareketlerini küresel bir kubbenin iç yüzeyinde, çeşitli araçlarla gösteren yapı; yıldızlık, planetaryum
GÖKMEN	sf.,ağz.	Mavi gözlü (kimse)
GÖKNAR	a.,bit. b.	► köknar
GÖKSEL	sf.	Gökle ilgili; semavi
GÖKŞİN	a.	Maviye yakın renk
GÖLCÜK	a.	► gölet
GÖLCÜL	sf.	Göllerde, göl kıyılarında yetişen veya yaşayan
GÖLLÜK	sf.	Gölü olan (yer)
GÖMGÖK	sf.	► masmavi
GÖMLEK	a.	Vücudun üst kısmına giyilen kollu veya yarım kollu, yakalı giysi; işlik (II)
GÖMMEK	-e,-i	Yerin altına koyarak üstünü toprakla örtmek
GÖMÜCÜ	a.	Gömü arayan kimse
GÖMÜLÜ	sf.	Gömülmüş olan, toprak altında saklanmış olan; metfun
GÖNDER	a.	► bayrak direği
GÖNENÇ	a.	Bolluk, rahatlık ve varlık içinde iyi yaşama; refah
GÖRDEK	a.,hay. b.	► acı balık
GÖRECE	sf.	Varlığı başka bir şeyin varlığına bağlı olan, kesin olmayıp kişiden kişiye, zamandan zamana, yerden yere değişebilen; göreceli
GÖRECİ	sf.,fel.	► bağıntıcı
GÖRELİ	sf.,fel.	► bağıntılı
GÖRGÜL	sf.	Bir kurama değil yalnızca görgüye dayalı; ampirik
GÖRKEM	a.	Göz alıcı ve gösterişli olma durumu; alayiş, azamet, debdebe, ihtişam, tantana, haşmet, şatafat, şaşaa
GÖRKLÜ	sf.,ağz.	Güzel, gösterişli
GÖRME!		aşırılık anlatan bir söz
GÖRMEK	-i	Gözle algılamak, seçmek
GÖRMEZ	sf.	► görme engelli
GÖRSEL	sf.	Görme duyusuyla ilgili olan, görmeye dayanan
GÖRÜCÜ	a.	Evlenmek isteyen erkek için kız görmeye giden kimse
GÖTÜRÜ	sf.,tic.	Fiyatı veya ücreti toptan belirlenen (iş vb.)
GÖVERİ	a.,ağz.	► sebze
GÖYMEK	-i,ağz.	Bir şeyi yakmak
GÖYNÜK	sf.	Yanık, yanmış olan
GÖZELİ	sf.	Gözesi olan
GÖZEME	a.	Gözemek işi
GÖZENE	a.,ağz.	Kovandan bal alırken arılardan korunmak için başa giyilen, ön tarafı telden başlık; gözlük
GÖZEVİ	a.,anat.	► göz yuvası
GÖZLEM	a.	Bir nesnenin, olayın veya bir gerçeğin, niteliklerinin bilinmesi amacıyla, dikkatli ve planlı olarak ele alınıp incelenmesi; müşahede
GÖZLÜK	a.	Görme bozukluğu olan gözlerin daha iyi görmesine veya gözleri korumaya yarayan, bir çerçeveye yerleştirilmiş çift camdan oluşan araç; camekân
GÖZSÜZ	sf.	Gözü olmayan
GÖZÜM!		"gözümün nuru" anlamında sevgi anlatan bir seslenme sözü
GRABEN	a.,coğ.	► çöküntü hendeği
GRAFİK	a.	Bir olayın çeşitli durumlarını göstermeye veya birkaç şey arasında karşılaştırma yapmaya yarayan çizgilerden oluşmuş biçim; çizge
GRAFİT	a.,jeol.	Kurşun kalem ve bazı araç parçalarının yapımında kullanılan, yumuşak, kolay toz durumuna gelebilen, gri siyah renkli, yapay yoldan billurlaştırılabilen bir tür doğal karbon
GRAMAJ	a.	Ekmek ve kâğıt için ağırlık ölçüsü
GRAMER	a.	► dil bilgisi
GRANDİ	a.,den.	Geminin baştan ikinci direği
GRANİT	a.,jeol.	Kuvars, feldspat, ortoklaz ve mika minerallerinden birleşmiş türlü renkte, billursu, çok sert bir kayaç türü
GRANÜL	a.	Bir maddenin en küçük tanesi
GRAVÜR	a.	Oyulduktan sonra mürekkeple sıvanan ağaç, taş veya metal levhanın yüzeyinin mürekkepten temizlenip baskı uygulanarak üzerindeki görüntünün kâğıda aktarılması biçimindeki baskı tekniği; çukur baskı
GREÇKA	a.,bit. b.	► karabuğday
GREMSE	a.	► ikibuçukluk (II)
GRESÖR	a.	Makine yağı dökmeye yarayan alet
GREVCİ	a.	Grev yapan kimse; iş bırakımcı
GRİBAL	sf.	Grip hastalığıyla ilgili
GRİMSİ	sf.	Rengi griyi andıran, griye benzeyen; grimtırak
GRİPLİ	sf.	Grip hastalığına yakalanmış (kimse)
GUFRAN	a.,esk.	► bağışlama
GULDEN	a.,esk.	► florin
GURBET	a.	Doğup yaşanılmış olan yerden uzak yer; gurbetlik
GURUBİ	sf.	Gurupla ilgili
GÜÇLÜK	a.	► zorluk
GÜÇSÜZ	sf.	Gücü olmayan; sökel
GÜDERİ	a.	Genellikle geyik veya keçi derisinden yapılmış yumuşak ve mat meşin
GÜDÜCÜ	a.	Gütme işini yapan kimse
GÜLGÛN	a.	Gül renkli, pembe
GÜLLAÇ	a.	Nişastadan yapılan, çok ince kuru yufka
GÜLLÜK	a.	Gül bahçesi veya gülü çok olan yer
GÜLMEK	nsz.	İnsan, hoşuna veya tuhafına giden olaylar, durumlar karşısında, genellikle sesli bir biçimde duygusunu açığa vurmak
GÜLŞEN	a.,esk.	Gül bahçesi
GÜLÜNÇ	sf.	► komik
GÜMRAH	sf.,esk.	Aşırı derecede büyümüş
GÜMRÜK	a.	Bir ülkeye giren veya bir ülkeden çıkan mal ve eşya üzerinden alınan vergi
GÜMÜŞİ	a.	► gümüş rengi
GÜNCEK	a.,ağz.	► şemsiye
GÜNCEL	sf.	Günün konusu olan, şimdiki, bugünkü (haber, olay vb.); gündeş, aktüel
GÜNDEM	a.	Toplantılarda görüşülecek konuların bütünü; ruzname
GÜNDEŞ	sf.	Aynı günde olan
GÜNDÜZ	a.	Günün sabahtan akşama kadar süren aydınlık bölümü; gün
GÜNISI	a.	Güneş enerjisinden yararlanarak sıcak su elde etmeye yarayan düzenek
GÜNLÜK	sf.	O günkü, o günle ilgili
GÜNÖTE	a.,gök b.	Yer yörüngesinin Güneş'e en uzak bulunduğu nokta; evç
GÜNSÜZ	sf.,tıp	Günü belli olmayan (tarih)
GÜNÜCÜ	sf.	► kıskanç
GÜRBÜZ	sf.	Sağlam, güçlü ve iyi gelişmiş
GÜRGEN	a.,bit. b.	Gürgengillerden, Karadeniz kıyılarındaki ormanlarda çok yetişen, kerestesi değerli bir ağaç; karagürgen (Carpinus betulus)
GÜRLEK	sf.,ağz.	Bol, gür ve çağlayarak akan (su)
GÜRLÜK	a.	Gür olma durumu
GÜTMEK	-i	Hayvan veya hayvan sürüsünü önüne katıp otlatmak
GÜVELA	a.	Açık yeşil, maviye çalan göz rengi
GÜVELİ	sf.	Güvelenmiş, güve yemiş olan
GÜVENÇ	a.	Güvenme duygusu
GÜVEYİ	a.	► damat
GÜVEZÎ	sf.	► güvez
GÜZİDE	sf.	► seçkin
GÜZLEK	a.,ağz.	Güz yağmuru
GÜZLÜK	sf.	Güzün yapılan
HACKER	a.,bl.	343 bilgisayar korsanı
HADEME	a.	► hizmetli
HADİSE	a.	► olay
HADSİZ	sf.	► sınırsız
HAFIZA	a.,ruh b.	► bellek
HAFİYE	a.,esk.	► dedektif
HAİNCE	sf.	Kötü niyetli
HAKEZA	zf.	Benzer biçimde
HAKİKİ	sf.	► gerçek
HAKKÂK	a.,esk.	► kakmacı
HAKSIZ	sf.	Hak ve adalete uygun olmayan
HALAZA	a.,ağz.	Ekinler biçilirken tarlaya dökülen tanelerden ertesi yıl kendiliğinden yetişen ekin
HALEBİ	a.,esk.	Genellikle kumaş ölçmekte kullanılan, uzunluğu 50-70 santimetre arasında olan bir ölçü birimi
HALELİ	sf.	Halesi olan
HALHAL	a.	Kadınların ayak bileklerine taktıkları bilezik
HALICI	a.	Halı dokuyan veya satan kimse
HALİFE	a.,din b.	Hz. Muhammed'in vekili olarak Müslümanların imamlığını ve din koruyuculuğunu yapmakla görevli kimse
HALİLE	a.,bit. b.	Sıcak iklimlerde yetişen, tohumları iç sürdürücü olarak kullanılan bir bitki
HALİTA	a.,esk.,kim.	► alaşım
HALKÇI	a.	Halkın yararı için uğraşan kimse; popülist
HALLAÇ	a.	Yünü, pamuğu yay veya tokmak gibi bir araçla kabartma, ditme işini yapan kimse; atımcı
HÂLSİZ	sf.	► takatsiz
HALTER	a.,sp.	Birbirine metal sapla bağlanmış iki gülle veya disklerden yapılmış araç
HALVET	a.,esk.	Issız yerde yalnız kalma
HAMASİ	sf.,esk.	Yiğitlerden ve yiğitliklerden söz eden (destan, şiir)
HAMİLE	sf.	► gebe
HAMLAÇ	a.,esk.	► üfleç
HAMLIK	a.	Ham olma durumu
HAMSİN	a.	Erbainden sonra gelen, 31 Ocak'ta başlayan elli günlük kış dönemi
HAMULE	a.,esk.	► yük
HANÇER	a.	Ucu eğri ve sivri, kamaya benzer, silah olarak kullanılan bir bıçak türü
HANDAN	sf.,esk.	Gülen, neşeli olan (kimse)
HANELİ	sf.	Herhangi bir sayıda evi olan
HANGAR	a.	Uçak, araba, tarım aracı vb. nesneleri barındırmaya yarar kapalı yer
HANLIK	a.	Han olma durumu
HANTAL	sf.	Kocaman, iri, kaba
HARABE	a.	Yıkılmış veya yıkılmaya yüz tutmuş yapı; yıkı
HARABİ	sf.	► haraplık
HARAMİ	a.,esk.	► haydut
HARANI	a.,ağz.	Büyük tencere
HARAŞO	a.	Bir tür yün örgüsü
HARAZA	a.,ağz.	Kavga, gürültü, karışıklık
HARÇLI	sf.	Yapılması için harç ödenen
HARDAL	a.,bit. b.	Turpgillerden, Kuzey Afrika’nın, Avrupa’nın ve Asya’nın bazı bölgelerinde yetişen, çiçekleri sarı renkte, meyveleri kısa, sivri, dört köşeli, siyah veya koyu kahverengi renkli tohumları hekimlikte kullanılan, bir yıllık bir bitki; siyah hardal (Brassica nigra)
HAREKE	a.	Arap alfabesiyle yazılmış metinlerde üstüne ve altına konulduğu ünsüzlerin birer ünlü ile okunmasını sağlayan işaret
HAREKİ	sf.,esk.	► devimsel
HARELİ	sf.	Haresi olan; menevişli
HARİCÎ	sf.	Dışla ilgili, dıştan olan
HARİKA	sf.	Yaradılışın ve imkânların üstünde nitelikleriyle insanda hayranlık uyandıran
HARİTA	a.,coğ.	Coğrafya, tarih, dil, nüfus vb. konularda yeryüzünün bütününün veya bir bölümünün belirli bir oranda küçültülerek bir düzlem üzerine çizilmiş hâli
HARLAK	a.,ağz.	Harıltı ile akan su, çağlayan
HARMAN	a.	Biçildikten sonra tahıl demetlerinin üzerinden düven geçirilerek tanelerin başaklarından ayrılması işi
HARNUP	a.,esk.,bit. b.	► keçiboynuzu
HARTUÇ	a.	► kartuş
HASEKİ	a.,tar.	Osmanlı Devleti'nde bir görevde eskimiş olanlara verilen ünvan
HASILA	a.,esk.	Bir işten elde edilen sonuç
HASILI	zf.	► kısacası
HASLET	a.	İnsanın yaradılışından gelen özellik, huy
HASLIK	a.	Has olma durumu
HASRET	a.	► özlem
HASSAS	sf.	Duyum ve duyguları algılayan
HASTEL	a.	Daha ziyade gençlerin ve araştırmacıların konaklaması için yapılmış ve belirli kurallara göre yönetilen ucuz tesisler
HAŞARI	sf.	Çok yaramaz, ele avuca sığmayan (çocuk)
HAŞEFE	a.,esk.,bit. b.	► başçık
HAŞERE	a.,hay. b.	► böcek
HAŞHAŞ	a.,bit. b.	Gelincikgillerden, kapsüllerinden afyon elde edilen, tohumlarından yağ çıkarılan bir yıllık ve otsu bir kültür bitkisi (Papaver somniferum)
HAŞİYE	a.	► dipnot
HAŞLAK	sf.	Kızgın, kaynar, çok sıcak
HAŞMET	a.,esk.	► görkem
HAŞYET	a.,esk.	Korku, korkma
HATALI	sf.	Hatası olan, yanlışlığı bulunan
HATIRA	a.	Bir kimseyi veya olayı anımsatan nesne; andaç, anmalık, bergüzar, yadigâr
HATİME	a.,esk.	► son
HATTAT	a.	Hat sanatını kendisine meslek olarak edinen kimse
HAVACI	a.	Hava kuvvetlerine bağlı subay, astsubay veya er
HAVALE	a.	Bir işi bir başkasının sorumluluğuna bırakma, ısmarlama, devretme
HAVALI	sf.	Herhangi bir nitelikte havası olan
HAVALİ	a.	► yöre (I)
HAVARİ	a.,din b.	Hz. İsa'nın öğüt ve inançlarını yayma işiyle görevlendirdiği on iki yardımcısından her biri; apotr
HAVHAV	a.	Çocuk dilinde köpek
HAVYAR	a.	Genellikle mersin balığının salamura edilmiş yumurtası; balık yumurtası
HAYALÎ	sf.	Gerçekte var olmayan, gerçek olmayan; fantastik, ütopik
HAYÂLI	sf.	Utanma duygusuna sahip
HAYATİ	sf.	Hayatla ilgili veya hayata bağlı olan; dirimlik, dirimsel, yaşamsal
HAYDİN	ünl.,ağz.	Birden çok kişiyi isteklendirmek ve harekete geçirmek için kullanılan bir seslenme sözü
HAYDUT	a.	Silahlı soygun yapan, yol kesen kimse; harami, şaki
HAYHAY	ünl.	"İsteyerek, seve seve, elbette" anlamlarında onama bildiren bir söz
HAYHUY	a.	Boş ve sonuçsuz iş veya çaba
HAYLAZ	sf.	Hoşa gitmeyen davranışlarda bulunan (kimse)
HAYRAN	sf.	Çok beğenen, hayranlık duyan (kimse)
HAYRAT	a.	Sevap kazanmak için yapılan iyilik
HAYRET	a.	Beklenmedik, garip bir şeyin sebep olduğu şaşkınlık, şaşırma
HAYVAN	a.	Duygu ve hareket yeteneği olan, içgüdüleriyle hareket eden canlı yaratık
HAZARİ	sf.,esk.	Barışla ilgili, seferî karşıtı
HAZİNE	a.	Altın, gümüş, mücevher vb. değerli eşya yığını, büyük servet; hazne
HAZİRE	a.	Cami, türbe, tekke vb. yerlerde çevresi parmaklıklarla çevrili mezar yeri
HAZRET	a.	Yüce kabul edilen kimselerin adlarının başına saygı, övme, yüceltme amacıyla getirilen ünvan
HECCAV	a.,esk.	► yergici
HECECİ	a.	Hece ölçüsüyle şiir yazan şair
HECELİ	sf.	Herhangi bir sayıda hecesi olan
HEDİYE	a.	► armağan
HEKTAR	a.,mat.	Yüz ar (10.000 m²) değerinde yüzey ölçü birimi (ha)
HELALÎ	a.,esk.	Ham ipekten dokunmuş bürümceğe pamuk ipliği katılarak elde edilen kumaş
HELLİM	a.	Kıbrıs'ta yapılan bir tür beyaz peynir
HELYUM	a.,kim.	Atom numarası 2, yoğunluğu 0,13 olan, havada az miktarda bulunan soy gazlardan biri (simgesi He)
HEMATİ	a.,tıp	Kanın hemoglobin ile renklenmiş alyuvarı
HEMDEM	a.,esk.	Zamanlarını bir arada geçiren samimi arkadaş
HEMHÂL	sf.,esk.	Aynı durumda olan
HENDEK	a.	Geçmeye engel olacak biçimde uzunlamasına kazılmış derin çukur
HENGÂM	a.,esk.	► zaman
HEPÇİL	sf.	Hem hayvansal hem bitkisel besinlerle beslenen
HEPTEN	zf.,ağz.	► tamamen
HEPYEK	a.	Zarla oynanan oyunlarda, atılan zarlardan her ikisinin de bir benekli olan yüzünün üste gelmesi
HERCAİ	sf.	Hiçbir şeyde kararlı olmayan veya konudan konuya geçiveren (kimse); yeltek, gelgeç
HERHÂL	zf.	► herhâlde
HERKES	zm.	İnsanların bütünü; cümle, cemi cümle, cümle âlem, dünya âlem, yediden yetmişe, yedi mahalle, yedi düvel
HERKÜL	a.	Güçlü, kuvvetli kimse
HESABİ	sf.,esk.	► hesapçı
HEVENK	a.	Bir ipe, bir çubuğa geçirilmiş, dizilmiş veya birbirine bağlanmış yaş meyve ve sebze bağı
HEYBET	a.	Korku ve saygı uyandıran görünüş
HEYHAT	ünl.	"Yazık, ne yazık" anlamında kullanılan bir söz
HEYHEY	a.	Aşırı sinirlilik
HEYKEL	a.	Taş, tunç, bakır, kil, alçı vb. maddelerden yontularak, kalıba dökülerek veya yoğrulup pişirilerek biçimlendirilen eser; yontu, statü
HEYULA	a.	Korkunç hayal
HILTAN	a.,ağz.	Top biçimindeki çiçekleri kuruduktan sonra sapları kürdan olarak kullanılan yabani bir bitki
HILTAR	a.,ağz.	Davar ve sığırların boyunlarına takılan ip veya kayış
HIMBIL	sf.	Uyuşuk, tembel
HIMHIM	sf.	Sesleri genizden çıkararak konuşan (kimse)
HINÇLI	sf.	Hıncı olan, öfkeli olan
HINZIR	sf.	Yaramaz, haylaz
HIRÇIN	sf.	Belirli bir sebebi olmadan sinirlenip huysuzluk eden (kimse); aksi
HIRGÜR	a.	Geçimsizlik, kavga
HIRSIZ	a.	Başkasının malını çalan kimse; uğru
HIRSLI	sf.	Bir şeyi elde etmek için önüne geçilmez derecede kuvvetli istekleri olan, aşırı tutkuları olan (kimse); muhteris
HİBRİT	a.,biy.	► melez
HİCRAN	a.	Bir yerden veya bir kimseden ayrılma, ayrılık
HİCRET	a.	► göç
HİÇBİR	sf.	Bir addan önce getirilerek o adın bildirdiği varlıktan bir tanesinin bile olmadığını anlatan bir söz
HİÇLİK	a.	Hiç olma durumu
HİÇTEN	sf.	Çok değersiz, önemsiz
HİDDET	a.	► öfke
HİDRAT	a.,kim.	Bir cismin suyla birleşmesiyle veya bazı madenler üzerinde suyun etkisiyle oluşan bileşik
HİDRÜR	a.,kim.	Bir element veya birleşikle hidrojen birleşimi
HİJYEN	a.	► sağlık bilgisi
HİKÂYE	a.	Bir olayın sözlü veya yazılı olarak anlatılması; boy (III)
HİKEMÎ	sf.,esk.	Felsefe ile ilgili
HİKMET	a.	Tanrı'nın insanlar tarafından anlaşılamayan amacı
HİLALÎ	sf.,esk.	Hilal biçiminde olan
HİLECİ	sf.	Hile yapan, hile karıştıran; aynacı, dolmacı, filmci, oyuncu, hilebaz, hilekâr, kaltaban
HİLELİ	sf.	Hilesi olan, içine hile karışmış, hile ile yapılmış
HİLKAT	a.,esk.	► yaradılış
HİMAYE	a.	► koruyuculuk
HİMMET	a.	Yardım, kayırma
HİNLİK	a.	Hin, kurnaz olma durumu; kurnazlık
HİPNOZ	a.	Sözle, bakışla telkinle sağlanan bir tür uyku durumu; uyutum, hipnotizma
HİRFET	a.,esk.	Kunduracılık, duvarcılık, demircilik, marangozluk, dokumacılık vb. küçük el sanatları
HİSSET	a.,esk.	► cimrilik
HİSSİZ	sf.	► duygusuz
HİTABE	a.,esk.	► söylev
HİZMET	a.	Birinin işini görme veya birine yarayan bir işi yapma
HODBİN	sf.,esk.	► bencil
HODKÂM	sf.,esk.	► bencil
HOLİZM	a.	► bütüncülük
HOPLAK	sf.,mec.	Yerinde duramayan, çok hareketli (kimse)
HORHOR	a.	Gür ve ses çıkararak akan su
HORMON	a.,biy.	İç salgı bezlerinden kana geçen ve organların işlemesini düzenleyen adrenalin, insülin, tiroksin vb. fizyolojik etkisi olan maddelerin genel adı
HORTUM	a.	Filde ve bazı böceklerde boru biçiminde uzamış ağız veya burun bölümü
HOSTEL	a.	Daha ziyade gençlerin ve araştırmacıların konaklaması için yapılmış ve belirli kurallara göre yönetilen ucuz tesis
HOSTES	a.	Taşıtlarda, özellikle uçaklarda yolcu ağırlayan kadın
HOŞBEŞ	a.,mec.	Hatır sormak amacıyla söylenen ilk sözler
HOŞHOŞ	a.	Çocuk dilinde köpek
HOŞLUK	a.	Hoş olma durumu; letafet
HOŞNUT	sf.	Bir davranış, bir durum veya bir kimseden memnun olan, yakınması olmayan
HOYRAT	sf.	Kaba, kırıcı ve hırpalayıcı olan
HÖLLÜK	a.,ağz.	Kundak çocuklarının altına bez yerine konulan toprak
HÖRGÜÇ	a.	Devenin sırtındaki tümsek, çıkıntı
HUKŞAT	a.,sp.	► çengel atış
HUKUKİ	sf.,huk.	Hukukla ilgili; hukuksal, tüzel
HUNHAR	sf.	Kan döken
HUNNAK	a.,esk.,tıp	► anjin
HUNRİZ	sf.,esk.	► kanlı
HURAFE	a.,din b.	İslamiyet’ten önceki dinlerden kalan veya dinde olmadığı hâlde sonradan oluşturulmuş, gerçekle ilgisi bulunmayan batıl inanç, efsane, hikâye, rivayet vb.
HUSUSİ	sf.	► özel
HUYSUZ	sf.	Huyu iyi olmayan, geçimsiz; aksi, damarlı
HÜCCET	a.,esk.,man.	► belgit
HÜKMEN	zf.	Hakem kararıyla
HÜLASA	a.	► özet
HÜNKÂR	a.,tar.	Osmanlılarda yalnız padişahlar için kullanılan bir ünvan
HÜNNAP	a.,bit. b.	Hünnapgillerden, yenilen meyvesi için özellikle Batı ve Güney Anadolu'da yetiştirilen dikenli bir ağaç; çiğde (Zizyphus jujuba)
HÜRLÜK	a.	► özgürlük
HÜRMET	a.	► saygı
HÜSRAN	a.	Beklenilen şeyin elde edilememesi yüzünden duyulan acı; batkı
HÜTHÜT	a.,hay. b.	► çavuş kuşu
HÜZZAM	a.,müz.	Klasik Türk müziğinde segâh perdesinde bir makam
IHLAMA	a.	Ihlamak işi
IKINMA	a.	Ikınmak işi
IKINTI	a.	Ikınmak işi
IKLAMA	a.	Iklamak işi
ILGAMA	a.	Ilgamak işi
ILICAK	sf.,ağz.	► ılıkça
ILIKÇA	sf.	Biraz ılık; ılıcak
ILIMAK	nsz.	► ılınmak
ILIMAN	sf.,coğ.	Sıcaklığı çok yüksek veya çok düşük olmayan (yer, iklim); mutedil
ILIMLI	sf.	Düşünce, iş vb.nde aşırıya kaçmayan; ölçülü, mutedil, itidalli
ILINMA	a.	Ilınmak işi
ILITMA	a.	Ilıtmak işi
IRAKÇA	sf.	Biraz uzak, uzak gibi
IRAMAK	nsz.,ağz.	► uzaklaşmak
IRGAMA	a.	Irgamak işi
IRKSAL	sf.	► ırki
IRKTAŞ	a.	Aynı ırktan olanlardan her biri
IRLAMA	a.	Irlamak işi; yırlama
ISICAM	a.	İki cam plakanın çevresel olarak metal bir ara çıtası yardımıyla birbirine bağlanması temeline dayanan pencere camı
ISIDAM	a.,ağz.	► hamam
ISINIŞ	a.	Isınmak işi
ISINMA	a.	Isınmak işi
ISIRIK	a.	Isırılan yerde kalan iz
ISIRIŞ	a.	Isırmak işi
ISIRMA	a.	Isırmak işi
ISITIŞ	a.	Isıtmak işi
ISITMA	a.	Isıtmak işi; teshin
ISKAÇA	a.,den.	Yelkenli gemilerde direklerin alt uçlarının içine oturtulduğu yuva
ISKOTA	a.,den.	Büyük yelkenleri yönetmek için kullanılan ip
ISKUNA	a.,den.	Brikten küçük, iki direkli bir tür yelkenli gemi
ISLAMA	a.	► ıslatma
ISTIFA	a.,esk.,biy.	► ayıklanma
IŞIĞAN	a.,bit. b.	Kışın yapraklarını dökmeyen, 3 metre boyunda, yaprakları sivri dikenli, beyaz çiçekli, meyvesi parlak kırmızı renkli bir tür çalı (Ilex colchica)
IŞIKÇI	a.,sin.,TV	Sinema filmlerinin çekiminde veya tiyatro, opera, bale vb. gösteri sanatlarında sahnenin aydınlatılması için gerekli ışık ve elektrik işlemini düzenleyip yapan kimse
IŞIKLI	sf.	Işığı olan, aydınlık, ışıklandırılmış; ışıl, nurlu, nurani, ziyalı, ziyadar
IŞILAK	a.,ağz.	► parıltı
IŞILTI	a.	Hafif ışık
IŞIMAK	nsz.	► aydınlanmak
IŞINIM	a.,fiz.	► radyasyon
IŞINLI	sf.	Işın veren, ışın saçan
IŞINTI	a.	Belli bir alana verilen çok güçlü ışık; spot
IŞITIM	a.,esk.	İçine yağ konularak ucundaki fitil sayesinde ışık elde edilen kandil
IŞITMA	a.	Işıtmak işi
ITIRLI	sf.	Güzel kokulu; muattar, ıtri
ITTILA	a.,esk.	Bilgi edinme, haberdar olma
IYDİYE	a.,esk.	Bayram kutlaması
IZGARA	a.	Metal çubukların, ağaç dallarının aralıklı sıralanmasıyla yapılan parmaklık veya kafes biçiminde araç
İADELİ	sf.	► iadeli taahhütlü
İBADET	a.,din b.	İnsanın Allah’a veya inandığı güce kulluğunu göstermek üzere yaptığı hareketler; namaz niyaz, taat
İBARET	sf.	Oluşan, meydana gelen
İBİBİK	a.,hay. b.	► çavuş kuşu
İBİKLİ	sf.	İbiği olan
İBİKSİ	sf.	İbiği andıran, ibiğe benzeyen, ibik gibi
İCABET	a.	Bir çağrıyı yerine getirme, bir çağrıya gitme
İCAPÇI	a.,tıp	Nöbeti hastane yerine evde tutan ve her an hastaneden çağrılmayı bekleyen doktor
İCATÇI	a.	İcat eden, bulan kimse; bulucu
İCAZET	a.,esk.	► izin
İCRAAT	a.	Yapılan işler, çalışmalar, uygulamalar
İCRACI	a.	Bir buyruğu yerine getiren kimse
İÇECEK	a.	Soğuk ve sıcak olarak içilebilen, su, çay, meşrubat vb. içeceklerin tümü
İÇERİK	a.	Bir şeyin içinde bulunanların bütünü; muhteva, mazruf
İÇERME	a.	İçermek işi; tazammun, ihtiva
İÇGÖRÜ	a.	Kendi duygularını, kendi kendini anlayabilme yeteneği
İÇGÜDÜ	a.,ruh b.	Bir canlı türünün bütün bireylerinde akıl ve düşünceden bağımsız olarak doğuştan gelen bilinçsiz her türlü hareket ve davranış; insiyak, sevkitabii
İÇİLİŞ	a.	İçilmek işi
İÇİLME	a.	İçilmek işi
İÇİMLİ	sf.	İçimi herhangi bir nitelikte olan
İÇİNDE	zf.	Süresince, zarfında
İÇİRİK	a.,ağz.	Yatak doldurmaya yarayan yün, pamuk, kıtık vb. şeyler
İÇİRİŞ	a.	İçirmek işi
İÇİRME	a.	İçirmek işi
İÇKİCİ	a.	İçki yapan veya satan kimse
İÇKİLİ	sf.	İçki içmiş olan
İÇMECE	a.	► içme
İÇÖRGÜ	a.	Üç boyutlu eklemeli imalat tekniğiyle üretilen parçanın işlevselliğini arttırmak, hafifliğini sağlamak amacıyla içerisini doldurmak için kullanılan üç boyutlu desen
İÇTEPİ	a.,ruh b.	► tepi
İÇTİMA	a.,ask.	Askerlerin silahlı ve donatılmış olarak toplanmaları
İÇYAĞI	a.	Geviş getiren hayvanların karın boşluğunda iç organlarını saran kalın yağ
İFŞAAT	a.	Gizli bir şeyi ortaya çıkarmak için yapılan açıklamalar
İFTİRA	a.	Bir kimseye kasıtlı ve asılsız suç yükleme; kara (II),  bühtan
İGUANA	a.,hay. b.	İguanagillerden, 1-2 metre boyunda, Amerika'nın tropikal bölgelerinde yaşayan, sırtında dikenli çıkıntılar bulunan, pullu, büyük sürüngen; Hint kertenkelesi (Iguana tuberculara)
İĞNECİ	a.	Hastalara iğne yapan kimse
İĞNELİ	sf.	İğnesi olan
İĞRENÇ	sf.	İnsanda iğrenme duygusu uyandıran, tiksindiren; cife, müstekreh
İHAMLI	sf.	İmalı, kinayeli olan
İHANET	a.	Arkadan vurma, hainlik etme
İHTİDA	a.,esk.	Doğru yola girme, hidayete erme
İHTİRA	a.,esk.	Daha önce benzeri olmayan bir şey icat etme; türetme
İHTİVA	a.	İçine alma, içinde bulundurma; içerme
İHZARİ	sf.,esk.	Hazırlık niteliğinde olan
İKAMET	a.	Bir yerde oturma
İKİLE!		"defol git, kaybol" anlamlarında kullanılan bir söz
İKİLEM	a.,man.	İki önermesi bulunan ve her iki önermenin vargısı olan tasım; kıyasımukassem, dilemma
İKİLİK	a.	İki değişik kullanımı veya uygulaması olma durumu
İKİNCİ	sf.	İki sayısının sıra sıfatı
İKİNDİ	a.	İnsanın gölgesinin iki katına çıktığı andan güneşin batışına kadar geçen zaman dilimi
İKİŞER	sf.	İki sayısının üleştirme sayı sıfatı
İKİTEK	a.,sp.	Kürek yarışlarında sancak ve iskelesinde ayrı ayrı oturaklarda ve sadece birer küreği olan tekne
İKİZLİ	sf.	İkizleri olan (ana)
İKTİFA	a.,esk.	► yetinme
İKTİZA	a.,esk.	► gereklik
İLAÇLI	sf.	İçinde ilaç bulunan
İLANCI	sf.	Ticari bir amaçla geniş topluluklara tanıtılmak istenen bir şeyi basın ve yayım yoluyla duyuran
İLANEN	zf.,esk.	Duyuru yoluyla
İLARYA	a.,hay. b.	Gümüş balığının küçüğü
İLÇELİ	sf.	Aynı ilçeden olan (kimse)
İLENİŞ	a.	İlenmek işi
İLENME	a.	İlenmek işi; kargıma, kargışlama, inkisar, intizar
İLETİM	a.	İletmek işi
İLETİŞ	a.	İletmek işi
İLETKİ	a.,mat.	Bir açıyı ölçmeye ve başka bir yerde aynı açıyı çizmeye yarayan, yarım çember biçimindeki araç; açıölçer, mastara, minkale
İLETME	a.	İletmek işi
İLGİLİ	sf.	İlgilenmiş olan, ilgisi bulunan; alakalı, alakadar, müntesip
İLGİNÇ	sf.	İlgi uyandıran, ilgi ve dikkat çekici olan; enteresan
İLİKÇİ	a.	İlik açan kimse
İLİKLİ	sf.	İliği olan
İLİKSİ	sf.	İliği andıran, iliğe benzeyen
İLİMCİ	sf.,fel.	► bilimci
İLİNEK	a.,fel.	Ortaya çıkması, belirmesi için başka bir öze ihtiyaç duyan şey; araz
İLİNTİ	a.	► ilişki
İLİŞİK	sf.	İliştirilmiş, eklenmiş, bağlanmış
İLİŞİM	a.,bl.	► bağlantı
İLİŞKİ	a.	İki şey arasında karşılıklı ilgi; bağ (I), ilinti, ilişik, münasebet, rabıta, temas
İLİŞME	a.	İlişmek işi
İLKECİ	a.	İlkelerine bağlı kimse
İLKGÜZ	a.	► eylül
İLKLİK	a.	İlk olma durumu
İLKTEN	zf.,ağz.	► ilk önce
İLKYAZ	a.,gök b.	► ilkbahar
İLLAKİ	zf.	► illa
İLMİYE	a.,esk.,din b.	Din işleriyle uğraşan hocalar sınıfı
İLTİCA	a.	► sığınma
İMALAT	a.,tic.	Ham madde işlenerek yapılan her türlü mal
İMAMET	a.,esk.	► imamlık
İMANIM	argo	(imanım) "kardeş, arkadaş" anlamında kullanılan bir seslenme sözü
İMANLI	sf.	İmanı olan, iman etmiş olan; itikatlı, mümin
İMARCI	a.	İmarla uğraşan kimse
İMARET	a.	► imarethane
İMGECİ	sf.	İmgeyi öne alan, imgeye önem veren (kimse, düşünce vb.)
İMGELİ	sf.	İmgeye dayanan, imgesi olan
İMLEME	a.	İmlemek işi; ima
İMTİNA	a.,esk.	► çekinme
İMZALI	sf.	İmza edilmiş
İNAKÇI	sf.,fel.	► dogmacı
İNANCA	a.	► güvence
İNANCI	sf.,din b.	İnancılığı savunan; fideist
İNANIŞ	a.	İnanmak işi
İNANLI	sf.	► inançlı
İNANMA	a.	İnanmak işi
İNATÇI	sf.	Ayak direyen, direnen; aksi, direngen, inat, inatçı, pek başlı, anut, muannit
İNATLA	zf.	Ayak direyerek
İNAYET	a.,esk.	► lütuf
İNCİLİ	sf.	İnci takınmış olan
İNDEKS	a.	► dizin
İNDİFA	a.,esk.,jeol.	► püskürme
İNEKÇİ	a.	Sütünü ve süt ürünlerini satmak için inek besleyen kimse
İNEKLİ	sf.	İneği olan
İNFİAL	a.	Kızgınlık, öfke duyma
İNHİNA	a.,esk.	► eğrilme
İNİKÂS	a.,fiz.	► yansı
İNİKAT	a.,esk.	Toplanma; birleşim
İNİLME	a.	İnilmek işi
İNİLTİ	a.	İnleme sırasında çıkan sesin adı; enin
İNİŞLİ	sf.	İnişi olan, bayır aşağı
İNKITA	a.,esk.	► kesinti
İNLEME	a.	İnlemek işi; inildeme
İNMELİ	sf.	Bir tarafında inme bulunan; felçli, mefluç, nüzullü
İNSANİ	sf.	► insanca
İNŞAAT	a.	Yapma işi; yapım
İNTANİ	sf.,esk.,tıp	► mikroplu
İNTERN	a.	343 ön hekim
İNTİBA	a.,esk.,ruh b.	► izlenim
İNTİFA	a.,esk.	► asılanma
İNTİHA	a.,esk.	Son, sona erme, sonu gelme
İNZİVA	a.	Toplum hayatından kaçıp tek başına yaşama
İPEKÇİ	a.	İpek böceği yetiştiren veya ipek satan kimse
İPEKLİ	sf.	İpekten yapılmış veya içinde ipek bulunan (kumaş)
İPEKSİ	sf.	İpeğe benzer, ipek gibi; ipeğimsi
İPİLTİ	a.,ağz.	Hafif esinti
İPİNCE	sf.	Çok ince, incecik
İPOTEK	a.,tic.	► tutu
İPTİDA	a.,esk.	► başlangıç
İPTİLA	a.,esk.	► düşkünlük
İRİBAŞ	a.,hay. b.	Kuyruksuz kurbağanın yumurtadan yeni çıkmış kurtçuğu
İRİLİK	a.	İri olma durumu
İRİNLİ	sf.	İrin toplamış; cerahatli
İRİNTİ	a.,ağz.	Elek ve kalbur üzerinde kalan iri taneler
İRKMEK	nsz.,ağz.	Birikmek, toplanmak
İRONİK	sf.	İroniye dayalı
İRTİCA	a.	► gericilik
İRTİFA	a.	► yükseklik
İRTİŞA	a.,esk.	Rüşvet alma, rüşvet yeme
İSABET	a.	Hedefe varma, hedefi vurma
İSİLİK	a.,tıp	Terlemekten veya sıcaktan vücutta meydana gelen küçük pembe kabartı; ısırgın
İSİMCİ	sf.,fel.	► adcı
İSİMLİ	sf.	► adlı
İSKETE	a.,hay. b.	Serçegillerden, gagaları dişli, zararlı böcek ve kurtlarla beslenen, güzel sesli bir kuş (Parus ater)
İSKOTA	a.,den.	Yelkenleri açmak ve tutmak için alt köşelerine bağlanan halat, zincir ve palangadan oluşan donanım
İSLAMİ	sf.	İslam diniyle ilgili olan
İSLEME	a.	İslemek işi
İSPARİ	a.,hay. b.	İzmaritgillerden, kurşun renginde bir balık (Sargus annularis)
İSPATİ	a.	İskambil kâğıdında sinek
İSPENÇ	a.,hay. b.	Bodur bir cins horoz veya tavuk
İSTEKA	a.	Bilardo oyununda toplara vurmak için kullanılan sopa; bilardo sopası
İSTEME	a.	İstemek işi; arzulama, istem
İSTENÇ	a.	► irade
İSTERİ	a.,tıp	► histeri
İSTİAP	a.	İçine alma, sığdırma
İSTİDA	a.,esk.	► dilekçe
İSTİFA	a.	Kendi isteğiyle işten veya bir hizmetten ayrılma; çekilme
İSTİKA	a.	Ayakkabıların altını parlatmak için kunduracıların kullandığı kemik; isteka
İSTİLA	a.	Bir ülkeyi silah gücüyle ele geçirme
İSTİVA	a.,esk.	Birden çok şeyin birbirine eşit ve denk olması
İŞARET	a.	Bir anlam yükletilen ve bir şeyi bildirmeye, anlatmaya yarayan şekil, anlamlı iz; bel (I), im, delalet
İŞBAŞI	a.	İş yerlerinde işe başlama
İŞEMEK	nsz.	İdrar torbasında biriken sidiği dışarı atmak, çiş yapmak; çöğdürmek
İŞETME	a.	İşetmek işi
İŞEYİŞ	a.	İşemek işi
İŞİTİM	a.,biy.	İşitme duyusu, işitme yetisi
İŞİTİŞ	a.	İşitmek işi
İŞİTME	a.	İşitmek işi
İŞKİNE	a.,hay. b.	► taş balığı
İŞLEME	a.	İşlemek işi
İŞTİAL	a.,esk.	Tutuşma, parlama, alevlenme
İŞTİHA	a.,esk.	► iştah
İŞTİRA	a.,esk.	► satın alma
İŞVELİ	sf.	► cilveli
İTALİK	a.	► eğik yazı
İTENEK	a.	► piston
İTİBAR	a.	► saygınlık
İTİDAL	a.	► ölçülülük
İTİKÂF	a.,esk.	Bir kenara çekilme, ortalıkta görünmeme
İTİKÂL	a.,esk.,jeol.	► erozyon
İTİKAT	a.	► inanç
İTİLAF	a.,esk.	► anlaşma
İTİLİŞ	a.	İtilmek işi
İTİLME	a.	İtilmek işi
İTİMAT	a.	► güven
İTİRAF	a.	Başkaları tarafından bilinmesi sakıncalı görülen bir gerçeği saklamaktan vazgeçip açıklama, söyleme, bildirme
İTİRAZ	a.	Bir düşünce veya kararı benimsemeyerek karşı çıkma
İTİŞME	a.	İtişmek işi
İTİYAT	a.,esk.	► alışkanlık
İTİZAR	a.,esk.	Özür dileme
İVAZLI	sf.	► ödünlü
İVECEN	sf.	► aceleci
İVEĞEN	sf.	► aceleci
İVİNTİ	a.	► çabukluk
İYELİK	a.	► sahiplik
İYİCİL	sf.	► hayırsever
İYİLİK	a.	İyi olma durumu; salah
İYODÜR	a.,kim.	İyodun bir element veya bir birleşikle verdiği birleşim
İYONİK	sf.,kim.,fiz.	İyonlardan oluşan, iyonlarla ilgili
İYOTLU	sf.	İyot içeren
İZAFET	a.,esk.,fel.	► bağıntı
İZAHAT	a.	Açıklamalar
İZAHLI	sf.	► açıklamalı
İZANLI	sf.	► anlayışlı
İZBİRO	a.,den.	Çeşitli yükleri yukarı çekmek için halattan yapılmış sapan
İZİNLİ	sf.	İzin alarak belli bir süre için bir yerden ayrılmış
İZLEME	a.	İzlemek işi; takip
İZOBAR	a.,coğ.	► eş basınç
İZOMER	sf.,kim.	Aynı oranlarda birleşmiş aynı elementlerden oluşan fakat moleküllerinde atom gruplaşmaları değişik olduğu için birbirlerinden farklı özellikler gösteren (maddeler)
İZOTOP	a.,fiz.	Atom numarası aynı, kütle numarası farklı olan atomlar
JAGUAR	a.,hay. b.	Kedigillerden, Orta ve Güney Amerika'da yaşayan, postu iri benekli bir tür memeli (Felis onca)
JAKUZİ	a.	► sağlık havuzu
JALUZİ	a.	► şerit perde
JAMBON	a.	Tuzlanıp ise tutularak hazırlanmış domuz budu veya kolu
JANJAN	sf.	► yanardöner
JAPONE	sf.	Kolsuz, bol ve geniş (kadın giysisi)
JARGON	a.	Aynı meslek veya topluluktaki insanların ortak dilden ayrı olarak kullandıkları özel dil veya söz dağarcığı
JEOLOG	a.	► yer bilimci
JERSEY	a.,hay. b.	Sarı ve kahverengiden esmere kadar değişen renkte, et tutmayan, kemikleri belirgin bir kültür ırkı sığırı
JİGOLO	a.	Geçimi yaşlı ve zengin bir kadın tarafından sağlanan genç, erkek sevgili; tokmakçı
JORJET	a.	Bürümcük görünüşlü, çok bükümlü, genellikle pamuk iplikleri ile dokunmuş bir kumaş
JÖLELİ	sf.	Jölesi olan
JUDOCU	a.	Judo yapan kimse
JULLÜK	sf.	Bir jul değerinde olan
JURNAL	a.	Biriyle ilgili kötüleme amaçlı olarak yetkililere verilen bilgi
JÜBİLE	a.	Evliliğin ellinci yılında düzenlenen kutlama şenliği
KABACA	sf.	İrice, büyükçe olan
KABALA	a.	Doğaüstü varlıklarla ilişki kurma sanatı
KABANA	a.	Genellikle otelin ana binasının dışında, plaj veya havuz kıyısında bir oda
KABARA	a.	Dayanıklılık sağlamak amacıyla, ayakkabıların altına çakılan, yassı ve iri başlı demir çivi
KABARE	a.	Çeşitli gösterilerin yapıldığı eğlence yeri
KABİLE	a.,top. b.	► boy (II)
KABİNE	a.	► bakanlar kurulu
KAÇGÖÇ	a.	Kadınların yabancı erkeklerle bir arada bulunmama, konuşmama ve onlara görünmeme geleneği
KAÇKIN	a.	Bir yerden veya bir işten kaçmış kimse
KAÇLIK	sf.	Bir nesnenin sayıca ne kadar olduğunu soran söz
KAÇMAK	-e	Hızla koşup bir yere saklanmak
KADEME	a.	► aşama
KADİFE	a.	Yüzeyi belirli uzunlukta bırakılmış ham madde lifleriyle kaplı, parlak, yumuşak kumaş; velur
KADİMÎ	sf.,esk.	Eskiye ait olan
KADRAJ	a.	Sinema ve fotoğrafçılıkta görüntüyü çerçeve içine alma
KADRAN	a.	Saat, pusula vb. araçlarda, üzerinde yazı, rakam veya başka işaretler bulunan düzlem
KADRAT	a.	Dizgide harfler arasına konulan yazısız metal parçası
KADRİL	a.	Salon danslarından biri
KAFACA	zf.	Düşünce bakımından
KAFALI	sf.	Kafası olan
KAFEİN	a.	Kahve ve çayda bulunan, hekimlikte kullanılan, kasları, sinirleri uyarıcı, mide salgısını ve metabolik hızı artırıcı etki yapan bir madde
KAFİLE	a.	Birlikte hareket eden topluluk
KAFİYE	a.,ed.	Şiirde dizelerin sonunda tekrarlanan ve aynı ahengi veren heceler veya aynı görevde olmayan ancak benzeşen sesler; uyak
KAFTAN	a.,tar.	Çoğu ipekten yapılan, bir tür uzun, süslü üst giysisi
KÂFURU	a.	► kâfur
KAĞŞAK	sf.,ağz.	Eskimiş, gevşemiş, dağılmaya yüz tutmuş (eşya, yapı)
KAHHAR	sf.	Kahreden, yok eden
KÂİNAT	a.,gök b.	► evren
KAKIMA	a.	Kakımak işi
KAKINÇ	a.,ağz.	► öfke
KAKLIK	a.,ağz.	Kaya ve ağaç oyuklarında su birikintisi
KAKMAK	-i	İtmek, vurmak
KAKNEM	sf.	Çirkin, huysuz olan
KAKTÜS	a.,bit. b.	Kaktüsgillerden, yaprakları yayvan ve dikenli, güzel, parlak renkte çiçekler açan bir bitki; atlas çiçeği (Cactus)
KAKULE	a.,bit. b.	Zencefilgillerden, sıcak iklimlerde yetişen güzel kokulu bir bitki (Elettaria cardamomum)
KALABA	a.,ağz.	► kalabalık
KALBEN	zf.	► içten
KALBUR	a.	Tahıl ve başka iri taneli maddeleri elemek için kullanılan büyük delikli veya seyrek telli elek
KALÇIN	a.	Üstüne başka bir şey giyilmek için abadan veya meşinden yapılan çizme biçiminde ayak giysisi
KALECİ	a.,sp.	Topla oynanan bazı takım oyunlarında kalenin önünde durarak topun kaleye girmesini önlemekle görevli oyuncu; file bekçisi
KALEVİ	sf.,esk.,kim.	► alkalik
KALGAY	a.,tar.	Kırım Hanlığı’nda veliahda verilen ünvan
KALICI	sf.	► sürekli, geçici karşıtı
KALİKO	a.	Pamuk iplikleriyle yapılan ilk cilt bezi
KALİTA	a.,tar.	Özellikle düşmanı takip için kullanılan, baş tarafında top bulunan, ağır donanma sınıfından bir kadırga
KALİTE	a.	► nitelik
KALKAN	a.	Ok, kılıç vb.nden korunmak için savaşçıların kullandığı korunmalık
KALKER	a.,min.	► kireç taşı
KALKIK	sf.	Düzeyine göre yüksekte olan
KALKIŞ	a.	Kalkmak işi
KALKMA	a.	Kalkmak işi
KALLEŞ	sf.	Sözünde durmayıp bir işin yüzüstü kalmasına yol açan
KALMAK	nsz.	Olduğu yeri ve durumu korumak, sürdürmek
KALOMA	a.,den.	Demir atmış bir geminin zincirinin su içindeki bölümü
KALPAK	a.	Kesik koni biçiminde deri, kürk veya kumaştan yapılmış başlık
KALPÇİ	a.	Kalp hastalıkları uzmanı
KALPLİ	sf.	Kalp hastalığı olan
KALSİT	a.,min.	Billurlaşmış doğal kalsiyum karbonatı
KALTAK	a.	Üzeri meşin, halı vb. şeylerle kaplanmamış olan eyerin tahta bölümü
KALYON	a.,tar.	Yelkenle ve kürekle yol alan, üç direkli, büyük savaş gemisi
KAMACI	a.	Kama yapan veya satan kimse
KAMALI	sf.	Kaması olan
KAMARA	a.,den.	Gemilerde oda
KAMBER	a.	Sadık köle
KAMBUR	a.	Bel veya göğüs kemiğinin eğrilmesi, raşitizm sonucu sırtta ve göğüste oluşan tümsek; çıkıntı, kambur zambur
KAMERA	a.,sin.,TV	Görüntülerin filme alınmasını sağlayan alet; alıcı
KAMERÎ	sf.,esk.	Ayla ilgili
KAMKAZ	a.,ağz.	Kesme özelliğini yitirmiş, körleşmiş, keskin olmayan bıçak, orak vb. araç
KAMPÇI	a.	Kamp kuran, kampta kalan kimse
KAMPÜS	a.	► yerleşke
KAMYON	a.	Motorlu büyük yük taşıtı
KANAAT	a.	Elindekinden hoşnut olma durumu, yeter bulma, fazlasını istememe
KANAMA	a.	Kanamak işi; nezif
KANARA	a.,esk.	► kesimevi
KANATA	a.	Ağzı geniş, tek kulplu su kabı
KANCIK	sf.	Hayvanlarda dişi
KANCIL	a.,biy.	Kanda yaşayan asalak
KANCUR	a.,hay. b.	İzmarit balığının küçüğü
KANDAŞ	a.	Aynı kanı taşıyan, aynı soydan olanlardan her biri
KANDİL	a.	İçinde sıvı bir yağ ve fitil bulunan kaptan oluşmuş aydınlatma aracı; yağ kandili
KANEPE	a.	Birkaç kişinin oturabileceği genişlikte koltuk
KANGAL	a.	Tel, kurşun boru gibi uzun ve bükülebilir şeylerin halka biçiminde sarılmasıyla yapılan bağ
KANKAN	a.	Kadınların oynadığı hareketli bir Fransız dansı
KANMAK	-e	Söylenilen sözün, anlatılan konunun doğruluğuna inanmak
KANSER	a.,tıp	Bir organ veya dokudaki hücrelerin kontrolsüz olarak bölünüp çoğalmasına bağlı olarak yakın dokulara yayılmasıyla veya uzak dokulara sıçramasıyla beliren hastalık; amansız hastalık, incitmebeni, dokunmabana
KANSIZ	sf.	Kanı olmayan
KANTAR	a.	Ağırlık sıfırken yatay duran bir kaldıraç koluna dik olarak tutturulmuş bir ibrenin sapmasıyla kütleleri tartan araç
KANTAT	a.	Kahramanlık ve din konularında yazılıp bestelenen şiir veya bu şiirin orkestra eşliğindeki tek veya çok sesli bestesi
KANTÇI	sf.	Kant felsefesi yanlısı olan
KANTİN	a.	Kışla, fabrika, okul vb. yerlerde yiyecek ve içecek maddelerinin satıldığı yer
KANTON	a.	İsviçre Konfederasyonu'nu oluşturan devletlerden her biri
KANUNİ	sf.,huk.	► yasal
KANYAK	a.	► konyak
KANYON	a.,coğ.	Genellikle yatay tabakalı arazilerde akarsu aşındırmasıyla oluşmuş basamaklı boğaz şeklinde dar vadi; dar boğaz, kapuz, klüz
KAOLİN	a.	► arı kil
KAOTİK	sf.	Kargaşa içinde olan
KAPALI	sf.	Kapanmış olan, açılmamış, açık karşıtı
KAPAMA	a.	Kapamak işi
KAPARİ	a.,bit. b.	► gebre otu
KAPÇAK	a.	Uzun saplı büyük kanca
KAPÇIK	a.	Küçük kap
KAPELA	a.	► şapka
KAPICI	a.	Apartman, site vb. yerlerde bekçilik, temizlik, alışveriş gibi işlerle görevli kimse
KAPIDA	zf.	Gelmek üzere
KAPILI	sf.	Kapısı olan
KAPKAÇ	a.	Kapıp kaçmak yoluyla yapılan bir hırsızlık türü
KAPLAM	a.,man.	Bir kavramın ve o kavramı dile getiren terimin içerdiği varlıkların ve bireysel olayların bütünü; kapsam, şümul
KAPLAN	a.,hay. b.	Kedigillerden, enine siyah çizgili, koyu sarı postu olan, Asya'da yaşayan çevik ve yırtıcı hayvan (Felis tigris)
KAPLIK	a.	Kap kacak koymaya yarayan yer
KAPMAK	-i	Birdenbire yakalayarak, çekerek almak
KAPORA	a.,huk.	► güvenmelik
KAPRİS	a.	Geçici, düşüncesizce, değişken istek
KAPSAM	a.	Bir şeyin içinde bulunan veya içine aldığı ögelerin bütünü; şümul
KAPSIZ	sf.	Kabı olmayan
KAPSÜL	a.	Ateşli silahlarda horozun veya iğnenin çarpmasıyla ateş alan, bir tür özel barutla dolu, küçük, yuvarlak metal parça
KAPTAN	a.,den.	Gemi yönetimiyle ilgili en yüksek görevli
KARACA	sf.	► esmer
KARACI	a.,ask.	Kara kuvvetlerine bağlı subay, astsubay veya er
KARAFA	a.	Genellikle cam veya kristalden yapılan, uzun boyunlu, kulpsuz küçük rakı veya şarap sürahisi; karaf, karafaki
KARAĞI	a.	Ateş karıştırmaya yarayan, eğri uçlu demir çubuk
KARALI	sf.	Karası (II) olan
KARAMA	a.,ağz.	Karamak işi
KARASU	a.,tıp	Çoğunlukla gözün iç basıncının çoğalmasıyla kendini gösteren, körlüğe sebep olabilen bir göz hastalığı; glokom
KARATE	a.	Ayak ve yumruk vuruşları üzerine kurulu, Japon kökenli bir dövüş yöntemi
KARAYA	a.,bit. b.	Eczacılıkta kullanılan ve çürümeyen bir bitki
KARBON	a.,kim.	Atom numarası 6, atom ağırlığı 12 olan, doğada elmas, grafit gibi billurlaşmış veya maden kömürü, linyit, antrasit gibi şekilsiz olarak bulunan, canlı varlıkların aslını oluşturan ve yandıktan sonra kömür durumuna geçen element (simgesi C)
KARBÜR	a.,kim.	Karbonun başka bir elementle birleşmesinden oluşan madde
KARDEŞ	a.	Aynı anne babadan doğmuş veya anne babalarından biri aynı olan çocukların birbirine göre adı; karındaş
KARELİ	sf.	Karelere bölünmüş, üstünde kareleri olan; damalı, satrançlı
KARGIN	a.	Eriyen karların oluşturduğu akarsu
KARGIŞ	a.,ağz.	► beddua, alkış karşıtı
KÂRGİR	sf.,mim.	► kâgir
KARILI	sf.	Herhangi bir nitelik veya nicelikte karısı olan
KARIMA	a.	► yaşlanma
KARİHA	a.,esk.	Düşünme gücü
KARİNA	a.,den.	Gemi omurgası
KARİNE	a.	Karışık bir iş veya sorunun anlaşılmasına, çözümlenmesine yarayan ipucu
KARKAS	a.,mim.	Demirli betonla yapılmış yapı
KARLIK	a.	► kar kuyusu
KARMAÇ	a.,tek.	► betonkarar
KARMAK	-i	Karıştırmak, birbirine katmak
KARMIK	a.,ağz.	Çay ağzında yapılan balıkçı büğeti
KAROÇA	a.	Atlarla çekilen, dört tekerlekli, yaylı, üstü örtülü binek arabası
KARPİT	a.,kim.	Genellikle sanayide asetilen gazı çıkarmakta kullanılan, karbonla kalsiyum bileşiği madde (CaC2)
KARPUZ	a.,bit. b.	Kabakgillerden, sürüngen gövdeli parçalı sert yapraklı, sarı çiçekler açan bir bitki (Citrullus vulgaris)
KARSAK	a.,hay. b.	Köpekgillerden, soluk kahverengi, karnı beyaz tüylü, kısa kulaklı, postundan kürk yapılan bir tür memeli (Vulpes corsac)
KARSIZ	sf.	Karı olmayan
KÂRSIZ	sf.	Kârı olmayan
KARŞIN	e.	Bir şeyin gerekenin veya mantığın tersine olarak yapıldığını anlatan bir söz; rağmen, mukabil
KARŞIT	sf.	Nitelik ve durumları birbirine tam olarak aykırı olan; aksi, ters (I), zıt, kontrast
KARTÇA	sf.	Gençliği azalmış, yaşı geçkince
KARTEL	a.,ekon.	Aynı alanda faaliyet gösteren birbirinden bağımsız işletmelerin başka kuruluş ve işletmelerin rekabetini tamamen ortadan kaldırmak veya azaltmak amacıyla oluşturdukları dayanışma birliği
KARTLI	sf.	Kartı olan
KARTON	a.	Kâğıt hamuruyla yapılan, ayrıca içinde bir veya birkaç lif tabakası bulunan kalın ve sert kâğıt
KARTUK	a.,hlk.	Büyük tarla tarağı
KARTUŞ	a.,ask.	Merminin arkasından namluya sürülen bezden veya kartondan barut kesesi; hartuç
KASABA	a.	İlçeden küçük, köyden büyük, nüfusu iki bin ile yirmi bin arasında olan, belediye ile yönetilen, henüz kırsal özelliklerini yitirmemiş yerleşim merkezi; belde
KASACI	a.	► vezneci
KASALI	sf.	Kasası olan
KASARA	a.,den.	Geminin baş ve kıç tarafında, asıl güverteden yüksek olan kısa güverte
KASINÇ	a.,tıp	► kramp
KASİDE	a.,ed.	On beş beyitten az olmayan, bütün beyitlerin ikinci dizeleri en baştaki beyit ile uyaklı olan ve çoğu kez büyükleri övmek için yazılan divan edebiyatı şiir türü
KASKAT	a.	► şelale
KASKET	a.	Genellikle erkeklerin giydiği, önü siperli başlık
KASLAN	a.	Erkek aslanla dişi kaplanın çiftleşmesinden doğan hayvan
KASMAK	-i	Kasları gergin duruma getirmek
KASNAK	a.	Enli çember
KASSIL	sf.,biy.	Kasla ilgili olan
KASSIZ	sf.	Kasları gelişmemiş olan; adalesiz
KASTAR	a.,ağz.	Pamuk ipliğini veya bezini bol ve soğuk su ile yıkayarak ağartma işi
KASTEN	zf.	► bilerek
KASTOR	a.,hay. b.	► kunduz
KASVET	a.	İç sıkıntısı
KAŞAĞI	a.	Hayvanları tımar etmek için kullanılan, sacdan, dişli araç
KÂŞANE	a.,esk.	Büyük, süslü köşk, saray vb. yapı
KAŞELİ	sf.	Kaşesi olan
KAŞIMA	a.	Kaşımak işi
KAŞKOL	a.	Boyun atkısı; atkı
KAŞMER	a.	► soytarı
KAŞMİR	a.	İnce, sık bir tür yün
KAŞSIZ	sf.	Kaşı olmayan
KATANA	a.,hay. b.	Bir cins iri at
KATGÜT	a.,tıp	Ameliyatlarda yaraları dikmek için kullanılan, kedi bağırsağından yapılmış iplik
KÂTİBE	a.,esk.	Kadın yazman, kadın sekreter
KATMAK	-e,-i	Bir şeyin içine, üstüne veya yanına, niteliğini değiştirmek veya niceliğini artırmak için başka bir şey eklemek; vermek, zammetmek
KATMAN	a.	► kat (I)
KATMER	a.	Bir şeyi oluşturan katlardan her biri
KATRAK	a.	Marangozlukta tomrukları biçmeye yarayan ve birden çok testeresi olan biçme makinesi
KATRAN	a.,kim.	Organik maddelerden kuru damıtma yoluyla elde edilen, sıvı yağ kıvamında, kara renkte, ağır, is kokulu, suda erimeyen bir madde
KATRAT	a.	Basımevlerinde, eski sistem dizgi işlerinde harfler arasına konulan, belli incelikteki metal parça
KATYON	a.,kim.	Bir çözeltinin elektrolizi sırasında katotta toplanan iyon; artın
KAUÇUK	a.,bit. b.	Gövdesi odunsu, öz suyu yapışkan, süt kıvamında, yaprakları oval biçimli, parlak ve kalın, sıcak ülke bitkisi; kauçuk ağacı, lastik ağacı (Ficus elastica)
KAVAİT	a.,esk.	Kurallar
KAVALA	a.,müz.	Genellikle Arapların kullandığı, kamıştan yapılan üflemeli bir tür çalgı
KAVARA	a.,ağz.	Balı alınmış petek
KAVATA	a.	Oyma ağaç kap
KAVELA	a.,den.	Halatların dikişlerinde kullanılan demir veya ağaç kama
KAVLAK	sf.	Kabuğu dökülmüş
KAVLIÇ	a.,ağz.	► fıtık
KAVLIK	a.,ağz.	İçine genellikle kav konulan torba veya kap
KAVRAÇ	a.	Ağır taşları tutup kaldırmaya yarayan, iki tutaklı demir araç
KAVRAK	a.,ağz.	Ateş yakmak için kullanılan kuru yaprak, ince dal
KAVRAM	a.	Bir nesnenin veya düşüncenin zihindeki soyut ve genel tasarımı; mefhum, fehva, konsept, nosyon
KAVRUK	sf.	Kavrulmuş olan
KAVŞAK	a.	Yol vb. uzayıp giden şeylerin kesiştikleri veya birleştikleri yer
KAYGAN	sf.	Islak veya düz olduğundan kaydırıcı özelliği bulunan veya üzerinde kayılan; zıypak
KAYGIN	a.,ağz.	Gebe deve
KAYISI	a.,bit. b.	Gülgillerden, sıcak veya ılık iklimlerde yetişen, çiçekleri pembemsi beyaz bir ağaç (Prunus armeniaca)
KAYKAÇ	a.,sp.	Özel olarak yapılmış ayakkabıların altına yerleştirilmiş krampona benzeyen bir dizi tekerlekle kayılarak yapılan bir spor dalı
KAYKAY	a.	Türlü maddelerden yapılmış, altında tekerlekler bulunan, kaymaya yarayan  alet
KAYMAK	a.	Sütün veya yoğurdun yüzünde zar durumunda ince bir tabaka biçiminde toplanan, açık sarı renkli, koyu yağlı katman; krema
KAYNAÇ	a.,jeol.	Volkan bölgelerinde, belli aralıklarla su ve buhar fışkırtan sıcak kaynak; gayzer
KAYNAK	a.	Bir suyun çıktığı yer, kaynarca, pınar, memba, göz
KAYNAR	sf.	Kaynamakta olan
KAYPAK	sf.	► kayağan
KAYRAK	a.,ağz.	Ekime elverişli olmayan, taşlı, kumlu toprak
KAYRAN	a.,ağz.	► alan
KAYSER	a.,tar.	Roma ve Bizans imparatorlarına verilen san
KAYŞAT	a.,jeol.	Kayşama sonucu yerinden kopmuş parça
KAYTAK	sf.	Sözünde durmayan
KAYTAN	a.	Pamuk veya ipekten sicim
KAYYUM	a.,esk.	Cami hademesi
KAYZER	a.,tar.	Alman kralı
KAZAEN	zf.,esk.	► kazara
KAZAĞI	a.	Kazımakta veya temizlemekte kullanılan demir araç
KAZALI	sf.	Kaza ihtimali yüksek olan
KAZANÇ	a.,tic.	Satılan bir mal, yapılan bir iş veya harcanan bir emek karşılığında elde edilen para; getiri, temettü
KAZARA	zf.	Kaza sonucu, yanlışlıkla, bilmeden; kazaen, ezkaza
KAZEİN	a.,kim.	Sütte bulunan protein maddesi
KAZEVİ	a.,esk.	Saz veya kamıştan örülmüş, büyük, kulpsuz sepet
KAZGIÇ	a.,ağz.	Tandırdan ekmeği çıkarmaya yarayan bir araç
KAZILI	sf.	Kazılmış
KAZIMA	a.	Kazımak işi
KAZİYE	a.,esk.,man.	► önerme
KAZMAÇ	a.	► kazaratar
KAZMAK	-i	Herhangi bir araçla toprağı açmak, oymak
KEBERE	a.,bit. b.	► gebre otu
KEÇECİ	a.	Keçe yapan veya satan kimse
KEÇELİ	sf.	Keçesi olan
KEFEKİ	a.,min.	► küfeki
KEFELİ	sf.	Kefesi olan
KEFERE	a.,esk.	Müslüman olmayanlar, kâfirler
KEFİYE	a.	Arapların kullandığı ve omuzları da örten, püsküllü erkek başörtüsü
KEKEME	sf.	Damak sesleriyle başlayan kelimeleri ve heceleri tekrarlayarak birdenbire söyleyen ve keserek konuşan; keke, kekeç
KEKLİK	a.,hay. b.	Sülüngillerden, güvercin büyüklüğünde, eti için avlanan, tüyü boz, ayakları ve gagası kırmızı renkte bir kuş (Perdrix)
KELECİ	a.,esk.	Öz veya kusursuz, düzgün söz
KELEME	sf.,ağz.	Sürülmeden bırakılmış (tarla)
KELİME	a.	Bir veya birkaç heceden oluşan, anlamlı ses birliği; söz, sözcük, lügat
KELLİK	a.	Kel olma durumu
KEMANE	a.,müz.	Keman ve kemençe yayı
KEMANİ	a.,esk.	► kemancı
KEMENT	a.	Hayvanları yakalamak için kullanılan, ucu ilmikli, kaygan uzun ip; laso
KEMERE	a.,den.	Gemi güvertesinin enine konmuş kirişlerinden her biri
KEMLİK	a.	► kötülük
KENDİR	a.,bit. b.	► kenevir
KENGEL	a.,bit. b.	► kenger
KENGER	a.,bit. b.	Birleşikgillerden, yaprakları dikenli yaban bir bitki; eşek dikeni, yabani enginar, kengel (Cynara cardunculus)
KENTAL	a.,mat.	100 kilogramlık ağırlık ölçü birimi
KENTÇİ	a.	► şehirci
KENTER	a.	Atın hızlı ve düzenli gidişi
KENTET	a.,müz.	► beşli
KENTLİ	sf.	► şehirli
KEPAZE	sf.	Niteliksiz olan, değersiz olan
KEPENK	a.	İş yeri, pencere, kapı vb. yerleri kapamak için kullanılan, türlü biçimlerde sac levha, demir veya tahta kanat
KEPMEK	nsz.,ağz.	Çökmek, yıkılmak
KERATA	a.	► çekecek
KERHEN	zf.	İstemeyerek, istemeye istemeye, gönülsüz olarak
KERİME	a.,esk.	Kız evlat
KERKES	a.,esk.,hay. b.	► akbaba
KERMEN	a.,tar.	► kale
KERMES	a.	Bir derneğe, bir çalışmaya yardım sağlamak amacıyla genellikle açık havada satış yapılarak gelir sağlanan toplantı
KERPİÇ	a.	Duvar örmekte kullanılmak için kalıplara dökülüp güneşte kurutulmuş saman ve balçık karışımı ilkel tuğla
KERRAT	a.,esk.	Birçok kez
KERTİK	a.	► çentik
KERTME	a.	► çentme
KERVAN	a.	Uzak yerlere yolcu ve ticaret eşyası taşıyan yük hayvanı katarı
KESELİ	sf.	Kesesi olan
KESENE	a.,ağz.	Sözleşme, yazılı anlaşma
KESİCİ	a.	Kesme işini yapan kimse
KESKİN	sf.	Çok kesici, iyi kesen
KESMEK	-i	Bıçak, makas vb. bir araçla bir şeyi ikiye ayırmak, parçalamak; katetmek
KESMİK	a.,ağz.	Kesilmiş sütün koyu bölümü
KESRET	a.,esk.	► çokluk
KESYAP	a.	Kumaş, tahta vb. malzemelerle yapılan, kâğıt veya kartona yapıştırılan resim; kolaj
KEŞİDE	a.	Banka ve her tür piyango ikramiyesinde çekiliş
KEŞKEK	a.,ağz.	İyice dövülmüş buğdayın etle birlikte uzun süre kaynatılmasıyla yapılan bir yemek
KEŞKEM	ünl.	► keşke
KEŞKÜL	a.	Üstüne dövülmüş fıstık ve Hindistan cevizi dökülen bir tür süt tatlısı; keşkülüfukara
KEŞŞAF	a.,esk.	Bilinmeyen çok önemli bir şeyi keşfeden
KETÇAP	a.	Temel maddesi baharat katılmış domates olan İngiliz sosu
KEVGİR	a.	Haşlanmış yiyeceklerin sıvılarını veya bazı sıvıları süzmek için kullanılan, delikli, genellikle yuvarlak biçimli mutfak kabı; delikli, ilistir
KEZZAP	a.,ağz.	► nitrik asit
KILADE	a.	► gerdanlık
KILAĞI	a.	Yeni bilenen ustura, bıçak gibi kesici aletlerin bilenme sonucu yüzlerinde oluşup keskinliklerini azaltan, kayışa veya bileği taşına sürerek giderilen kıl gibi ince kalıntı, çapak veya pürüz; zağ
KILBAZ	a.,argo	► dalkavuk
KILCAL	sf.	Kıl gibi olan, çok ince
KILCAN	a.,ağz.	At kuyruğu kılından yapılmış kuş tuzağı
KILÇIK	a.,hay. b.	Balıkların eti arasında bulunan diken gibi ince ve küçük kemik
KILGIN	sf.	► uygulamalı
KILMAK	yar.	Etmek, yapmak
KILSIZ	sf.	Kılı olmayan; kelek
KIMKIM	sf.,ağz.	Ağır ağır konuşan (kimse)
KINALI	sf.	Kına ile boyanmış olan
KINAMA	a.	Kınamak işi; melamet, muaheze, takbih, tayip
KINNAP	a.	İnce sicim
KINSIZ	sf.	Kını olmayan
KIPKIP	sf.,ağz.	Gözünü çok kırpan (kimse)
KIPMAK	-i	Göz kapaklarını çabucak açıp kapamak; kırpmak
KIRAAT	a.,esk.	► okuma
KIRAĞI	a.	Su buğusunun soğuk havalarda, yerde, bitkiler, ağaçlar ve öteki nesneler üzerinde donmasıyla oluşan ince tabaka
KIRBAÇ	a.	Tek parça deri veya uzun esnek bir değneğin ucuna sırım bağlanarak yapılmış vurma aracı
KIRCIN	a.	Hayvan kıranı
KIRÇIL	sf.	Kırlaşmaya başlamış, kır renkli
KIRGIN	sf.	Kırılmış (kimse)
KIRICI	sf.	Kırma işini yapan
KIRKAR	sf.	Kırk sayısının üleştirme sayı sıfatı
KIRKIM	a.	Davarların kırkılması işi
KIRKLI	sf.	Kırk parçası bulunan, kırk parçadan oluşan
KIRKMA	a.	Kırkmak işi
KIRLIK	a.	► kırsal
KIRMAK	-i	Sert şeyleri vurarak veya ezerek parçalamak
KIRMIZ	a.	Kırmız böceğinden çıkarılan parlak al boya; çiçek boyası
KIRNAK	sf.	Çalımlı, süslü (kimse)
KIRNAV	a.,ağz.	Çiftleşmek isteyen dişi kedi
KIRPIK	sf.	Kırpılmış olan
KIRPIM	a.	Koyun, keçi vb. için kırkmak işi
KIRPIŞ	a.	Kırpmak işi
KIRPMA	a.	Kırpmak işi; kırpım
KIRSAL	sf.	Kır ile ilgili
KIRTIK	sf.	Özellikle kıtlama çay içerken kullanılan, küçük parçalara ayrılmış (kesme şeker)
KISACA	sf.	Oldukça kısa, biraz kısa
KISKAÇ	a.	Bir şeyi tutup sıkıştırmaya yarayan kerpeten, pense vb. araç
KISMAÇ	a.	Müzik aletlerinin sesini kısmaya yarayan gereçlere topluca verilen bir ad
KISMAK	-i	Sesi azaltmak, alçaltmak
KISMEN	zf.	Bazı bakımdan, bazı yönden
KISMET	a.	Tanrı'nın her kişiye uygun gördüğü yaşama durumu; nasip, behre
KISMIK	sf.,ağz.	► cimri
KISRAK	a.,hay. b.	Dişi at
KISTAK	a.,coğ.	Bir yarımadayı karaya bağlayan, iki yanı su, dar kara parçası; berzah, dil (I)
KISTAS	a.	► ölçüt
KIŞLAK	a.,ağz.	Kışın barınılan yer
KIŞLIK	sf.	Kışa özgü, kış için
KITAAT	a.,esk.	Kıtalar, ana karalar
KITLIK	a.	Kıt olma durumu, ihtiyaca yetmeyecek kadar azlık, az ve zor bulunma; kesat
KIVRAK	sf.	Canlı, hareketli, atik olan
KIVRIK	sf.	Eğrilip bükülmüş, yuvarlak bir biçim verilmiş
KIVRIM	a.	Bükülmüş, kıvrılmış şeylerin oluşturduğu kat; büklüm, büküm, kıvrıntı
KIYACI	a.	► cani
KIYASİ	sf.	Uygulama ve benzetme ile elde edilen
KIYGIN	sf.	► mağdur
KIYICI	a.	Kıyma işini yapan kimse
KIYMAK	-i	Çok ince ve küçük parçalar biçiminde doğramak
KIYMET	a.	► değer
KIYMIK	a.	Çok küçük ve sivri tahta, demir veya kemik parçası; çapak (I)
KIZARI	a.	► kızıllık
KIZCIK	a.	Kızlara sevgiyle yaklaşıldığını belirten bir söz
KIZEVİ	a.	► kız tarafı
KIZGIN	sf.	Çok ısınmış, ısıtılmış veya kızdırılmış
KIZLIK	a.	Cinsel ilişkide bulunmamış dişi cinsin durumu; bakirlik, bekâret, bikir
KIZMAK	nsz.	Isıtılan veya ısınan bir nesnenin sıcaklığı çok artmak
KİBRİT	a.	Bir ucu sürtünme sonucu yanabilecek birleşimde olan küçük tahta veya karton parçası; çakmaksız
KİBUTZ	a.	İsrail'de ortak çalışma esaslarına göre oluşturulmuş tarımsal topluluk
KİKLON	a.	► siklon
KİLDAN	a.,esk.	İçine sabun, lif, kese, kına, kil konan bakırdan yapılmış kap
KİLİSE	a.,din b.	Hristiyanların ibadet etmek için toplandıkları yer
KİLOLU	sf.	► ağır
KİLSİZ	sf.	İçinde kil bulunmayan
KİMİSİ	zm.	Bir bölümü, bir grubu
KİMLİK	a.	Toplumsal bir varlık olarak insanın nasıl bir kimse olduğunu gösteren belirti, nitelik ve özelliklerin bütünü; etiket
KİMONO	a.	Japonların önden çapraz olarak kavuşan uzun ve geniş kollu ulusal giysisi
KİMYON	a.,bit. b.	Maydanozgillerden, 50 santimetre yüksekliğinde, beyaz veya pembe çiçekli, bir yıllık, güzel kokulu ve otsu bir bitki (Cuminum cyminum)
KİNAYE	a.	Düşünüleni dolaylı olarak anlatan söz
KİNDAR	sf.	Öç almak isteyen, kin tutan; kinci, kinli
KİNİZM	a.,fel.	► sinizm
KİNSİZ	sf.	Kini olmayan, kin taşımayan
KİPLİK	a.,fel.	Önermelerin yalın, belkili veya mecburi olma nitelikleri
KİRACI	a.	Bir şeyi, bir yeri kira karşılığında tutan kimse; müstecir
KİRALI	sf.	Kiralanmış olan
KİRKİT	a.,ağz.	Dokumacılıkta atkı ipliğini sıkıştırmak için kullanılan, demirden veya ağaçtan yapılmış dişli araç
KİRLOŞ	sf.,ağz.,alay	Kirli ve pasaklı
KİRMEN	a.,ağz.	► eğirmen
KİRPİK	a.,anat.	Göz kapağının kenarındaki kıllar veya bu kıllardan her biri; müjgân
KİRTİL	a.,den.	Büyük kabuklu deniz hayvanlarını avlamakta kullanılan, ince dallardan örülmüş sepet
KİSPET	a.,sp.	Yağlı güreşte pehlivanların giydikleri, belden baldıra kadar uzanan, dar paçalı meşin pantolon
KİŞMİŞ	a.,bit. b.	Küçük taneli bir tür çekirdeksiz üzüm
KİŞNİŞ	a.,bit. b.	Maydanozgillerden, yaprakları maydanozu andıran, 20-60 santimetre yüksekliğinde, tüysüz, bir yıllık ve otsu bir bitki (Coriandrum sativum)
KİTABE	a.,esk.	► yazıt
KİTABİ	sf.	Kitaba uygun
KİTARA	a.	Genellikle altı telli olup telleri iki parmak arasında çekilerek çalınan bir tür çalgı
KLASİK	a.	Üzerinden çok zaman geçtiği hâlde değerini yitirmeyen, türünde örnek olarak görülen eser
KLASÖR	a.	Yazılı kâğıtları düzenli ve sıralı bir biçimde korumak için kullanılan mukavva veya plastikten telli kap; sıralaç
KLAVYE	a.	Parmaklarla hareket ettirilen piyano, org vb. çalgılarda veya yazı ve hesap makinelerinde değişmez bir eksen çevresinde inip kalkabilen, istenilen işe göre düzenlenmiş bazı mekanizmaları çalıştıran kaldıraç kollarının, tuş sıralarının bütünü
KLİKÇİ	a.	► hizipçi
KLİNİK	a.,tıp	Hastanın bakıldığı, muayene edildiği yer; seririyat
KLORİK	a.,kim.	► klorik asit
KLORLU	sf.	Birleşiminde klor bulunan
KLOROZ	a.,tıp	Kanda alyuvar sayısının azalmasından ileri gelen, genellikle genç kızlarda görülen kansızlık
KLORÜR	a.,kim.	Klorun, oksijen ve flor dışındaki elementlerle yaptığı birleşik
KLOŞET	a.	Toplantı vb.nde katılımcıları bir araya getirmek, uyarmak, toplantıyı başlatmak amacıyla kullanılan çıngırak
KLOZET	a.	► alafranga tuvalet
KOBALT	a.,kim.	Atom numarası 27, atom ağırlığı 59 olan, boyacılıkta kullanılan, nikel ve demire benzeyen, gümüş renginde bir element (simgesi Co)
KOCALI	sf.	Kocası olan, evli (kadın)
KOCAMA	a.	► yaşlanma
KOÇKAR	a.,ağz.	Dövüş için yetiştirilmiş iri koç
KOÇLUK	a.,sp.	► çalıştırıcılık
KODEİN	a.,tıp	Afyondan elde edilen, öksürük ve ağrı kesmeye yarayan bir alkaloit
KODEKS	a.,tıp	Tedavi edici etkisi kesin olarak kabul edilen ilaçların formüllerini, fiziksel ve kimyasal özelliklerini, tanınma reaksiyonlarını, saflık kontrollerini, miktar tayinlerini ve saklama koşullarını içeren resmî kuruluş tarafından onaylı başvuru kaynağı
KOFANA	a.	Lüfer balığının irisi
KOFLUK	a.	Kof olma durumu
KOKAİN	a.,kim.	Koka yapraklarından çıkarılan ve bağımlılık yapan uyuşturucu bir madde
KOKART	a.,ask.	Asker şapkalarına takılan ve rengi uluslara göre değişen işaret
KOKMAK	nsz.	Koku çıkarmak
KOKMUŞ	sf.	Çürüyüp bozularak kötü kokan; kokuşuk, müteaffin
KOKONA	a.,esk.	Hristiyan kadını
KOKPİT	a.	► pilot kabini
KOKUCU	a.	Koku yapan veya satan kimse
KOKULU	sf.	Kokusu olan
KOLACI	a.	Giysi, örtü, çarşaf vb.ni yıkayarak kolalayan ve ütüleyen kimse
KOLALI	sf.	Gömlek, örtü vb. şeyler sert ve parlak olması için içerisinde kola (I) bulunan suya batırılıp ütülenmiş olan
KOLÇAK	a.	Yalnız başparmağı ayrı, diğer dört parmağı bir örülmüş yün eldiven
KOLDAŞ	a.,esk.	İş arkadaşı
KOLERA	a.,tıp	Şiddetli ishal ve kusmalarla kendini gösteren, çok bulaşıcı, salgın ve öldürücü bir hastalık
KOLHOZ	a.	Rusya'da köylülerin ortak olarak çalıştıkları tarım işletmesi
KOLLUK	a.	► manşet
KOLOİT	a.,kim.	Jelatin niteliğinde olan ve suda dağılmış zarlardan geçmemekle billursulardan ayırt edilen maddelerin genel adı, billursu karşıtı
KOLONİ	a.	► sömürge
KOLSUZ	sf.	Kolu olmayan
KOLTUK	a.	Omuz başının altında, kolun gövde ile birleştiği yer
KOLYOZ	a.,hay. b.	Uskumrugillerden, uzunluğu 30-35 santimetre olan, Akdeniz ve Karadeniz'de yaşayan bir tür balık (Scomber colias)
KOMBİN	a.	Giyim, dekorasyon vb. alanlarda değişik parçaların uyumlu bir biçimde bir araya getirilmesiyle oluşturulan bütün
KOMEDİ	a.,tiy.	► güldürü
KOMİTA	a.	Siyasi bir amaca ulaşmak için silah kullanan gizli topluluk
KOMİTE	a.	► alt kurul
KOMPLE	sf.	► dolu (II)
KOMPLO	a.	► düzen
KOMUTA	a.,ask.	Askerî birliği ve onunla ilgili işleri yönetme görevi; kumanda
KONÇLU	sf.	Koncu olan
KONDOM	a.	► prezervatif
KONDOR	a.,hay. b.	► tepeli akbaba
KONFOR	a.	Günlük hayatı kolaylaştıran maddi rahatlık
KONGRE	a.	Çeşitli ülkelerden yöneticilerin, elçilerin, delegelerin katılmasıyla yapılan toplantı
KONKAV	sf.,mat.,fiz.	► içbükey
KONKEN	a.	Bir tür iskambil oyunu
KONKRE	sf.	► somut
KONKUR	a.,sp.	► yarışma
KONMAK	-e	Kuş, kelebek, uçak, toz vb. bir yere inmek
KONSER	a.,müz.	Sanatçıların müzik eserlerini bir topluluk önünde çalması veya söylemesi
KONSEY	a.	► kurul
KONSOL	a.	Duvar kenarına yerleştirilen, üstüne ayna ve başka süs eşyası konulan, çekmeceli, dolaplı mobilya
KONSON	a.,db.	► ünsüz
KONSÜL	a.,tar.	Roma'da her yıl seçilen iki devlet başkanından her biri
KONTAK	a.	Karşıt elektrik taşıyan iki maddenin birbirine dokunması
KONTES	a.	Kontun karısı
KONTÖR	a.	Belirli bir sürenin bir birim olarak kabul edildiği ve telefonda toplam konuşma süresinin kaç birim olduğunu sayısal olarak gösteren araç
KONTRA	sf.	Karşıt, karşı, aksi
KONTUR	a.	Resimde nesneyi belirgin gösteren çevre çizgisi
KONULU	sf.	Konusu olan; mevzulu
KONUŞU	a.	Bilimsel bir sorunu incelemek veya siyasi, ekonomik, diplomatik sorunları tartışmak için yapılan akademik toplantı; kolokyum
KONVOY	a.	Aynı yere giden taşıt veya yolcu topluluğu; kafile
KONYAK	a.	İspirto derecesi yüksek, özel kokulu, kiremit renginde bir içki türü; kanyak
KOPMAK	nsz.	Herhangi bir yerinden ikiye ayrılmak
KORDON	a.	Genellikle ipekten yapılmış kalın ip
KORİDA	a.	► boğa güreşi
KORİST	a.,müz.	Koro ile birlikte şarkı söyleyen kimse
KORKAK	sf.	Çok çabuk ve olmayacak şeylerden korkan (kimse, hayvan); kansız, ödlek, tabansız, cebin, mütevehhim
KORKMA	a.	Korkmak işi
KORKUŞ	a.	Korkmak işi
KORLUK	a.	Kor olma durumu
KORNEA	a.,anat.	► saydam tabaka
KORNER	a.,sp.	► köşe
KORNET	a.,müz.	Pistonlu orkestra çalgısı
KORNİŞ	a.	Tavana sabitlenerek üzerine perde takılan, metal veya plastikten yapılmış araç
KORONA	a.,gök b.	► Güneş tacı
KORPUS	a.	► derlem
KORSAJ	a.	Küçük, kısa korse
KORSAN	a.	Gemilere saldıran deniz haydudu; deniz hırsızı
KORTEJ	a.	Bir devlet büyüğünün yanında bulunan kimseler, maiyet
KORUCU	a.	Orman veya kır bekçisi
KORUMA	a.	Korumak işi; muhafaza, sıyanet, vikaye
KORVET	a.,ask.	Denizaltılara karşı özel olarak silahlandırılan bir tür savaş gemisi
KOSTAK	sf.,ağz.	Zarif, kibar, çalımlı, güzel giyinmiş, yakışıklı (erkek)
KOSTER	a.	Kıyı limanları arasında sefer yapmak üzere inşa edilmiş ve donatılmış küçük yük gemisi
KOSTİK	sf.,kim.	Hayvan ve bitki dokularını yakan, aşındıran
KOSTÜM	a.	Ceket, pantolon ve bazen de yelekten oluşan erkek takım giysisi
KOŞMAK	nsz.	Adım atışlarını artırarak ileri doğru hızla gitmek; seyirtmek
KOŞNİL	a.,hay. b.	Kırmız böceğinin güzel lal boya çıkarılan bir türü; kabuklu bit (Coccus coeti)
KOŞUCU	a.	Koşuya katılan yarışçı
KOTLET	a.	► pirzola
KOVBOY	a.	Amerika'da sığır çobanı
KOVMAK	-i	Sert veya küçük düşürücü sözlerle gitmesini söylemek; savmak, defetmek, deflemek
KOYCUK	a.	Küçük koy
KOYGUN	sf.,ağz.	► acıklı
KOYMAK	-e,-i	Bir şeyi bir yere bırakmak, belli bir yere yerleştirmek
KOYUCA	a.	Biraz koyu olan
KOZACI	a.	İpek kozası alıp satan kimse
KOZALI	sf.	Kozası olan
KOZMİK	sf.,gök b.	► evrensel
KOZMOS	a.,gök b.	► evren
KÖFTER	a.	Üzüm şırasıyla nişasta karışımının kaynatılıp dökülerek kesildikten sonra kurutulmasıyla hazırlanan bir tür pestil
KÖFTÜN	a.	Sığırlara yedirilen susam veya keten küspesi
KÖKÇÜK	a.,bit. b.	Ana kökün dallanmasıyla oluşan ikincil kök
KÖKNAR	a.,bit. b.	Çamgillerden, yüksek bölgelerde yetişen, iğne yaprakları kısa, yassı olan, reçineli ve kozalaklı bir orman ağacı; göknar (Abies)
KÖKSEL	sf.	Kökle ilgili
KÖKSÜZ	sf.	Kökü olmayan
KÖKTEN	sf.	Yüzeyde kalmayıp derine inen, asıl konuyu da içine alan; radikal
KÖKTEŞ	sf.,db.	Aynı kökten gelen, yapı ve görevleri farklı olan (kelimeler); müştak (I): sevgi, sevinç, sevme; vergi, verim, veri; başlık, başlangıç, başkan gibi
KÖLÇER	a.,ağz.,bit. b.	Tanelere zarar veren bir buğday hastalığı
KÖLECİ	a.	Karıncaların başka türlerin yuvalarını talan etmesi durumu
KÖLELİ	sf.	Kölesi olan
KÖREBE	a.	Gözleri bağlı olan ebenin, oyuna katılan öteki çocukları yakalamaya çalıştığı çocuk oyunu
KÖREŞE	a.	Yerdeki karın yüzünde buz tutmuş olan tabaka
KÖRLÜK	a.	► görme engellilik
KÖSEĞİ	a.,ağz.	Ateş karıştırmaya yarayan odun veya demir
KÖSELE	a.	Ayakkabı tabanı, bavul, çanta yapımında kullanılan, büyükbaş hayvanların işlenmiş derisi; gön
KÖSNÜK	sf.,ağz.	Eş isteme dönemi gelmiş (hayvan)
KÖSNÜL	sf.	► erotik
KÖSTEK	a.	Saat, kılıç, anahtar vb.nin ucuna takılan zincir
KÖŞELİ	sf.	Köşesi veya köşeleri olan
KÖŞKER	a.	Yemenici, ayakkabı tamircisi
KÖŞKLÜ	a.,tar.	Yangınları haber vermesi için yangın kulelerinde ve başka uygun yerlerde bekletilen gözetleyici
KÖYDEŞ	a.	Aynı köyde oturan kimselerin birbirine göre her biri; köylü
KÖYLÜK	a.	Köy bulunan yer
KRAKER	a.	Bir tür gevrek ve tuzlu bisküvi
KRALCI	sf.	Krallık yanlısı olan
KRATER	a.,jeol.	► yanardağ ağzı
KRAVAT	a.	Bir ucu ince, diğer ucu daha geniş, gömlek yakasının altından geçirilerek önde üçgen biçiminde bağlanan, özel kumaştan yapılan giysi aksesuarı; boyun bağı, medeniyet yuları
KREPON	a.	Kıvrımları olan yün, pamuk veya ipek kumaş
KRETEN	a.,tıp	Kretenizme tutulmuş kimse
KRETON	a.	Bir tür keten, patiska veya basma
KREZOL	a.,kim.	Tolüenden türeyen üç fenol izomerinden biri; lizol
KRİKET	a.,sp.	On birer kişilik iki takım arasında, küçük ve ağır bir topu, ucu kıvrılmış sopalarla vurarak karşı kaleye sokmak amacıyla oynanan bir oyun
KRİPTO	a.	Siyasi inancını gizleyen kimse
KRİTER	a.	► ölçüt
KRİTİK	a.	► eleştiri
KROMAJ	a.	Metal yüzeyleri kromla kaplama işlemi
KROMLU	sf.	Birleşiminde krom bulunan
KROMSU	sf.	Kromu andıran, kroma benzeyen, krom gibi
KRONİK	sf.,tıp	► süreğen
KRUTON	a.	Yağda veya fırında kızartılan küçük küp biçimindeki ekmek parçası
KSENON	a.,kim.	Atom numarası 54, atom ağırlığı 131,30 olan, havada on milyonda bir oranında bulunan, renksiz, kokusuz asal gaz (simgesi Xe)
KUAFÖR	a.	Kadınların saçını kesen ve saç tuvaleti yapan berber; kadın berberi
KUÇMAK	-i,ağz.	► kucaklamak
KUDEMA	a.,esk.	► eskiler
KUDRET	a.	Bir işi yapabilme, bir direnmeyi yenme gücü; çıdam
KULELİ	sf.	Kulesi olan
KULLAP	a.,esk.	İplik üzerine sırma sarmaya yarar bir dolap
KULLUK	a.	Kul olma durumu; kölelik, ubudiyet
KULPLU	sf.	Kulpu olan, kulpu bulunan
KULUNÇ	a.	Şiddetli omuz ve sırt ağrısı
KULÜBE	a.	Kerpiç, saman veya ağaçtan yapılmış küçük, basit, ilkel ev
KULVAR	a.,sp.	Yüzme ve atletizm yarışmalarında her yarışçıya ayrılan şerit
KULYUÇ	a.,coğ.	Geniş ve derin ağızlı mağara
KUMALI	sf.	Kuması olan
KUMCUL	sf.,bit. b.	Kumlu toprakta yetişen, kumlu toprağı seven (bitki)
KUMLUK	a.	► kumsal
KUMPAS	a.	Dizicilerin harfleri satır durumuna getirirken içine yerleştirdikleri ayarlanabilir demir yuva
KUMPİR	a.	Özel fırında pişirilen iri patatesin içine peynir, mısır, bezelye vb. malzeme konularak yapılan yiyecek
KUMRAL	a.	Koyu sarı veya açık kestane rengi
KUMSAL	a.	Kumu olan yer
KUMSUZ	sf.	Kumu olmayan
KUNDAK	a.	Yangın çıkarmak için bir yere konulan tutuşmuş yağlı bez parçası vb.
KUNDUZ	a.,hay. b.	Kemirgenlerden, kuyruğu geniş ve yassı, art ayak parmaklarının arası perdeli, ağaçları kemirerek beslenen, su kıyılarında yaşayan, yuvalar ve su setleri kuran, postu değerli bir hayvan; kastor (Castor fiber)
KUNGFU	a.,sp.	Kendini savunma temeline dayalı Çin kökenli spor
KURACI	a.,esk.	Askere alınacak gençlerin belli olması için onlara kura çektiren subay
KURADA	sf.,ağz.	İşe yaramaz, yıpranmış, eskimiş, bozulmuş (eşya)
KURALI	sf.,ask.	Kurasını çekmiş, askere gitmeyi bekleyen (asker)
KURBAN	a.,din b.	Dinin buyruğunu veya bir adağı yerine getirmek için kesilen ve belli özellikleri taşıyan hayvan
KURGAN	a.	İlk Çağ'da mezar üzerine toprak yığılarak yapılan küçük tepe
KURMAK	-i	Makine, cihaz, mobilya vb.ni oluşturan parçaları birleştirerek bütün durumuna getirmek; monte etmek
KURMAY	a.,ask.	Harp akademilerine girerek eğitimlerini başarıyla bitirmiş subay; erkânıharp
KURNAZ	sf.	Kolay kanmayan, başkalarını kandırmasını ve ufak tefek oyunlarla amacına erişmesini beceren; hin, hinoğlu
KURSAK	a.,hay. b.	Kuşların yemek borusu üzerinde bulunan, yiyeceklerin toplandığı torba biçiminde şişkin organ
KURŞUN	a.,kim.	Atom numarası 82, atom ağırlığı 207,21, yoğunluğu 11,3 olan, 327,4 °C'de eriyen, yumuşak ve bükülgen, mavimtırak esmer renkte bir element (simgesi Pb)
KURTÇA	zf.	Kurda benzer biçimde
KURTLU	sf.	İçinde kurt bulunan, kurtlanmış
KURUCU	sf.	Bir kurumun, bir işin kurulmasını sağlayan; bani, müessis
KURULU	sf.	Kurulmuş olan, yerleşmiş, oturmuş
KURUMA	a.	Kurumak işi
KUSKUN	a.	Hayvanın kuyruğu altından geçirilerek eyere bağlanan kayış
KUSKUS	a.	Un, süt, yumurta, bulgur ile yapılan ufak ve yuvarlak taneler biçiminde kurutulmuş hamur
KUSMAK	-i	Midenin içindekini basınçla ağızdan dışarı atmak; boşaltmak, çıkarmak, kayetmek, istifra etmek
KUSMUK	a.	Kusulan şey; kusuntu
KUŞANE	a.,ağz.	Özellikle kuş etlerini pişirmekte kullanılan, yayvan, küçük tencere
KUŞBAZ	a.	Süs kuşları yetiştiren kuş meraklısı kimse
KUŞLAK	a.	Av kuşları bol olan yer
KUŞLAR	a.,hay. b.	Çok hücreli hayvanlardan, omurgalıların geniş bir sınıfı
KUŞLUK	a.	Günün sabahla öğle arasındaki saatleri
KUŞMAR	a.	Kuş avlamak için hazırlanmış tuzak, kuş tuzağı
KUTSAL	sf.,din b.	Güçlü bir dinî saygı uyandıran veya uyandırması gereken; kutsi, mukaddes, mübarek
KUTSUZ	sf.	Uğursuz, kötü, menhus
KUTUCU	a.	Kutu yapan veya satan kimse
KUTULU	sf.	Kutusu olan
KUVARS	a.,jeol.	Billurlaşmış silisin doğada çok yaygın bir türü
KUVVET	a.	Fiziksel güç; tüvan
KUYMAK	a.,ağz.	Mısır ununun erimiş tereyağıyla kavrulması, su eklenmesi, bir miktar peynir katılması ve bir süre kaynatılmasıyla elde edilen yemek
KUYRUK	a.	Hayvanların çoğunda, gövdenin sonunda bulunan, omurganın uzantısı olan uzun ve esnek organ
KUYUCU	a.	Kuyu kazmayı iş edinmiş kimse
KUZGUN	a.,hay. b.	Ötücü kuşlar takımının kargagiller familyasından, kırlarda, tarlalarda, fundalık yerlerde bulunan, ekinlere zararlı böcekleri ve kemirgenleri yok eden, tüyleri siyah renkte olup mavi renkte parlayan bir tür kuş; karakarga (Corvus corax)
KUZİNE	a.	Hem ısıtmaya hem de üzerinde veya fırınında yemek pişirmeye yarayan büyük mutfak sobası
KUZULU	sf.	Kuzusu olan (koyun)
KUZUM!	tkz.	yalvarma veya dikkat çekme anlamları taşıyan bir seslenme sözü
KÜBİST	sf.	Kübizmi uygulayan, kübizm yanlısı (kimse)
KÜBİZM	a.	Nesneleri geometrik biçimlerde gösteren bir sanat akımı
KÜFECİ	a.	Küfe yapan veya satan kimse
KÜFEKİ	a.,mim.	Yapılarda kullanılan açık renkli, delikli, hafif, işlenmesi kolay, ateşe dayanıklı bir taş türü; kefeki
KÜFELİ	sf.	Küfesi olan
KÜFFAR	a.	Müslüman olmayanlar, kâfirler
KÜFRAN	a.,esk.	► nankörlük
KÜKÜRT	a.,kim.	Atom numarası 16, atom ağırlığı 32,06 olan, 119 °C'de eriyen ve 444 °C'de kaynayan, doğada saf veya başka cisimlerle birleşik olarak bulunan, sarı renkli element; kibrit, sülf (simgesi S)
KÜLFET	a.	Herhangi bir iş yaparken yaşanan sıkıntı, zorluk
KÜLHAN	a.	Hamamları ısıtan, hamamın altında bulunan kapalı ve geniş ocak; cehennemlik
KÜLLÜK	a.	► çöplük
KÜLTÜR	a.	Tarihsel, toplumsal gelişme süreci içinde yaratılan bütün maddi ve manevi değerler ile bunları yaratmada, sonraki nesillere iletmede kullanılan, insanın doğal ve toplumsal çevresine egemenliğinin ölçüsünü gösteren araçların bütünü; hars, ekin
KÜLÜNK	a.	Taşları, kayaları parçalamakta kullanılan sivri kazma
KÜMBET	a.,mim.	► kubbe
KÜMELİ	sf.	Kümesi olan
KÜNEFE	a.	Sıcak yenilen bir tür peynirli tel kadayıf
KÜPELİ	sf.	Küpe takmış olan
KÜPKÖK	a.,mat.	Küpü verilen bir sayıya eşit olan sayı
KÜPSÜZ	sf.	Küpü olmayan
KÜRASO	a.	Acı portakal kabuğundan yapılan bir içki
KÜRDAN	a.	Dişleri temizlemek için kullanılan küçük, ince çöp
KÜREME	a.	Küremek işi; kürüme
KÜREVİ	sf.,esk.	► küresel
KÜRKAS	a.,bit. b.	Sütleğengillerden, meyve çekirdekleri zehirli bir bitki, Hint fıstığı (Jatropha curcas)
KÜRKÇÜ	a.	Hayvan postlarından kürk hazırlayan veya bu işin ticaretini yapan kimse
KÜRKLÜ	sf.	Kürkü olan, kürk giymiş
KÜRSÖR	a.	 ► imleç
KÜRTAJ	a.,tıp	Vücutta boşluklar içinde bulunan yabancı cisimleri, hasta veya zararlı sayılan dokuları kazıyarak alma; kazıma, küretaj
KÜRTÜN	a.,ağz.	► palan
KÜRÜME	a.	► küreme
KÜSKÜN	sf.	Küsmüş olan (kimse)
KÜSKÜT	a.,bit. b.	► küsküt otu
KÜSLÜK	a.	Küs olma durumu
KÜSMEK	-e	Herhangi birinin hoşa gitmeyen bir söz veya davranışı yüzünden görüşmez olmak
KÜSTAH	sf.	Saygısız, kaba, terbiyesiz (kimse)
KÜSÜLÜ	sf.	Aralarında dargınlık, küskünlük bulunan
KÜŞADE	sf.,esk.	Açılmış olan, açık bulunan
KÜTLÜK	a.	Küt olma durumu
LAAKAL	zf.,esk.	En azından, hiç olmazsa
LABADA	a.,bit. b.	Karabuğdaygillerden, dere kıyılarında, sulak çayırlarda kendiliğinden yetişen, çok yıllık ve yaprakları sebze olarak kullanılan, tohumlarından çay yapılan, ıspanağa benzeyen bir bitki; efelek (Rumex patientia)
LABROS	a.,hay. b.	Lapinanın büyük cinsi
LADİNÎ	sf.,esk.,din b.	► din dışı
LADİNO	a.	Musevilerin kullandığı, 15. yüzyıl İspanyolcasını temel alan ancak içinde İbranice, Türkçe, Fransızca, Yunanca, Arapça ve Portekizce kelimeler barındıran, Latin kökenli bir Hint-Avrupa dili olan İspanyolcanın bir Lehçesi
LAEDRİ	sf.,esk.,ed.	► anonim
LAFZEN	zf.,esk.	Sözün gelişine, söylenişine, yapısına göre, yazılı olmayarak
LAHİKA	a.,esk.,db.	► ek
LAHURİ	sf.	► lahuraki
LAHUTİ	sf.,esk.,din b.	► ilahi (I)
LAKACI	a.	► lakçı
LAKAYT	sf.,zf.	343 lakayıt
LAKLAK	a.	Leyleğin gagasıyla çıkardığı ses
LAKTAZ	a.,kim.	Süt şekerini üzüm şekerine çeviren bir bağırsak enzimi
LAKTOZ	a.,kim.	Sütte bulunan, sütün buharlaşmasıyla kristal durumunda toplanan şeker; süt şekeri (C12H12O11)
LALELİ	sf.	Lale bulunan veya yetiştirilen (yer)
LAMACI	sf.	Lamacılık yanlısı olan (kimse); lamaist
LAMBRİ	a.,mim.	Bir yapının iç duvar kaplaması
LAMİSE	a.,esk.,biy.	► dokunum
LANGUR	a.,hay. b.	Maymunlardan, Hindistan'da yaşayan, kül rengi veya kırmızıya çalan sarı tüylü, büyük bir maymun (Presbytis entellus)
LANTAN	a.,kim.	Atom numarası 57, atom ağırlığı 138,9, yoğunluğu 6,1 olan, beyaz, havada çabuk oksitlenen, parlak bir alevle yanan, seyrek bulunur bir element (simgesi La)
LAPACI	sf.	Vücutça toplu ve iri olmasına rağmen direnci az olan
LAPÇIN	a.,esk.	► edik
LAPİNA	a.,hay. b.	Lapinagillerden, kayalık kıyılarda, sığ sularda yaşayan 25-35 santimetre uzunluğunda, kırmızı benekli, mavi veya yeşil balık (Crenilabrus pavo)
LAPTOP	a.	343 dizüstü
LASTİK	a.	Ayakkabı üzerine giyilen kauçuktan pabuç
LATALI	sf.	Latası olan
LATEKS	a.,bit. b.	Kauçuk ağacının özü
LATİFE	a.	► şaka
LAVABO	a.	Üzerinde su muslukları bulunan, porselen, emaye, sac vb.nden yapılmış, el, yüz, bulaşık yıkamaya yarar, çukur yer veya eşya; musluk
LAVMAN	a.	Anüs yoluyla kalın bağırsağa tanı veya tedavi amacıyla sıvı verme
LAYİHA	a.,esk.	Herhangi bir konuda bir görüş ve düşünceyi bildiren yazı
LAZIME	a.,esk.	Yapılması gerekli olan şey
LEGATO	zf.,müz.	Bir parçanın notalarını ara vermeden birbirine bağlayarak (söylemek veya çalmak)
LEGORN	a.	Yumurta verimi yüksek, genellikle beyaz tüylü bir tavuk ırkı
LEHTAR	a.,esk.	Yandaş, taraftar
LEJANT	a.	Bir fotoğrafın, haritanın, desenin veya karikatürün özünü anlatan yazı
LEJYON	a.,tar.	Eski Romalılarda piyade ve süvarinin oluşturduğu askerî birlik
LEKECİ	a.,esk.	► kuru temizleyici
LEKELİ	sf.	Herhangi bir sebeple üzerinde leke oluşmuş, lekesi olan
LEKTÖR	a.	► okutman
LENGER	a.	Yayvan ve kenarları geniş, büyük bakır kap
LEOPAR	a.,hay. b.	► pars
LERZAN	sf.,esk.	► titrek
LEŞÇİL	sf.	Leşle beslenen (hayvan)
LEŞKER	a.,esk.	► asker
LEVENT	a.,tar.	Osmanlı donanmasında ve kıyılarında görev yapan asker sınıfı
LEVREK	a.,hay. b.	Levrekgillerden, eti beyaz, üzeri pullu iri bir balık (Labrax labrax)
LEYLAK	a.,bit. b.	Zeytingillerden, yaprakları karşılıklı bir ağaççık (Syringa vulgaris)
LEZYON	a.,tıp	► doku bozukluğu
LEZZET	a.	Ağız yoluyla alınan tat
LİBERO	a.,sp.	► son adam
LİBİDO	a.,ruh b.	İnsanın davranışlarının temelini oluşturan cinsel içgüdü
LİFÇİK	a.	► telcik
LİGNİN	a.,biy.	Bitkide kök ve gövdenin sert ve odunsu yapısını oluşturan madde
LİKİDE	sf.	Alacak ve verecekleri hesaplayarak sonucu belirlenmiş
LİMAKİ	a.	Ayakkabıcılıkta kullanılan küçük eğe
LİMONİ	a.	► limon rengi
LİNEER	sf.,mat.	► doğrusal
LİNYİT	a.,jeol.	Birleşimindeki karbon oranı %60-70 olan, kahverengi veya siyah kömür
LİPARİ	a.,hay. b.	Çirozluktan sonra yağlanmaya başlayan uskumru
LİPSOS	a.,hay. b.	İskorpitgillerden, Akdeniz ve Atlas Okyanusu'nda yaşayan, yüzgeçlerindeki dikenlerde yaralara sebep olan bir zehir bulunan, 40 santimetre uzunluğunda, eti çok beğenilen bir balık (Scorpaena porcus)
LİRİZM	a.,ed.	Kişisel duyguların ilham yolu ile coşkulu ve etkili anlatımı
LİSANİ	sf.,esk.	Dille ilgili
LİSANS	a.	Genellikle dört yıl süren üniversite veya yüksekokul öğrenimi
LİSELİ	sf.	Lisede okuyan (öğrenci)
LİTYUM	a.,kim.	Atom numarası 3, atom ağırlığı 6,94, yoğunluğu 0,55 olan, 180 °C'de eriyen, gümüş parlaklığında, bilinen en hafif element (simgesi Li)
LİVATA	a.	► oğlancılık
LOADER	a.,bl.	343 yükleyici
LOBİCİ	a.	Çıkarları ortak olan grupların temsilcisi; dalancı
LOHUSA	a.	Yeni doğum yapmış kadın
LOJMAN	a.	Kurum, kuruluş veya iş yerindeki çalışanlara parasız veya az bir kira karşılığında oturmaları için tahsis edilen konut
LOKAVT	a.	İşverenin işçileri topluca işten uzaklaştırma veya işten çıkarma kararı; iş bıraktırımı
LOLOLO	a.,argo	► lolo
LOMBAR	a.,den.	Gemi bordalarına, küpeştelerine açılan dörtgen biçiminde delik
LOMBOZ	a.,den.	Kamaralarla alt güverteleri aydınlatmak için bordalardan ve güvertelerden açılan yuvarlak pencere
LONGOZ	a.	► subasar
LOPÇUK	a.,anat.	Küçük lop
LOSTRA	a.	Ayakkabı boyama
LOSYON	a.	Deri ve saç bakımında kullanılan alkollü veya alkolsüz, kokulu sıvı
LOŞLUK	a.	Loş olma durumu
LÖSEMİ	a.,tıp	► kan kanseri
LUTİYE	a.	Çalgı onaran veya yapıp satan kimse
LÜKNET	a.,esk.	Dilde pelteklik, tutukluk durumu
LÜLECİ	a.	Çubuk, nargile, pipo vb.nde kullanılan lüleyi yapan kimse
LÜLELİ	sf.	Kıvrık kıvrık (saç)
LÜMPEN	sf.	► sınıfsız
LÜPTEN	zf.	Açıktan, bedavadan, parasız olarak
LÜTFEN	zf.	Birinden bir şey isterken "dilerim, rica ederim" anlamında kullanılan bir söz
LÜZUCİ	sf.,esk.	► yapışkan
MAAİLE	zf.	► ailece
MAARİF	a.,esk.	Bilgi ve kültür
MAAŞLI	sf.	► aylıklı
MABLAK	a.,esk.	Hamur, merhem, boya vb. şeyleri ezip karıştırarak yoğurmak için kullanılan ve bir ucu ele alınacak biçimde saplı, öbür ucu yassı olan alet
MABUDE	a.,esk.	► tanrıça
MACERA	a.	Baştan geçen ilginç olay veya olaylar zinciri; serüven, sergüzeşt, avantür
MAÇUNA	a.,den.	İslimle çalışan ağırlık kaldırma makası
MADAMA	a.	► madam
MADARA	sf.,argo	Kötü, sevimsiz
MADENÎ	sf.	Madenle ilgili veya madene özgü olan; madensel, metalik
MADRUP	sf.,esk.	Dövülmüş (kimse)
MAFEVK	a.,esk.	► üst
MAFSAL	a.,esk.,anat.	► eklem
MAĞAZA	a.	Büyük dükkân
MAĞDUR	sf.	Haksızlığa uğramış (kimse); kıygın
MAĞFUR	sf.,esk.	Affolunmuş, bağışlanmış
MAĞLUP	sf.	► yenik (II)
MAĞMUM	sf.,esk.	► kaygılı
MAĞRİP	a.,esk.	► batı
MAĞRUR	sf.	Kurumlu (II), gururlu, kibirli, kendini beğenmiş
MAĞŞUŞ	sf.,esk.	► karışık
MAHBES	a.,esk.	► cezaevi
MAHBUP	a.,esk.	Sevilen erkek
MAHCUP	sf.	► utangaç
MAHCUR	sf.,esk.,huk.	► kısıtlı
MAHCUZ	sf.,esk.,huk.	► hacizli
MAHDUM	a.,esk.	► oğul
MAHDUT	sf.,esk.	Çevrilmiş, sınırlanmış
MAHFİL	a.,din b.	Camilerde parmaklıkla ayrılmış yüksek yer
MAHFUZ	sf.,esk.	Saklanmış, korunmuş, korunan, saklı
MAHİYE	a.,esk.	► aylık
MAHKÛK	sf.,esk.	Kazılmış, hakkedilmiş
MAHKÛM	sf.,huk.	► hükümlü
MAHLAS	a.	► takma ad
MAHLEP	a.,bit. b.	► İdris ağacı
MAHLUK	a.,esk.	► yaratık
MAHLUL	sf.,esk.	Hallolmuş, çözülmüş, dağılmış
MAHLUT	sf.,esk.	► katışık
MAHMUL	sf.	Yükletilmiş
MAHMUR	sf.	Sarhoşluğun sebep olduğu sersemlik içinde olan
MAHMUZ	a.	Çizmenin, potinin arkasına takılan ve binek hayvanlarını dürtüp hızlandırmaya yarayan demir veya çelik parça
MAHPUS	sf.	Kapatılmış, hapsedilmiş (kimse); hapis, mapus
MAHREÇ	a.,esk.	► çıkak
MAHREK	a.,esk.,gök b.,mat.	► yörünge
MAHREM	sf.	Yakın akrabadan olduğu için nikâh düşmeyen (kimse)
MAHRUM	sf.	► yoksun
MAHRUT	a.,esk.,mat.	► koni
MAHSUL	a.	► ürün
MAHSUP	sf.	Hesap edilmiş, hesaba geçirilmiş
MAHSUR	sf.	Kuşatılmış, sarılmış, çevrilmiş
MAHSUS	sf.	► özgü
MAHŞER	a.,din b.	Ahirette bütün insanların tekrar dirilip toplanacakları yer
MAHZAR	a.,esk.	Yüksek makamlı bir kimsenin yanı, huzuru
MAHZEN	a.	Yapılarda yer altı deposu
MAHZUN	sf.	► üzgün
MAHZUR	a.	► sakınca
MAHZUZ	sf.	Haz duymuş, hoşlanmış
MAİŞET	a.,esk.	► geçim
MAİYET	a.	Üst görevlinin yanında bulunan kimseler, alt kademedekiler; tevabi
MAKALE	a.	Bilim, fen konularıyla siyasal, ekonomik ve toplumsal konuları açıklayıcı veya yorumlayıcı niteliği olan gazete veya dergi yazısı; yazı (I)
MAKARA	a.	Üzerine iplik, tel, şerit vb. sarılan, kenarları çıkıntılı, ekseni boyunca delik silindir; bobin
MAKBER	a.,esk.	► mezar
MAKBUL	sf.	Kabul edilen
MAKBUZ	a.	► alındı
MAKİNA	a.	343 makine
MAKİNE	a.,tek.	Herhangi bir enerji türünü başka bir enerjiye dönüştürmek, belli bir güçten yararlanarak bir işi yapmak veya etki oluşturmak için çarklar, dişliler ve çeşitli parçalardan oluşan düzenekler bütünü
MAKSAT	a.	► amaç
MAKSUT	sf.,esk.	İstenen, niyet edilen, güdülen, amaçlanan
MAKTEL	a.,esk.	Cinayet işlenen yer
MAKTUL	sf.	Öldürülmüş, öldürülen
MAKULE	a.,esk.	► çeşit
MAKYAJ	a.	Yüzü daha bakımlı ve güzel göstermek için kirpik, göz kapağı, burun, yanak ve dudaklara rimel, far, allık, fondöten, ruj vb. malzemeler sürme tekniği
MAKYÖR	a.,sin.,TV	İyi görüntü sağlamak, belli bir tip yaratmak veya yalnızca bazı düzeltmeler yapmak için oyuncunun yüzünde ve vücudunda yapılan boyama ve değişim yapan erkek
MAKYÖZ	a.,sin.,TV	İyi görüntü sağlamak, belli bir tip yaratmak veya yalnızca bazı düzeltmeler yapmak için oyuncunun yüzünde ve vücudunda yapılan boyama ve değişim yapan kadın
MALAFA	a.,tek.	Önceden delinmiş parçaları tornalamaya özgü torna tezgâhı bağlama aleti
MALAGA	a.	İspanya'nın Malanga yöresinde yapılan bir şarap türü
MALAMA	a.,ağz.	Samanla karışık tahıl
MALİYE	a.	Kamu ile ilgili işlerin yürütülmesi için gerekli gelirleri ve harcanan paraları düzenleyen kuralların bütünü
MALKOÇ	a.,tar.	Osmanlılarda akıncılar ocağının komutanı
MALTIZ	a.	Çoğunlukla yemek pişirmekte kullanılan, içinde ızgarası bulunan, ayaklı ve taşınır ocak
MALTOZ	a.,kim.	Nişastası tam olmayan, hidroliz sırasında ortaya çıkan şeker (C12H12O11)
MAMURE	a.,esk.	Bayındır yer
MANACA	zf.	► anlamca
MANALI	sf.	► anlamlı
MANDAL	a.	Kapı, pencere vb. şeyleri kapalı tutmaya yarayan, döner tahta veya metal parça
MANDAR	a.,den.	Gemilerde küçük makara
MANEVİ	sf.	Gözle görülüp elle tutulamayan, madde ve cisimle ilgisi bulunmayan, inançla ilgili, manaya, içe, öze, ruha ait olan; ruhani, maddi karşıtı
MANGAL	a.	Üzerinde bir şey pişirmek veya ısınmak için kullanılan, sac, bakır, pirinç vb. malzemeden yapılan, türlü biçimlerdeki üstü açık ayaklı ocak; korluk
MANGAN	a.,kim.	► manganez
MANGIR	a.	Bakırdan yapılmış, iki buçuk para değerinde sikke
MANGİZ	a.,argo	► para
MANİCİ	sf.,fel.	Maniciliği benimseyen
MÂNİCİ	a.	Mâni söyleyen kimse
MANİKA	a.,den.	Gemilerde, ambarlara ve makine bölümüne hava vermek için güverteye açılan baca
MANİTA	a.,argo	► sevgili
MANKEN	a.	Genellikle defilelerde giysileri tanıtma, sunma, gösterme amacıyla giyip podyumda yürüyen kimse; model
MANSIP	a.,esk.	► makam
MANŞET	a.	Gömlek kollarının ucunda bulunan, genellikle düğmesi olup iliklenen, çift katlı veya kalın kumaştan yapılan bölüm; kolluk (I)
MANŞON	a.	Elleri soğuktan korumak için kullanılan astarlanmış kürk; el kürkü
MANTAR	a.,bit. b.	Mantarlardan, içinde zehirlileri de bulunan, silindir bir gövde ve üst tarafı şapka biçiminde olan ilkel canlıların genel adı (Fungi)
MANTIK	a.	Doğru düşünme sanatı ve bilimi
MANTİN	a.	Canfese benzeyen bir tür ipekli kumaş
MANTİS	a.,mat.	Bir sayının logaritmasının ondalık bölümü
MANUEL	sf.	Elle işletilen
MANYAK	sf.	Mani hastalığına yakalanmış (kimse)
MANYAT	a.,den.	Alamanadan küçük, üç çifte balıkçı kayığı
MANYOK	a.,bit. b.	Sütleğengillerden, sıcak ülkelerde yetişen, yaprakları almaşık, üçü veya yedisi bir arada yelpaze durumunda olan, büyük bir ağaç (Manihot utilissima)
MANZUM	sf.,ed.	Şiir biçiminde yazılmış
MARABA	a.,ağz.	Mesleği yalnız çiftçilik olan varlıksız kimse
MARAZA	a.,ağz.	► hastalık
MARAZİ	sf.	Hastalıkla ilgili; sayrıl
MARİNA	a.,den.	► yat limanı
MARİNE	sf.	"Etleri yumuşatmak ve daha lezzetli duruma getirmek için pişirmeden önce belirli bir süre baharatlı sirke, zeytinyağı vb. ilave edilerek hazırlanan sosun içerisinde bekletmek” anlamındaki marine etmek birleşik fiilinde geçen bir söz
MARJLI	sf.	Marjı olan
MARKAJ	a.,sp.	► tutma
MARKET	a.	Özellikle her türlü yiyecek maddesi, temizlik malzemesi ile ev, büro vb. yerlere ait gereçlerin satıldığı dükkân
MARKİZ	a.	Markinin karısı
MARKKA	a.,esk.	Finlandiya'nın para birimi; mark
MARKÖR	a.	Önemli ibareleri veya dikkati çekmek istenilen yerleri işaretlemeye yarayan, parlak renkli boya  kalemi
MARLEY	a.,mim.	Yapılarda döşeme gereci olarak kullanılan plastik madde
MARPUÇ	a.	Nargileye takılan ve kolayca içmeyi sağlayan, hortum biçiminde uzun ve bükülgen boru
MARSIK	a.	Üretilirken gerektiği kadar yakılmadığından tüterek ve koku vererek yanan, niteliksiz odun kömürü
MARTİN	a.	Tek kurşun atan bir tür tüfek
MASARA	a.	Küçük, dar yer veya hücre
MASİKO	a.,kim.	Rengi kırmızı ile sarı arasında değişen, boya olarak kullanılan, doğal kurşun oksit (PbO)
MASKOT	a.	Uğur getireceğine inanılan şey
MASLAK	a.	Sürekli su akan boru
MASLUP	sf.,esk.	Asılmış, asılarak öldürülmüş (kimse)
MASRAF	a.	► gider
MASRUF	sf.,esk.	Sarf edilmiş, harcanmış
MASTAR	a.,db.	► ad-fiil
MASTER	a.	343 yüksek lisans
MASTOR	sf.,argo	Çok sarhoş; mastur
MASTUR	sf.,argo	► mastor
MASUME	sf.,esk.	Suçsuz, günahsız (kadın)
MASURA	a.	Koni veya silindir biçiminde olup üzerine şerit, iplik vb. sarılan, karton, tahta, plastik vb.nden yapılan araç
MAŞACI	a.	Maşa yapan veya satan kimse
MAŞALA	a.,ağz.	Bağ ve bahçelerde kenarları set biçiminde birbirinden ayrılan, genellikle dikdörtgen toprak parçası
MAŞALI	sf.	Maşası olan
MAŞERÎ	sf.,esk.	Topluluğa ait olan, toplumu ilgilendiren
MAŞLAH	a.,esk.	Tek parçalı ve kol yerine yarıkları olan, pelerine benzer bir tür kadın üstlüğü
MAŞRIK	a.,esk.	► doğu
MAŞUKA	a.,esk.	Sevilen, âşık olunan kadın
MATARA	a.	Asker, sporcu, yolcu vb.nin kullandığı, genellikle askısı olan, deri, metal, cam veya plastikten yapılan su kabı
MATBAA	a.	► basımevi
MATBUA	a.,esk.	► basma
MATİNE	a.	► gündüz gösterimi
MATLIK	a.	Mat olma durumu
MATLUP	a.,esk.	İstenilen, aranılan, arzu ve talep edilen şey
MATRAH	a.,ekon.	Bir verginin miktarını belirtmek için temel olarak alınan değer
MATRAK	a.,tar.	Savaşmayı öğretmek için kullanılan, üzerine deri kaplanmış, başı yuvarlakça kalın sopa
MATRİS	a.,esk.	► baskı kalıbı
MATRUŞ	sf.,esk.	► tıraşlı
MATRUT	sf.,esk.	Kovulmuş, çıkarılmış
MAVERA	a.,esk.	► öte
MAVİLİ	sf.	Üzerinde mavi renk olan
MAVZER	a.,ask.	Atış hızı dakikada ortalama altı mermi olan ve orduda kullanılan bir tüfek tipi
MAYALI	sf.	İçine maya karıştırılmış
MAYHOŞ	sf.	Tadı az şekerli olmakla birlikte daha çok ekşi olan
MAYMUN	a.,hay. b.	Dört ayaklı, iki ayağı üzerinde de yürüyebilen, ormanda toplu olarak yaşayan, kuyruklu hayvan; primat
MAYOCU	a.	Mayo diken veya satan kimse
MAYŞOR	a.,kim.	► Alman gümüşü
MAYTAP	a.	Yandığında renkli ve parlak ışıklar saçan, şenlik gecelerinde yakılan havai fişek
MAZBUT	sf.	Ele geçirilmiş, zapt edilmiş
MAZGAL	a.	► mazgal deliği
MAZHAR	sf.	Bir iyiliğe erişmiş, erişen (kimse)
MAZLUM	sf.	Zulüm görmüş, kendisine zulmedilmiş
MAZMUN	a.,esk.	► anlam
MAZNUN	a.,esk.,huk.	► sanık
MAZRUF	sf.,esk.	► zarflı
MEALEN	zf.	► anlamca
MEBLAĞ	a.	► tutar
MEBZUL	sf.,esk.	► bol (I)
MECAZİ	sf.	Mecazla ilgili, mecaz niteliğinde olan
MECBUR	sf.	Herhangi bir konuda yükümlü, bir şeyi yapmak zorunda olan; eli mahkûm
MECLİS	a.	Bir konuyu konuşmak veya görüşmek için yapılan toplantı
MECLUP	sf.,esk.	► tutkun
MECMUA	a.	► dergi
MECNUN	sf.	Sevdadan ötürü kendini kaybetmiş
MECRUH	sf.,esk.	► yaralı
MECUSİ	sf.,din b.	Mecus dininden olan (kimse)
MECZUP	a.	Aklını yitirmiş kimse
MEÇHUL	sf.	Bilinmeyen, bilinmedik
MEDDAH	a.	Taklitler yaparak, hoş hikâyeler anlatarak halkı eğlendiren sanatçı
MEDENİ	sf.	Kentlileşmiş, kırsallıktan kurtulmuş
MEDLUL	a.,esk.	► anlam
MEDYUM	a.	Ruhötesi iletişim kurma deneylerinde, ruhlarla insanlar arasında aracılık ettiğini ileri süren kimse
MEDYUN	sf.,esk.	► borçlu
MEFHUM	a.,esk.,fel.	► kavram
MEFLUÇ	sf.,esk.	► inmeli
MEFRET	sf.,esk.	Kocaman, iri, büyük
MEFRUŞ	sf.,esk.	► döşeli
MEFSUH	sf.,esk.	Feshedilmiş, kaldırılmış, dağıtılmış, bozulmuş
MEFTUN	sf.	► vurgun
MEHTAP	a.	► ay ışığı
MEHTER	a.,tar.	Mehter takımında görevli kimse
MEKNUZ	sf.,esk.	Gömülü, saklı
MEKRUH	sf.,din b.	İslam dininde, dinî bakımdan kesin bir biçimde yasaklanmadığı hâlde yapılmaması istenen
MEKTEP	a.,esk.	► okul
MELEKE	a.	Tekrarlama sonucu kazanılan yatkınlık, alışkanlık
MELEME	a.	Melemek işi
MELFUF	sf.,esk.	Sarılmış, bağlanmış, eklenmiş
MELHEM	a.,ağz.	343 merhem
MELHUZ	sf.,esk.	Mülahaza edilen, düşünülen
MELİKE	a.	Kadın hükümdar
MELİSA	a.,bit. b.	► oğul otu
MELODİ	a.,müz.	► ezgi
MELTEM	a.	Yazın karadan denize doğru esen mevsim rüzgârı; briz
MEMELİ	sf.	Memesi olan
MEMLUK	a.,esk.	► köle
MEMNUN	sf.	Herhangi bir olaydan veya durumdan ötürü sevinç duyan, kıvançlı, mutlu
MEMURE	a.,esk.	Kadın memur
MENAFİ	a.,esk.	Yararlar
MENDİL	a.	Burun ve ter silmekte, el ve yüz kurulamakta kullanılan küçük, kare biçiminde kumaş veya yumuşak, ince kâğıt
MENENT	a.	► benzer
MENFEZ	a.	Girecek veya geçecek yer, delik
MENFUR	sf.	► tiksindirici
MENHUS	sf.,esk.	► uğursuz
MENİSK	a.,fiz.	Bir yüzü içbükey, öbür yüzü dışbükey olan mercek
MENKUL	sf.	Bir yerden bir yere taşınabilen (mal)
MENSUP	sf.	Bir yerle veya bir kimseyle bağlantısı olan, ilişkili, -den olan, -e bağlı (kimse)
MENSUR	a.,esk.,ed.	► düzyazı
MENŞUR	sf.,esk.	Yayılmış, dağıtılmış, neşredilmiş
MENTOL	a.	Nane kokusu
MENTOR	a.	Yönder
MENZİL	a.,esk.	Yolculukta dinlenmek amacıyla durulan veya konaklanan yer; çalım
MERBUT	sf.,esk.	Bağlı, bağlanmış
MERCEK	a.,fiz.	İçinden geçen paralel ışınları düzenli bir biçimde birbirine yaklaştıran veya birbirinden uzaklaştıran, camdan veya ışık kırıcı herhangi bir maddeden yapılmış, genellikle küresel yüzeylerle sınırlanmış saydam cisim; adese, lens
MERGUP	sf.,esk.	Sevilip aranan, istenilen, beğenilen, rağbet edilen
MERHEM	a.	Deriye sürülerek kullanılan, içinde birçok etken madde bulunan, yumuşak ve koyu kıvamda, yağlı ilaç
MERHUM	a.	Ölmüş Müslüman erkek; rahmetli, rahmetlik
MERKAT	a.,esk.	Mezar, kabir
MERKEP	a.,hay. b.	► eşek
MERKEZ	a.	Bir bölgenin veya kuruluşun yönetim yeri
MERKUM	sf.,esk.	Yazılmış
MERKÛP	sf.,esk.	Üzerine binilmiş olan
MERMER	a.,jeol.	Bileşiminde %75'ten çok kalsiyum karbonat bulunan, genellikle beyaz, renkli ve damarlısı da olan, cilalanabilen, billurlaşmış kireç taşı
MERSİN	a.,bit. b.	Mersingillerden, Güney ve Batı Anadolu dağlarında yetişen, yaprakları yaz kış yeşil kalan, gıda ve parfüm sanayisinde ham madde olarak kullanılan, meyvesi murt adıyla bilinen, esansı çıkarılan, beyaz çiçekli, güzel kokulu bir ağaç; mersin ağacı, sazak (Myrtus communis)
MERTÇE	sf.	Yiğide, erkeğe yakışan
MERTEK	a.	Yapıda kullanılan dört köşe veya yuvarlak, kalınca ağaç; düver
MESABE	a.,esk.	Derece, değer, rütbe
MESAFE	a.	► ara
MESAHA	a.,esk.	► yüz ölçümü
MESAİL	a.,esk.	Sorunlar
MESAME	a.,esk.,anat.,biy.	► gözenek
MESANE	a.,anat.	► idrar torbası
MESCİT	a.,din b.	Genellikle minaresiz, küçük cami
MESELA	bağ.	► söz gelişi
MESELE	a.	► sorun
MESİRE	a.	Gezilecek, piknik yapılacak yer.
MESKEN	a.	► konut (I)
MESKÛN	sf.	İnsan oturan, şeneltilmiş (yer)
MESKÛT	sf.,esk.	Söylenmemiş
MESLEK	a.	Belli bir eğitim ile kazanılan, sistemli bilgi ve becerilere dayalı, insanlara yararlı mal üretmek, hizmet vermek ve karşılığında para kazanmak için yapılan, kuralları belirlenmiş iş
MESNET	a.	► dayanak
MESRUR	sf.,esk.	► sevinçli
MESTÇİ	a.	Mest yapan veya satan kimse
MESTUR	sf.,esk.	► gizli
MEŞALE	a.	Ucunda alev çıkarabilen yanıcı bir madde bulunan, aydınlatmaya yarayan değnek; çırakma, çırakman, yanarca
MEŞGUL	sf.	Bir işle uğraşan, iş görmekte olan
MEŞHER	a.,esk.	Teşhir yeri
MEŞHET	a.,esk.	Şehit düşülen yer
MEŞHUR	sf.	► ünlü
MEŞHUT	sf.,esk.	Görülen, gözle görülmüş, tanık olunmuş
MEŞİME	a.,esk.,anat.	► döl yatağı
MEŞKÛK	sf.	Şüphe uyandıran, şüpheli
MEŞKÛR	sf.,esk.	Beğenilmiş, övülmüş
MEŞREP	a.	Yaradılış, huy, karakter, mizaç
MEŞRUT	sf.,esk.	► şartlı
METEOR	a.,gök b.	Atmosfer içinde oluşan sıcaklık değişmeleri, rüzgâr, yıldırım, yağmur, dolu vb. olaylara verilen genel ad
METFEN	a.,esk.	► mezar
METFUN	sf.,esk.	► gömülü
METHAL	a.,esk.	► giriş
METRAJ	a.,mat.	Metre olarak uzunluk
METRES	a.	Evli bir erkekle nikâhsız yaşayan kadın; kapama, kapatma, mantinota, zamazingo, zamkinos
METRİK	sf.,mat.	► ölçümlü
METRİS	a.,ask.	Askerin çarpışma sırasında korunması için yapılan toprak siper
METRUK	sf.	Bırakılmış, terk edilmiş
MEVALİ	a.,tar.	Osmanlı Devleti'nde görev yapan yüksek dereceli ilim adamları
MEVCUT	sf.	Var olan, bulunan
MEVHUM	sf.	Gerçekte olmayıp var sanılan, var diye düşünülen, kuruntuya dayanan
MEVİZE	a.,esk.	► vaaz
MEVKUF	sf.,esk.	Vakfedilmiş
MEVKUT	sf.,esk.	► süreli
MEVLİT	a.	Hz. Muhammed'in doğumunu, hayatını anlatan mesnevi
MEVLUT	a.,esk.	Yeni doğmuş çocuk
MEVRUT	sf.,esk.	Gelen, gelmiş
MEVSİM	a.	Yılın, güneşten ısı, ışık alma süresi ve dolayısıyla iklim şartları bakımından farklılık gösteren dört bölümünden her biri; sezon, sürem
MEVSUF	sf.,esk.	Nitelenmiş, nitelikleriyle belirlenmiş
MEVSUK	sf.,esk.	► sağlam
MEVZİİ	sf.,esk.	► bölgesel
MEVZUN	sf.,esk.	Biçimli, düzgün, oranlı olan
MEYANE	a.	Çorba vb. yiyeceklere lezzet kazandırmak için un ve yağla yapılan sos
MEYDAN	a.	► alan
MEYYAL	sf.,esk.	► eğilimli
MEYYİT	a.,esk.	► ölü
MEZECİ	a.	Meze satan kimse
MEZGİT	a.,hay. b.	Mezgitgillerden, Avrupa ve Türkiye denizlerinde yaşayan, uzun vücutlu, büyük ağızlı, eti lezzetli bir balık; tavuk balığı (Gadus merlangus)
MEZHEP	a.,din b.	Bir dinin görüş, yorum ve anlayış ayrılıkları sebebiyle ortaya çıkan kollarından her biri
MEZKÛR	sf.,esk.	Adı geçen, anılan, sözü edilen, zikredilen, zikrolunan
MEZMUR	a.,esk.	Makamla okunan Zebur suresi
MEZURA	a.	Terzilikte ölçü almak için kullanılan, genellikle 1,5 metre uzunluğunda şerit metre; mezür
MIHSIZ	sf.	► çivisiz
MIKLEP	a.	Ciltli kitapların sol cilt kapağında bulunan ve okunmakta olan yeri belli eden, ucu üçgenimsi, katlanabilir parça
MINCIK	a.	"Ezilerek içi dışına çıkmak" anlamındaki mıncığı çıkmak deyiminde geçen bir söz
MIRMIR	a.,hay. b.	Sularımızda yaşayan bir tür yılan balığı (Echelus myrus)
MIRNAV	a.	Miyavlama sesi
MISDAK	a.,esk.	► ölçüt
MISKAL	a.,esk.,müz.	Her biri başka perdede bir sıra kamış boğumundan yapılmış düdük; musikar
MISMIL	sf.,ağz.	Eti yenilebilen, murdar olmayan
MIŞMIŞ	a.,ağz.	Kayısı veya zerdali
MIZIKA	a.,müz.	► bando
MIZIMA	a.	Mızımak durumu
MIZMIZ	sf.	Her şeyde kusur bulan, hiçbir şeyden memnun olmayan
MIZRAK	a.	Uzun saplı, sivri demir uçlu silah
MIZRAP	a.,müz.	Telli çalgıları çalmaya yarayan, kemik, maden, plastik veya özellikle kiraz ağacından yapılan alet; çalgıç, tezene, zahme, pena
MİDECİ	sf.	Kendi çıkarlarından başka bir şey düşünmeyen (kimse)
MİDEVİ	sf.,esk.	Mide ile ilgili olan
MİFTAH	a.,esk.	► anahtar
MİGREN	a.,tıp	► yarım baş ağrısı
MİĞFER	a.	Savaşçıların veya itfaiyecilerin başlarına giydikleri demir başlık; tolga
MİHENK	a.,min.	► mihenk taşı
MİHMAN	a.,esk.	► konuk
MİHNET	a.	► sıkıntı
MİHRAK	a.,esk.,fiz.	► odak
MİHRAP	a.,din b.	Cami, mescit vb. yerlerde Kâbe yönünü gösteren, duvarda bulunan ve imama ayrılmış olan oyuk veya girintili yer
MİHVER	a.,esk.	► eksen
MİKADO	a.	Japon imparatorlarına verilen ünvan
MİKALI	sf.	Yapımında mika maddesi kullanılan
MİKRON	a.,mat.	Bir metrenin milyonda biri, milimetrenin binde biri; mikrometre
MİKROP	a.,biy.	Mikroskopla görülebilen, çürümeye, mayalanmaya ve hastalıklara yol açan bir hücreli canlı; intan
MİKSER	a.,tek.	► çırpıcı
MİKTAR	a.	► nicelik
MİKYAS	a.,esk.	Bir şeyi ölçmeye yarayan alet
MİLADİ	sf.	Milada dayanan, milatla ilgili olan
MİLFÖY	a.	► milföy hamuru
MİLLET	a.	Çoğunlukla aynı topraklar üzerinde yaşayan, aralarında dil, tarih, duygu, ülkü, gelenek ve görenek birliği olan insan topluluğu; ulus, budun
MİLSİZ	sf.	Mil içermeyen
MİLYAR	sf.	Milyon kere bin, bin milyon, 1.000.000.000
MİLYEM	a.	Alaşım içindeki altın miktarını binde oranı ile ifade eden ölçü birimi
MİLYON	sf.	Bin kere bin, 1.000.000
MİMARİ	a.	► mimarlık
MİMOZA	a.,bit. b.	Baklagillerden, çiçekleri sarı, bazı türleri beyaz veya menekşe renginde, yaprakları akasya yaprağına benzeyen bir süs bitkisi; gümüşi akasya (Mimosa)
MİNARE	a.,mim.	Camilerde müezzinin ezan okuduğu, sela verdiği, şerefesi olan, çoğunlukla taştan, yüksek ve ince yapı
MİNBER	a.,mim.	Camilerde hutbe okunan merdivenli, yüksekçe yer
MİNDER	a.	İçi yumuşak bir malzeme ile doldurularak dikilen, oturmaya, yaslanmaya yarar şilte
MİNECİ	a.	Mine işi yapan kimse
MİNELİ	sf.	Mine ile süslenmiş
MİNNET	a.	Yapılan bir iyiliğe karşı kendini borçlu sayma; gönül borcu
MİNNOŞ	ünl.,tkz.	Küçük ve sevimli kimselere söylenen bir seslenme sözü
MİNTAN	a.	Yakasız, uzun kollu erkek gömleği
MİNVAL	a.,esk.	► tarz
MİNYON	sf.	İnce, küçük, çıtı pıtı
MİRÎCİ	a.,tar.	Osmanlı maliyesinde, koyunları sayıp vergilerini toplayan görevli
MİRLİK	a.	► beylik
MİSİNA	a.	Yapay ve sentetik ham maddeden tek kat çekilmiş, değişik kalınlıkta iplik
MİSKAL	a.,esk.,mat.	4,810 gram olan bir ağırlık ölçü birimi
MİSKET	a.	Mis üzümünden yapılan şarap
MİSKİN	sf.	Çok uyuşuk olan (kimse)
MİSTİK	sf.,fel.	► gizemci
MİSVAK	a.,bit. b.	Kuzey Afrika, İran ve Hindistan'da yetişen dikensiz küçük bir ağaç (Salvadora persica)
MİSYON	a.	► görev
MİTİNG	a.	Gösteri amacıyla veya bir olaya dikkati çekmek için genellikle açık yerlerde yapılan toplantı
MİTRAL	sf.,anat.	Kalpte sol kulakçık ile sol karıncık arasında bulunan kapakla ilgili
MİZAHİ	sf.	İçinde gülmece bulunan, gülmece niteliği taşıyan (yazı, karikatür vb.)
MİZANA	a.,den.	Üç veya daha çok direği bulunan yelkenli gemilerde arka direk
MOBBER	a.	343 bezdirici
MODACI	a.	Moda işleriyle uğraşan kimse
MODERN	sf.	► çağdaş
MOLALI	sf.	Mola verilen
MOMENT	a.,fiz.	Kuvvetin, bir cismi bir nokta veya bir eksen yörüngesinde döndürme etkisini belirleyen vektör niceliği
MONDEN	sf.	Toplum yaşamı ile ilgili
MONİST	sf.,fel.	► tekçi
MONİZM	a.,fel.	► tekçilik
MONOKL	a.	Kaş kemerinin altına sıkıştırılarak kullanılan tek gözlük camı
MONŞER	ünl.	"Azizim, dostum" anlamında kullanılan bir seslenme sözü
MONTAJ	a.,sin.,TV	► kurgu
MONTÜR	a.	Çeşitli takılarda taşın yerleştirildiği çerçeve
MORFEM	a.,db.	► biçim birimi
MORFİN	a.,kim.	Afyonda %10 oranında bulunan, uyuşturucu özelliği olan önemli bir alkaloit
MORİNA	a.,hay. b.	Mezgitgillerden, kuzey denizlerinde yaşayan, eti yenilen, karaciğerinden yağ çıkarılan bir tür iri balık (Gadus morhua)
MORLUK	a.	Mor olma durumu
MORULA	a.,biy.	► blastula
MOSKOF	sf.,mec.	Acımasız, zalim
MOSMOR	sf.	Her yanı mor, koyu mor
MOSTRA	a.	Örnek, göstermelik, model
MOTİVE	a.	"İsteklendirmek, güdülemek" anlamlarındaki motive etmek, "isteklenmek, güdülenmek" anlamlarındaki motive olmak birleşik fiillerinde geçen bir söz
MOTRİS	a.	Birkaç arabalı bir katarda elektrik motoru veya patlamalı motorla çalışan ve öbür arabaları çekmeye yarayan taşıt
MOYMUL	a.,hay. b.	Atmaca ve doğana benzeyen bir tür yırtıcı kuş
MOZAİK	a.	Türlü renklerde, küçük küp biçiminde mermer, taş veya pişmiş toprak parçalarının yan yana getirilmesiyle yapılan resim ve bezeme işi
MOZOLE	a.	► anıt mezar
MUADİL	sf.	► eş değer
MUALLA	sf.,esk.	Yüksek, yüce
MUAMMA	a.	► bilmece
MUARIZ	sf.,esk.	Karşı koyan, karşı çıkan
MUASIR	sf.	► çağdaş
MUAVİN	a.	► yardımcı
MUCİZE	a.,din b.	Peygamberlerin kendilerine inanmayan insanlara peygamberliklerini ispat etmek amacıyla Allah'ın iznine bağlı olarak gösterdikleri olağanüstü olaylar, hâller
MUFLON	a.	Pardösülerin içine iliklenerek veya fermuarla geçirilen bir tür çok kalın, eğreti astar
MUĞBER	sf.,esk.	► gücenik
MUĞLAK	sf.	► anlaşılmaz
MUHBİR	a.	Yasa dışı olan bir durumu yetkili makamlara bildiren kimse; ihbarcı
MUHDES	sf.	Yeni kurulan, sonradan oluşturulan
MUHKEM	sf.	► sağlam
MUHLİS	sf.,esk.	Dostluğunda ve inançlarında içten olan
MUHRİK	sf.,esk.	► yakıcı (I)
MUHRİP	a.,ask.	Torpido, top ve denizaltılara karşı silahlarla donatılmış, küçük, hızlı giden savaş gemisi; destroyer
MUHTAÇ	sf.	Bir şeye gereksinim duyan
MUHTAR	a.	Köy ve mahallenin yasalarla belirtilmiş işlerini yürütmek için o köy veya mahallede oturanların seçtikleri kimse; köy muhtarı, mahalle muhtarı
MUHTEL	sf.,esk.	► bozuk (I)
MUHZIR	a.,tar.	İlgililerin mahkemede bulunmalarını sağlayan görevli
MUİNLİ	sf.,tar.	Askere alındığında ailesine bakacak kimsesi olan
MUKAAR	sf.,esk.,mat.,fiz.	► içbükey
MUKOZA	a.,anat.	► sümük doku
MUKRİZ	sf.,esk.	Ödünç para veren, borç veren
MUMLUK	a.	► şamdan
MUNDAR	sf.,ağz.	343 murdar
MUNSAP	a.,esk.,coğ.	► kavşak
MUNZAM	sf.,esk.	Katılmış, ulanmış, eklenmiş
MURANA	a.,hay. b.	Yılan balığına benzeyen, çok yırtıcı, üst çenesi alt çenesinden daha uzun,  sıcak denizlerde yaşayan, göğüs yüzgeci olmayan, eti beğenilen bir deniz balığı; şakıt  (Muraena)
MURDAR	sf.	► kirli
MUSİKİ	a.	► müzik
MUSLİN	a.	Sık dokunmuş, parlak, ince, yumuşak bir kumaş türü
MUSLUK	a.	Takıldığı boru veya kabın içindeki akışkanı, istenildiğinde akıtabilecek bir düzende yapılmış açılır kapanır alet; burma
MUTENA	sf.,esk.	Özenilmiş, özenli bir biçimde yapılmış
MUTFAK	a.	Yemek pişirilen yer; aş damı, aşhane, ocaklık
MUTLAK	sf.	► salt
MUTSUZ	sf.	Mutlu olmayan; bedbaht, saadetsiz
MUVAZİ	sf.,esk.,mat.	► paralel
MUZLİM	sf.,esk.	► karanlık
MUZLUK	a.	Muz yetiştirilen bahçe
MUZTAR	sf.	Bir şeyi yapmak zorunda kalmış olan
MÜBREM	sf.,esk.	Çok gerekli olan, kaçınılmaz, vazgeçilmez
MÜCBİR	sf.,esk.	► zorlayıcı
MÜCMEL	sf.,esk.	Özet olarak anlatılmış, kısa ve özlü
MÜCRİM	sf.,esk.	► suçlu
MÜCVER	a.	Rendelenmiş kabağa un, yumurta, peynir, dereotu, tuz, karabiber, taze soğan katılmasıyla yapılan bir köfte türü
MÜDAFİ	a.,esk.	► savunucu
MÜDANA	a.	Yaranmaya, iyi görünmeye çalışma
MÜDARA	a.,esk.	Yüze gülme, yüze gülücülük, dost gibi görünme
MÜDAVİ	sf.,esk.	Hastaya bakan, tedavi eden (kimse)
MÜDDEA	sf.,esk.	İddia edilen
MÜDDEİ	sf.,esk.,huk.	► davacı
MÜDDET	a.	► süre
MÜDİRE	a.	Kadın müdür, kadın yönetici
MÜDRİK	sf.,esk.	Anlamış, idrak etmiş olan
MÜDRİR	sf.,esk.	► idrar söktürücü
MÜFLİS	sf.,huk.,ekon.	İflas eden; batkın
MÜFRET	a.,esk.,db.	► teklik
MÜFREZ	sf.,esk.	Bir bütünden ayrılmış
MÜFRİT	sf.	► aşırı
MÜFSİT	sf.,esk.	► arabozan
MÜHLET	a.	► vade
MÜHLİK	sf.,esk.	Öldürücü, tehlikeli
MÜHMEL	sf.,esk.	Bırakılmış, bakılmamış, ilgisizliğe uğramış
MÜJGÂN	a.,esk.	► kirpik
MÜKRİM	sf.,esk.	► ikramcı
MÜLAKİ	sf.,esk.	Buluşan, kavuşan, görüşen
MÜLHAK	sf.,esk.	Bir bütüne sonradan katılmış olan, eklenmiş
MÜLHEM	sf.,esk.	İçe doğmuş, birinin içine doğmuş, esinlenmiş
MÜLHİT	sf.,esk.	Allah’ı inkâr eden, dinsiz, imansız (kimse)
MÜLKLÜ	sf.	Mülkü olan
MÜMBİT	sf.	► verimli
MÜMKÜN	sf.	Gerçekleşme imkânı bulunan; olası
MÜMTAZ	sf.	► seçkin
MÜNADİ	a.,esk.	Kamuya duyurulmak istenilen şeyleri yüksek sesle haber vermeyi iş edinmiş olan kimse
MÜNCER	sf.,esk.	Bir yana doğru çekilip sürüklenen
MÜNHAL	sf.	► boş
MÜNHAT	sf.,esk.	► engin (II)
MÜNKİR	sf.	İnkâr eden, kabul etmeyen
MÜPHEM	sf.	► belirsiz
MÜRDÜM	a.,bit. b.	► mürdüm eriği
MÜRŞİT	a.	Müritlerine tasavvufu öğreten, sırları ve gerçekleri gösteren tarikat şeyhi
MÜRTET	sf.	Müslümanlığı bırakıp başka bir dine geçmiş olan (kimse)
MÜRVER	a.,bit. b.	Hanımeligillerden, yaprakları karşılıklı, demet durumundaki beyaz çiçeklerinden hekimlikte yararlanılan, meyvesi zeytine benzer bir ağaççık (Sambucus nigra)
MÜSAİT	sf.	Uygun, elverişli olan
MÜSAVİ	sf.	► eşit
MÜSHİL	a.	Bağırsakları çalıştırıp temizleyen, dışkının kolaylıkla dışarı atılmasını sağlayan ilaç
MÜSKAT	a.	Küçük Hindistan cevizi
MÜSMİR	sf.,esk.	► verimli
MÜSNET	sf.	Yüklenmiş olan, dayandırılan, isnat olunan
MÜSPET	sf.	► olumlu
MÜSRİF	sf.	► tutumsuz
MÜŞFİK	sf.	► sevecen
MÜŞKÜL	sf.	► zor
MÜŞRİK	sf.	Tanrı'ya ortak koşan
MÜŞTAK	sf.,esk.,db.	► kökteş
MÜTHİŞ	sf.	► korkunç
MÜZECİ	a.	Müze kuran veya müzede çalışan kimse
MÜZMİN	sf.,tıp	► süreğen
NADİDE	sf.	Az görülür, görülmedik, seyrek görülen
NAFAKA	a.	Geçinmek için gerekli olan şeylerin bütünü; geçimlik
NAFİLE	sf.	► yararsız
NAHİYE	a.,esk.	► bucak
NAKAVT	a.,sp.	Oyuncunun boks vb. dövüş sporlarında aldığı darbelerin etkisiyle yere düşüp, on saniye içinde kalkıp devam edemeyerek yenilmesi
NAKDEN	zf.	Para olarak
NAKİSA	a.,esk.	► eksiklik
NAKKAŞ	a.	Yapıların duvar ve tavanlarına birtakım resim veya şekillerle süslemeler yapan usta; bezekçi
NAKLEN	zf.	Nakil yoluyla, aktarılarak
NAKZEN	zf.,esk.	Bozarak
NALBUR	a.	At nalı yapan demirci
NALSIZ	sf.	Ayaklarında nal bulunmayan (at, eşek vb.)
NAMDAR	sf.,esk.	► ünlü
NAMECİ	a.,esk.	Mektup yazan kimse
NAMERT	sf.	Korkak, alçak, mert olmayan
NAMINA	zf.	Adına, kendisine
NAMZET	a.	► aday
NANELİ	sf.	Nanesi olan
NANKÖR	sf.	► iyilikbilmez
NANSUK	a.	Bir cins ince, sık dokunmuş patiska
NAPALM	a.,kim.	Yangın bombalarının doldurulmasında kullanılan, alüminyum veya sodyum palmitatla kıvamlaştırılmış madde
NARCIL	a.,esk.,bit. b.	► Hindistan cevizi
NARDİN	a.,bit. b.	Maydanozgillerden, çayırlarda yetişen ve hayvanlara yem olarak verilen, başakçıkları tek çiçekli küçük bir bitki (Eryngium campestre)
NARENÇ	a.,bit. b.	► turunç
NARKOZ	a.,tıp	Ameliyat yapmak için duyu, hareket ve bilincin uyuşturulması için ekseriya solunum yoluyla verilen anestezik madde
NARVAL	a.,hay. b.	Atlas Okyanusu'nun Antartika bölgesinde yaşayan bir tür balina; nar balinası (Monodon monoceros)
NARVEN	a.,bit. b.	► karaağaç
NASFET	a.,esk.	► hakkaniyet
NATIKA	a.	Düşünüp söyleme yeteneği
NATRON	a.,kim.	Hidratlı doğal sodyum karbonat
NATURA	a.	İnsanın yaradılış özelliği
NAVLUN	a.	Bir yerden başka yere ulaştırmak için gemiye alınan eşyanın bütünü
NAYLON	a.	Dayanıklı ve esnek döküm maddesi
NAZARİ	sf.,esk.	► kuramsal
NAZİRE	a.	Karşılık olarak, benzetilerek yapılan davranış, söz
NAZİST	sf.	Nazizm yanlısı; Hitlerci
NAZMEN	zf.	Şiir olarak
NEBATİ	sf.,esk.	► bitkisel
NEBBAŞ	a.,esk.	► mezar soyguncusu
NEBEVİ	sf.	Peygamberle ilgili, peygambere ilişkin
NEDİME	a.	Gelinin düğün sırasında ihtiyaçlarını karşılamak üzere yanında bulunan yakın kız veya kadın arkadaşı
NEDRET	a.,esk.	Nicelik bakımından alışılanın, umulanın veya gerekenin altında olma durumu; azlık, seyreklik
NEFRET	a.	Bir kimsenin kötülüğünü, mutsuzluğunu istemeye yönelik duygu
NEFRİT	a.,tıp	Böbrekte görülen iltihap
NEFTÇİ	a.,tar.	Kale kuşatmalarında surlara tırmanmaya çalışan düşman askerlerinin üzerine yağ dökmekle görevli asker
NEHARİ	sf.,esk.	► gündüzlü
NEKAİS	esk.	Noksanlıklar
NEKROZ	a.	Canlı maddelerin fiziksel ve kimyasal değişimi
NEKTAR	a.	Meyvenin özü
NEMCİL	sf.,bit. b.	Nemden ve nemli yerden hoşlanan (bitki); higrofil
NEMRUT	sf.	Yüzü gülmeyen
NEODİM	a.,kim.	Atom numarası 60, atom ağırlığı 144,3, yoğunluğu 6,96 olan, seryumdan daha sert bir element (simgesi Nd)
NEOJEN	a.,jeol.	Üçüncü Çağ’ın bölündüğü dört büyük devirden son ikisi olan pliyosen ile miyoseni birden kavrayan sistem
NEREDE	zf.	Hangi yerde?
NERELİ	sf.	Birinin memleketini sormak için kullanılan bir söz
NERESİ	zm.	Hangi yönü, ne tarafı?
NEREYE	zf.	Hangi yere?
NERGİS	a.,bit. b.	Nergisgillerden, bazı türlerinde beyaz, bazılarında sarı renkte olan çiçekleri ayrı veya bir kök sap üzerinde şemsiye durumunda, açılmadan önce bir yenle örtülü bulunan, 20-80 santimetre yüksekliğinde, soğanlı bir süs bitkisi (Narcissus)
NERVÜR	a.	Bir veya iki milimlik pile
NESNEL	sf.	Nesne ile ilgili, nesneye ilişkin; objektif,  öznel karşıtı
NESREN	zf.,esk.	Nesir olarak, düzyazı olarak
NEŞELİ	sf.	Neşesi olan; keyifli, pürneşe
NEŞİDE	a.,esk.	Bir toplulukta okunmaya değer şiir
NEŞREN	zf.,esk.	Yayım yoluyla
NEŞTER	a.,tıp	Cerrahide kesme işlemlerinde kullanılan bıçak; bisturi
NETİCE	a.	► sonuç
NETLİK	a.	Net olma durumu
NEVALE	a.	► azık
NEVMİT	sf.,esk.	► umutsuz
NEVROZ	a.,ruh b.	Genellikle bunalım ve beden görevleri üzerinde yakınmalarla beliren, kişiliğin ve uyumun bütününü etkilemeyen, ruhsal kaynaklı sinir hastalığı; sinirce
NEVRUZ	a.	Eski takvimlere göre yılın ve baharın ilk günü sayılan martın yirmi birine rastlayan gün
NEVTON	a.,fiz.	Uluslararası birim sisteminde, kütlesi 1 kilogram olan cisme saniye karede 1 metrelik bir ivme veren güç birimi
NEVZAT	a.,esk.	Yeni doğan çocuk
NEYMİŞ		söylendiğine göre, güya
NEYZEN	a.,müz.	Ney çalan kimse
NEZGEP	a.	Başa takılan bürgü ve saçları tutmaya yarayan üzerinde eski Türk motifleri bulunan başlık
NİHALE	a.	Sofrada kullanılan, tencere, çaydanlık veya tava altlığı
NİKBET	a.,esk.	Talihsizlik, felaket
NİKBİN	sf.,esk.	► iyimser
NİKRİS	a.,esk.,tıp	► damla hastalığı
NİKRİZ	a.,müz.	Klasik Türk müziğinde, dizisi bir sekizli içinde gösterilebilen basit görünüşlü bir birleşik makam
NİMBUS	a.,meteor.	► kara bulut
NİSPET	a.	► oran
NİSYAN	a.,esk.	► unutma
NİŞANE	a.	► nişangâh
NİTRAT	a.,kim.	Nitrik asit tuzu
NİZALI	sf.	► kavgalı
NİZAMİ	sf.	İstenilen düzende olan, düzene uygun olan, kurallara uygun olan
NOBRAN	sf.	Davranışı kaba, sert ve gönül kırıcı olan; nadan
NOHUDİ	a.	► nohut rengi
NOKSAN	sf.	► eksik
NORDİK	sf.	Kuzeye ilişkin
NORMAL	sf.	Alışılmış olan; olağan
NOSYON	a.,fel.	► kavram
NÖTRON	a.	Yaklaşık olarak proton ağırlığında ve elektrik yüklü olmayan bir atom cisimciği
NUMARA	a.	Bir şeyin bir dizi içindeki yerini gösteren sayı, rakam
NUMUNE		► örnek
NURANİ	sf.	► ışıklı
NURSUZ	sf.	Saygı uyandırmayan, sevimsiz
NÜDİST	a.	Her yerde çıplak gezmeyi savunan kimse
NÜDİZM	a.	Her yerde çıplak yaşamayı savunan bir anlayış
NÜHÜFT	a.,esk.,müz.	Klasik Türk müziğinde bir birleşik makam
OBRUMA	a.	► çökme
OBUACI	a.	Obua çalan kimse
OBURCA	zf.	Doymak bilmez bir biçimde; oburcasına
OCAKÇI	a.	► ateşçi
OCAKLI	sf.	Ocağı olan, içinde ocağı bulunan
OCUMAK	-den,ağz.	Bir şeyden soğumak
ODACIK	a.	Küçük oda
ODALIK	a.,esk.	Bir erkeğin nikâhsız olarak aldığı kadın
ODAŞIK	a.	Aynı odada oturan veya çalışanlardan her biri
ODUNCU	a.	Odun kesen veya satan kimse
ODUNLU	sf.	Odunu olan
ODUNSU	sf.	Odunu andıran, oduna benzeyen, odun gibi; odunumsu
OFLAMA	a.	Oflamak işi
OFSAYT	a.,sp.	Futbolda hücuma geçen takımın en az bir oyuncusunun kafasının, vücudunun veya ayağının bir bölümünün topla oynandığı anda rakip takımın kale çizgisine, o takımın en yakın oyuncusundan daha yakın bulunması durumu
OĞULLU	sf.	Oğlu olan
OHLAMA	a.	Ohlamak işi
OJESİZ	sf.	İçinde oje bulunmayan (şişe vb.)
OKEYCİ	a.	Okey oynayan kimse
OKKALI	sf.	Kiloca fazla olan, ağır çeken
OKLAMA	a.	Oklamak işi
OKLAVA	a.	Hamur açmakta kullanılan, silindir biçiminde, uzunca, ince değnek
OKRAMA	a.	Okramak işi
OKSİDE	sf.	Paslanmış
OKŞAMA	a.	Okşamak işi; okşantı
OKTANT	a.,gök b.	Yıldızların birbirlerine olan uzaklıklarını veya ufuk çizgisinden 450o C’lik yükseklikteki yıldızları gözlemeye yarayan alet
OKTRUA	a.,esk.	Şehre giren bazı mallardan alınan vergi
OKULLU	a.	Bir okula devam eden kimse, öğrenci
OKUMAK	-i	Bir metni sadece harf ve işaretlere bakıp anlamak veya metni seslendirmek
OKUMUŞ	sf.	Okuyarak bilgisini genişletmiş, öğrenim görmüş (kimse)
OKUNMA	a.	Okunmak işi
OKUNTU	a.,ağz.	Küçük armağanlarla yapılan düğün çağrısı
OKUNUŞ	a.	Okunmak işi
OKUTMA	a.	Okutmak işi
OKUTUŞ	a.	Okutmak işi
OKUYUŞ	a.	Okumak işi
OKÜLER	a.,fiz.	Optik aletlerinde objektiften aldığı ışınları göze veren mercek sistemi
OLACAK	sf.	Olması, yapılması uygun olan
OLAĞAN	sf.	Sık sık olan, olagelen, doğal biçimde olan, olmadık karşıtı
OLAMAZ	sf.	Olmasını önleyecek derecede güçlü engelleri bulunan; olanaksız
OLANAK	a.	Olabilecek durumda bulunma
OLANCA	sf.	Bütün, elde bulunanın hepsi; son
OLAYCI	sf.,fel.	► görüngücü
OLAYLI	sf.	Olayı olan, olay çıkmış olan; hadiseli
OLEFİN	a.,kim.	Etilen gibi yapısına başka bir öge veya kök sokulabilen, karbonlu hidrojenlerin genel adı
OLGUCU	sf.,fel.	Olguculukla ilgili olan, olguculuk yanlısı; pozitivist
OLİVİN	a.,jeol.	Sarımsı yeşil renkli, cam parıltılı, magnezyum ve demirli silikat; peridot
OLTACI	a.	Balık avlamada kullanılan gereçleri satan kimse
OLUKLU	sf.	Oluğu olan
OLUMLU	sf.	Gözetilen amaca veya beklenilene uygun, yararlı; müspet, pozitif
OLUNMA	a.	Olunmak işi veya durumu
OLUŞMA	a.	Oluşmak işi; oluş, tekevvün, teşekkül
OLUŞUK	sf.	Oluşmuş olan
OLUŞUM	a.	Oluşmak işi; teşekkül, teşkil
OMURGA	a.	Sırt boyunca uzanarak vücuda destek sağlayan, kemikten, kıkırdaktan veya her ikisinden oluşan, içinde omuriliği barındıran kemik yapı
OMUZLU	sf.	Omzu olan
ONAMAK	-i	Bir işi doğru ve uygun bulmak; tasvip etmek
ONANMA	a.	Onanmak işi
ONARIM	a.	Onarmak işi; tamirat, tamir
ONARIŞ	a.	Onarmak işi
ONARLI	sf.	Onar onar sıralanmış
ONARMA	a.	Onarmak işi
ONAŞMA	a.	Onaşmak durumu
ONATMA	a.	Onatmak işi
ONAYLI	sf.	Onaylanmış olan; tasdikli, musaddak
ONBAŞI	a.,ask.	On ere kumanda eden asker, erin üstündeki ilk rütbe
ONCASI	zm.	O kadarı
ONDÜLE	sf.	Dalgalı, kıvrımlı, kıvrılmış (saç)
ONEJİT	a.,min.	Hidratlı doğal oksit
ONULMA	a.	Onulmak işi
ONUNCU	sf.	On sayısının sıra sıfatı, sırada dokuzuncudan sonra gelen
ONUNKİ	sf.	Onun olan, onunla ilgili olan
ONURLU	sf.	Onuru olan veya onurunu üstün tutan; haysiyetli, alicenap
OOSFER	a.,biy.	► yumurta hücresi
OPALİN	a.	Opali andıran camdan yapılmış vazo, kupa vb
OPERET	a.	Eğlenceli, hafif konulu, içinde bestesiz konuşmalar bulunan sahne eseri
ORACIK	a.	Hemen o yer, bulunduğu yer
ORADAN	zf.	Sözü edilen yerden
ORAKÇI	a.	Ücret karşılığı ekin biçen kimse
ORANCA	zf.	Oran bakımından, orana göre
ORANLA	e.	Herhangi bir şeye göre, herhangi bir şeyle kıyaslayarak; nispetle, nispeten
ORANLI	sf.	Kendinde oran bulunan; nispetli, mütevazin
ORANTI	a.	Bir şeyi oluşturan parçaların kendi aralarında ve parçalarla bütün arasında bulunan uygunluk; oran, tenasüp
ORDİNO	a.	Bir poliçenin arkasına ciro edildiği kişiye ödenmesi için yazılan havale emri
ORDÖVR	a.	► yemekaltı
ORDUCU	a.,tar.	Savaş alanına gitmek için yola çıkan Osmanlı ordusunun her türlü gereksinimini sağlamak için birlikte giden zanaatçılar ve esnaf
ORGAZM	a.	Cinsel uyarım ve zevkin en yüksek noktası; doyum
ORİJİN	a.	Soy sop
ORKİDE	a.,bit. b.	Salepgillerden, doğada, çiçeklerinin güzelliği dolayısıyla camekânlarda da yetiştirilen, birtakım bitki türlerinin ortak adı
OROSPU	a.,kaba	► fahişe
ORTADA	sf.,sp.	Sonucu belli olmayan (karşılaşma)
ORTALI	sf.	Ortası olan
ORUÇLU	sf.	Oruç tutan (kimse); niyetli, ağzı kilitli
OSURMA	a.	Osurmak işi
OSURUK	a.,kaba	► yellenme
OSURUŞ	a.	Osurmak işi
OTAĞCI	a.	Otağ yapan veya satan kimse
OTAMAK	-i,ağz.	Bitkinin yaprak veya köklerini vererek bir hastalığı iyi etmeye çalışmak, tedavi etmek; otalamak
OTARMA	a.	Otarmak işi
OTARSİ	a.	Bir ülkede ekonomik alandaki gereksinimleri kendi kendine karşılamaya yönelen tutum
OTELCİ	a.	Otel sahibi kimse
OTLAMA	a.	Otlamak işi
OTOBAN	a.	► otoyol
OTOBUR	sf.,hay. b.	Otla beslenen (hayvan); otçul, bitkicil, herbivor
OTOBÜS	a.	Yolcu taşıyan, motorlu büyük taşıt
OTOGAR	a.	Şehirler arası çalışan motorlu taşıtların yolcularını aldıkları ve indirdikleri yer
OTOGAZ	a.	Taşıtlarda yakıt olarak kullanılan sıvılaştırılmış petrol gazı
OTOKAR	a.	Toplu geziler için yapılmış büyük otobüs
OTOLİT	a.,anat.	► işitme taşı
OTOMAN	a.	Bir tür ipekli kumaş
OTOMAT	a.	Canlı bir varlığın yapabileceği bazı işleri yapan mekanik veya elektrikli araç
OTONOM	sf.	► özerk
OTOPSİ	a.,tıp	Ölüm sebebini belirlemek amacıyla bir cesedi inceleme işi; ölü açımı
OTORAY	a.	Ray üzerinde işleyen motorlu taşıma aracı
OTOYOL	a.	Hızlı bir trafik akımı sağlamak amacıyla yapılan, çok şeritli, çift yönlü, geniş yol; otoban
OTURAK	a.	Oturulacak yer veya şey
OTURMA	a.	Oturmak işi; kuut
OTURUM	a.	Bir meclis veya kurulun çözümlenmesi gereken sorunları görüşüp tartışmak için yaptığı birleşimlerden her biri; celse
OTURUŞ	a.	Oturmak işi
OTUZAR	sf.	Otuz sayısının üleştirme sayı sıfatı
OTUZLU	sf.	Otuz parçası bulunan, otuz parçadan oluşan
OVALIK	sf.	Ovası olan, ovalarla kaplı
OVASIZ	sf.	Ovası olmayan
OVOGON	a.,biy.	Su yosunu, mantar gibi ilkel bitkilerde dişi cinslik hücresi
OVOLİT	a.,jeol.	İç içe mineral kabuklardan oluşan balık yumurtası biçiminde kalker
OVULMA	a.	Ovulmak işi
OVUNMA	a.	Ovunmak işi
OYLAMA	a.	Oy kullanma işi
OYMACI	a.	Oyma işleri yapan sanatçı
OYMALI	sf.	Oymaları bulunan, oymalarla süslenmiş olan
OYNAMA	a.	Oynamak işi
OYSAKİ	bağ.	► oysa
OYUKLU	sf.	Oyuğu olan, oyukları bulunan
OYULGA	a.,ağz.	Elle yapılan kalın, seyrek dikiş
OYULMA	a.	Oyulmak işi
OYULUŞ	a.	Oyulmak işi
OYUNCU	a.,sp.	Herhangi bir takımda oynayan sporcu
OYUNTU	a.	Oyulmuş bölüm
OZALİT	a.	Yüzeyi ışığa karşı duyarlı bir madde ile kaplı kâğıt üzerine, kalıptan çekilmiş resim kopyası
OZANCA	sf.	► şairane
OZANSI	sf.	► şairimsi
OZONLU	sf.	Bileşiminde ozon bulunan
OZONÜR	a.,kim.	Ozonun çift bağlı organik maddelerle meydana getirdiği katılma bileşiği
ÖBÜRKÜ	zm.	► öteki
ÖDEGEÇ	a.	Belli bir miktara kadar yapılacak ödemelerde imza ve şifre gerektirmeden kartla ödeme yapma işlemi
ÖDEMEK	-i	Bir alışveriş ilişkisinde, borcu alacaklıya vermek; tediye etmek
ÖDEMLİ	sf.	Ödemi olan
ÖDENCE	a.,huk.	► tazminat
ÖDENEK	a.	Bir iş için ayrılan belli para; tahsisat
ÖDENİŞ	a.	Ödenmek işi
ÖDENME	a.	Ödenmek işi
ÖDENTİ	a.	► aidat
ÖDEŞME	a.	Ödeşmek işi; fit (II)
ÖDETME	a.	Ödetmek işi
ÖDEVLİ	sf.	Ödev yüklenmiş olan; vazifeli
ÖDEYİŞ	a.	Ödemek işi
ÖDÜNCÜ	sf.	Ödün veren; tavizci, tavizkâr
ÖDÜNLÜ	sf.	Ödün niteliğinde olan, ödün vererek yapılan; ivazlı
ÖFKELİ	sf.	Öfkelenmiş olan; cinli, hiddetli, pürhiddet
ÖGLENA	a.,hay. b.	Tatlı sularda yaşayan, kamçı biçimindeki uzantısı ile hareket eden mekik biçimindeki bir hücreli
ÖĞRETİ	a.,fel.	Bilimde, felsefede bir görüşü bir sistem içinde belli bir anlayışa, düşünceye dayalı olarak oluşturan ilke ve dogmalar bütünü; doktrin
ÖĞÜRME	a.	Öğürmek işi
ÖĞÜRTÜ	a.	Öğürmek işi
ÖĞÜRÜŞ	a.	Öğürmek işi
ÖĞÜTÇÜ	a.	Öğüt veren kimse; nasihatçi
ÖĞÜTME	a.	Öğütmek işi
ÖĞÜTÜŞ	a.	Öğütmek işi
ÖKÇELİ	sf.	Ökçesi olan veya ökçesi yüksek olan; topuklu
ÖKELİK	a.	Öke olma durumu
ÖKSEME	a.	Öksemek durumu
ÖLÇMEK	-i	En, boy, hacim, süre gibi nicelikleri kendi cinslerinden seçilmiş bir birimle karşılaştırıp kaç birim geldiklerini belirtmek
ÖLÇÜLÜ	sf.	Ölçüsü alınmış, ölçülmüş
ÖLÜEVİ	a.	Cenaze sahibinin evi
ÖLÜLÜK	a.	Cansız kalma durumu; cansızlık
ÖLÜMLÜ	sf.	Sonunda mutlaka ölecek olan; kalımsız, fâni
ÖLÜNME	a.	Ölünmek işi veya durumu
ÖMÜRLÜ	sf.	Ömrü uzun olan
ÖNAYAK	a.,mec.	"Diğerlerine örnek olmak üzere bir işe ilk önce başlamak" anlamındaki önayak olmak deyiminde geçer
ÖNCECİ	a.	Bir şeyi ilk olarak ve başkalarından önce yapma veya ortaya atma; inisiyatif
ÖNCEKİ	sf.	Önce olan; evvelki, evveli
ÖNEMLİ	sf.	Önemi olan; mühim, ehemmiyetli, mihver
ÖNERGE	a.,huk.	Meclis, kongre vb. resmî bir toplantıda, herhangi bir konu veya sorunla ilgili olarak bir öneride bulunmak için üyelerden biri veya birkaçı tarafından başkanlığa verilen, oya sunularak karar verilmesi istenen yazılı kâğıt; takrir
ÖNERİŞ	a.	Önermek işi
ÖNERME	a.	Önermek işi
ÖNERTİ	a.,man.	Şartlı bir önermenin şartı anlatan ön bölümü: "Duman çıkıyorsa ateş vardır" sözünde "duman çıkıyorsa" şartı bir önertidir
ÖNGÖRÜ	a.	Bir işin ilerisini kestirme veya bir işin nasıl bir yol alacağını önceden anlayabilme ve ona göre davranma
ÖNLEME	a.	Önlemek işi
ÖNOLOG	a.	Şarapla ve şarap yapımıyla ilgilenen kimse
ÖNSEZİ	a.	Hiçbir belirti yokken bir şeyin olacağını sezme, içe doğma; hissikablelvuku, altıncı duyu, altıncı his
ÖPÜCÜK	a.	Sevgi göstermek için dudaklarıyla başka birisinin elini yüzünü öpme; öpüş, buse
ÖPÜLME	a.	Öpülmek işi
ÖPÜLÜŞ	a.	Öpülmek işi
ÖPÜŞME	a.	Öpüşmek işi
ÖRGÜCÜ	a.	Örgü örüp satan kimse
ÖRGÜLÜ	sf.	Örgüsü olan, örgü biçiminde bulunan
ÖRMELİ	sf.	Örülerek yapılmış
ÖRTBAS	a.	"Bir durumun, bir olayın duyulmamasını, yayılmamasını sağlayan önlemler almak" anlamındaki örtbas etmek ve "bir durum, bir olay duyulmamak, yayılmamak" anlamındaki örtbas olmak deyimlerinde geçer
ÖRTMEK	-i	Korumak, görünmez duruma getirmek veya gizlemek için üstüne bir şey koymak
ÖRTÜCÜ	a.	Örtü yapan veya satan kimse
ÖRTÜLÜ	sf.	Örtüsü olan
ÖRÜLME	a.	Örülmek işi
ÖRÜLÜŞ	a.	Örülmek işi
ÖRÜMCE	a.,ağz.	► örümcek
ÖRÜNTÜ	a.	Olay veya nesnelerin düzenli bir biçimde birbirini takip ederek gelişmesi
ÖRÜŞÜK	sf.	İç içe geçmiş
ÖSTAKİ	a.,anat.	► östaki borusu
ÖŞÜRCÜ	a.	Öşür alan, toplayan görevli; aşarcı
ÖTLEĞİ	a.,ağz.	Bir cins kartal
ÖTÜMLÜ	sf.,db.	► tonlu
ÖTÜRME	a.	Ötürmek işi
ÖTÜRÜK	a.,ağz.	► ishal
ÖTÜŞME	a.	Ötüşmek işi
ÖVGÜCÜ	a.	Birini veya bir şeyi öven kimse; övücü
ÖVÜLME	a.	Övülmek işi
ÖVÜLÜŞ	a.	Övülmek işi
ÖVÜNCE	a.	Övünmeye yol açan veya hak kazandıran şey
ÖVÜNEK	a.	Övünülecek şey, övünç kaynağı veya sebebi
ÖVÜNME	a.	Övünmek işi; kıvanç, kıvançlanma, övünç, iftihar, tefahür, temeddüh
ÖVÜNTÜ	a.	Övünülecek tutum veya davranış
ÖVÜNÜŞ	a.	Övünmek işi
ÖYKÜCÜ	a.	► hikâyeci
ÖYLECE	zf.	Tam öyle; o biçimde, o şekilde
ÖYLESİ	sf.	Ona benzer, onun gibi
ÖZBEÖZ	sf.	Gerçek ve öz olan
ÖZCESİ	zf.	Özet olarak
ÖZELGE	a.	Bir konudaki görüşü ve yapılması gereken uygulamayı bildiren yazı
ÖZELİK	a.,fel.	Herhangi bir durumu gösterebilme yeteneği
ÖZEMEK	-i,ağz.	Yoğurt, pekmez vb. koyu şeyleri suyla inceltmek, sulandırmak
ÖZENİŞ	a.	Özenmek işi
ÖZENLE	zf.	Titizlik göstererek
ÖZENLİ	sf.	Özen gösterilerek yapılan (iş); itinalı
ÖZENME	a.	Özenmek işi
ÖZENTİ	a.	Beğendiği bir durumda olma, beğendiği şeye benzeme çabası
ÖZEZER	a.,ruh b.	Cinsel zevk almak için kendisine eziyet edilmesi gereken veya eziyet çekerek cinsel zevk alan sapkın kimse; mazoşist
ÖZGECİ	sf.	Kişisel yarar gözetmeksizin başkasına yararlı olmaya çalışan (kimse); özgecil, diğerkâm
ÖZLEME	a.	Özlemek işi; iştiyak
ÖZÜNLÜ	sf.,fel.	Bir şeyin aslında veya gerçeğinde olan, ilinekle ilgili olmayıp özde bulunan; deruni, zatî, dışınlı karşıtı
ÖZÜRLÜ	sf.	Özrü olan
ÖZVERİ	a.	Bir amaç uğruna veya gerçekleştirilmesi istenen herhangi bir şey için kendi çıkarlarından vazgeçme; fedakârlık
PAÇACI	a.	Kasaplık hayvanların ayaklarını satan kimse
PAÇALI	sf.	Herhangi bir biçimde paçası olan
PAGODA	a.	Çin, Japonya vb. Uzak Doğu ülkelerinde kule biçiminde yapılmış tapınak; stupa
PAHACI	a.	Pahalı mal satan kimse
PAHALI	sf.	Fiyatı yüksek olan; fiyatlı, ucuz karşıtı
PAKLIK	a.	► temizlik
PALDIM	a.	Yük ve binek hayvanının, semer veya eyerinin ileri kaymasını önlemek için arka ayaklarının kaba etleri üzerinden geçirilen kayış
PALYOŞ	a.	Kısa ve iki yanı keskin, düz kılıç
PANAMA	a.	Orta Amerika'da yetişen bir bitkinin yapraklarından örülmüş yumuşak hasır şapka
PANCAR	a.,bit. b.	Ispanakgillerden, vitamince zengin bir bitki; çükündür (Beta vulgaris)
PANDİF	a.	► pantufla
PANDİK	a.	"Elle sarkıntılık etmek"anlamındaki pandik atmak ve "elle sarkıntılığa uğramak" anlamındaki pandik yemek deyimlerinde geçen bir söz
PANDÜL	a.,fiz.	► sarkaç
PANJUR	a.	Güneşi ve rüzgârı önlemeye, ışığı azaltmaya yarayan, açılır kapanır dar ve yatay tahtadan, plastikten veya metal gereçlerden yapılmış, pencereye takılan kapatma düzeneği
PANTER	a.,hay. b.	► pars
PANZER	a.	İkinci Dünya Savaşı'nda Alman ordusunun kullandığı, günümüzde polisin kanunsuz sokak gösterileri gibi hareketleri bastırmak için yararlandığı, yüksek tekerlekli, zırhlı, hafif silahlarla donatılmış araç
PAPARA	a.	Ekmek, peynir ve et suyu veya süt ile yapılan bir yemek türü
PAPAYA	a.,bit. b.	Amerika'nın sıcak bölgelerine özgü, sarı, kavuna benzer bir tür meyve
PAPAZİ	a.	İnce dokunmuş, mavi, pembe, fıstıki renklerde ipek kumaş
PAPURA	a.,esk.	İki çift öküzle çekilen ağır saban
PAPYON	a.	Kelebek biçiminde, bir çengelle veya lastik bağla yakaya tutturulan kravat; papyon kravat
PARACA	zf.	Para ile ilgili olarak, para bakımından
PARACI	sf.	Parayı seven (kimse)
PARADİ	a.	Bir tiyatroda en üst balkon
PARALI	sf.	Parası çok olan, zengin (kimse)
PARDON	a.	"Özür dilerim, affedersiniz" anlamlarında kullanılan bir söz
PARFÜM	a.	Güzel koku
PARİTE	a.	İki ülke parasının karşılıklı değeri
PARKÇI	a.	Parkı işleten kimse
PARKUR	a.	Binicilik, bisiklet, atletizm, yürüyüş, koşu vb. sporların yapıldığı özel yol
PARLAK	sf.	Parlayan, ışıldayan, pırıltılı olan
PARMAK	a.,anat.	İnsanda ve bazı hayvanlarda ellerin ve ayakların son bölümünü oluşturan, boğumlu, oynak, uzunca organların her biri
PARODİ	a.,tiy.	Ciddi sayılan bir eserin bir bölümü veya bütününü alaya alarak, biçimini bozmadan ona bambaşka bir özellik vererek biçim ile öz arasındaki karşıtlık kullanılarak gülünç etki yaratan bir oyun türü
PAROLA	a.	Askerlerin birbirlerini tanımalarını sağlayan ve kendi aralarında önceden kararlaştırdıkları kelime veya söz
PARSEL	a.	İmar yasalarına göre ayrılıp sınırlanmış arazi parçası
PARTAL	sf.	Çok kullanılmaktan yıpranmış
PARTER	a.	Tiyatro, sinema vb. yerlerde, sahnenin bulunduğu ilk kat ve burada bulunan koltuklar
PASATA	a.	Bir tür kumar oyunu
PASKAL	sf.	Güldürücü, soytarı
PASPAL	sf.	Bakımsız, dağınık, pis (kimse, kılık vb.)
PASPAS	a.	Ayakkabıların altını temizlemek için kapı önlerine konulan kıl, plastik vb.nden yapılmış yüzü tırtıklı silecek
PASSIZ	sf.	Pası olmayan
PASTAL	a.,ağz.	Tütün yaprağı dizisi
PASTAV	a.,esk.	Çuha kumaşının sarıldığı top
PASTEL	a.	► pastel boya
PASTİL	a.	Genellikle boğaz enfeksiyonlarına karşı ağızda emilerek kullanılan ilaç
PASTİS	a.	Anason kokulu bir tür alkollü içki
PASTİŞ	a.	Başka sanatçıların eserlerini taklit yoluyla meydana getirilen sanat eseri
PASTRA	a.	► pişti
PAŞALI	a.,tar.	Paşa sanını alan büyük devlet adamlarının yakın hizmetinde bulunan gedikli ağa
PATENT	a.	► buluş belgesi
PATİKA	a.	Engebeli yerlerden gelip geçenlerin ayak izlerinden oluşan, tekerlekli araç işlemeyen dar yol; çığır, izlek, keçi yolu, yolak
PATLAK	sf.	Patlayarak açılmış; yarık, yırtık
PATPAT	a.,bit. b.	Kökü yumru biçiminde şişkin, Doğu Anadolu'da yetişen bir bitki
PATRİK	a.,din b.	Ortodoks ve bazı Doğu kiliselerinin başkanı
PATRON	a.	Bir ticaret veya sanayi kurumunun sahibi, başı
PAVYON	a.	Bir kuruluşun, bir kurumun, bir bahçe içindeki yapılarından her biri
PAYDAŞ	a.	► hissedar
PAYDOS	a.	İşi veya çalışmayı geçici olarak bırakma
PAYTAK	sf.	Çarpık, eğri bacaklı
PAYTON	a.	► fayton
PAZILI	sf.	Pazısı olan
PAZVAL	a.	Kunduracıların çalışırken kundurayı dizleri üzerinde tutmak için kullandıkları kayış
PEÇELİ	sf.	Yüzünü örtmek için peçe takmış olan
PEÇETE	a.	Yemek yerken giysiyi korumak, ağız ve elleri silmek için kullanılan ince, yumuşak kâğıt veya kumaş parçası; peşkir
PEHPEH	ünl.	Beğenme, şaşma, küçümseme veya yergi anlatan bir söz
PEKÂLÂ	sf.	Benzerlerinden aşağı olmayan
PEKENT	a.,jeol.	Kolayca geçit vermeyen, aşılması çok güç doğal engel
PEKİYİ	a.	Öğretimde, öğrencinin değerlendirilmesinde kullanılan en yüksek başarı derecesi
PEKLİK	a.	Pek olma durumu
PEKMEZ	a.	Genellikle üzüm, dut vb. meyvelerin kaynatılarak koyulaştırılmış biçimi
PEKTİN	a.	Bitki dokularında bulunan renksiz, metil grubundan madde
PELEME	a.	► pereme
PELENK	a.,esk.,hay. b.	► pars
PELTEK	sf.	Dilini dişlerinin arasına alır gibi konuşan ve bu yüzden s, z gibi sesleri kusurlu söyleyen (kimse)
PENCİK	a.,tar.	Asker yetiştirilmek için savaş tutsaklarından beşte bir oranında ayrılan acemi oğlanı adayı
PENTAN	a.,kim.	Formülü C5H12 olan doymuş hidrokarbon
PENTÜR	a.	► boyama
PEPEME	sf.	► pepe
PEPSİN	a.,biy.	Mide mukozasının salgıladığı proteinli besinleri peptona çeviren enzim
PEPTON	a.,biy.	Vücutça özümlenebilecek duruma gelmiş proteinli besin
PERÇEM	a.	► kâkül
PERÇİN	a.	İki veya daha çok parçayı birbirine bağlamak için geçirilen iki ucu dövülerek baş durumuna getirilmiş çivi veya madenî parça
PERDAH	a.	Bir nesneye parlaklık verme
PEREME	a.	Bordası çok kavisli, ön ve kıç tarafları yüksek, gondola benzeyen, yakın sahillerde yük ve hayvan taşımacılığında kullanılan bir kayık; peleme
PERESE	a.	Duvar ustalarının düzgün duvar yapmak için  doğrultu bulmakta kullandıkları şakul ipi
PERGEL	a.,mat.	Yay veya çember çizmekte ve ölçmekte kullanılan araç; yayçizer
PERHİZ	a.	► diyet (II)
PERİLİ	sf.	Kötü ruhlar bulunduğuna inanılan, tekin olmayan (yer)
PERLİT	a.,kim.	Erimiş sodyum, potasyum, alüminyum silikattan ibaret olan cam gibi bir volkanik kayadan patlatılarak pudra hâline getirilmiş bulunan, hazır sıva, hafif levha yapımında, izolasyon işinde, yem maddelerinin preslenmesinde kullanılan yardımcı bir madde
PERLON	a.	İlk olarak Almanya'da yapılan sentetik dokuma ipliği
PERUKA	a.	► takma saç
PERVAZ	a.	Kapı, pencere vb. yerlerin kenarlarına geçirilen ensiz parça
PESETA	a.	İspanya’nın para birimi
PESTİL	a.	İnce yufka biçiminde kurutulmuş meyve ezmesi; bastık
PEŞKEŞ	a.	Yaranmak amacıyla uygunsuz olarak verilen şey
PEŞKİR	a.	Genellikle pamuk ipliğinden dokunmuş ince havlu
PEŞREV	a.,müz.	Klasik Türk müziğinde faslın giriş taksiminden sonra, şarkıdan önce çalınan parça
PETROL	a.	Yoğunluğu 0,8-0,95 arasında olabilen, hidrokarbürlerden oluşmuş, kendisine özgü kokusu olan, koyu renkli, arıtılmamış, doğal yanıcı mineral yağ; yer yağı
PEYDAH	sf.	► peyda
PEYNİR	a.	Maya ile katılaştırılarak sütten yapılan ve birçok türü olan besin
PEYREV	a.,esk.	Başkasının izinden giden
PEYZAJ	a.	Kır resmi
PIRASA	a.,bit. b.	Zambakgillerden, sapından ve yapraklarından yararlanılan, çok yıllık bir kış sebzesi (Allium porrum)
PIRLAK	a.	Doğan, atmaca vb. yırtıcı kuşları yakalamada çağırtkan olarak kullanılan, avcılarca bir kafes içinde av yerine bırakılan kuş
PIRNAL	a.,bit. b.	Kışın yapraklarını dökmeyen bir tür çalı meşesi (Quercus ilex)
PIRPIR	a.	Tek veya çift motorlu küçük uçak
PIRPIT	sf.	Eski püskü, değersiz, işe yaramayan
PISMAK	nsz.	► sinmek
PIŞPIŞ	a.	Elle hafifçe vurma veya okşama sesi
PITRAK	a.,bit. b.	Sarı çiçekli, dikenli bir yıllık otsu bitki (Xantium spinosum)
PİANTA	a.	Ayakkabı tabanının geniş bırakılan kenarı
PİÇLİK	a.	Piç olma durumu
PİÇUTA	a.	Bir tür iri palamut balığı
PİDECİ	a.	Pide yapan veya satan kimse
PİDELİ	sf.	Pidesi olan, pideyle yapılan
PİJAMA	a.	Alt ve üst olmak üzere iki parçadan oluşan yatak giysisi
PİKNİK	a.	Yemek yemek, eğlenmek için açık alanda yapılan günübirlik gezinti
PİKOCU	a.	Piko yapan kimse
PİKOLO	a.,bit. b.	Büyüklüğü 5 milimetreden küçük fındık içi
PİLAKİ	a.	İçine soğan, sarımsak, maydanoz, havuç vb. katılarak zeytinyağıyla pişirilen ve soğuk olarak yenen yemek
PİLELİ	sf.	Pilesi olan; kırmalı, plili, plise
PİLİLİ	sf.	Pilisi olan, kırmalı, pilise
PİLİNG	a.	Cildin ölü hücrelerden arındırılması işlemi
PİLİSE	sf.	Pilili
PİNÇİK	a.	Başparmak ile işaret parmağının birleştirildiğinde tutulacak miktar, çok az, azıcık
PİNHAN	sf.,esk.	Gizli, saklı, gizlenmiş
PİNPON	a.,sp.	► masa tenisi
PİPOLU	sf.	Piposu olan
PİRANA	a.,hay. b.	Genellikle Güney Amerika'da rastlanan, grup hâlinde avlanan ve avını kısa sürede iskeleti kalıncaya kadar yiyen yırtıcı balık
PİRELİ	sf.	Pire bulunan
PİRİNA	a.	Zeytinin, sıkıldıktan sonra yağ bakımından zenginliğini yitirmeyen, gübre veya hayvan yemi olarak kullanılan küspesi
PİRİNÇ	a.,bit. b.	Buğdaygillerden, kökleri bol su içinde yetişen bir bitki (Oryza sativa)
PİRUHİ	a.	Un, yumurta, tulum peyniri, tereyağı, et suyu ve cevizden yapılan bir hamur yemeği
PİRYOL	a.,esk.	Üzerinde kümbetsi bir kapak bulunan, oldukça büyük bir tür cep saati
PİSLİK	a.	Pis olma durumu; çepel
PİSTON	a.	Bazı araçlarda, motorlarda bir silindir içinde düzenli hareket eden daha küçük çaplı silindir; itenek
PİŞDAR	a.,esk.,ask.	► öncü
PİŞKİN	sf.	Gereğince pişmiş
PİŞMAN	sf.	Yaptığı bir işin veya davranışın olumsuz sonucunu görerek üzülen; nadim
PİŞMEK	nsz.	Yiyecek, ateşte, fırında, kaynar suda veya yağda ısı etkisiyle yenilebilir duruma gelmek
PİŞTOV	a.	Osmanlı ordusunda bir süre kullanılan, paçavrayla sıkıştırılmış barutu horozunda bulunan çakmak taşı ile ateşleyip kurşun bilyeyi atan, kısa namlulu, tek atış yapılabilen bir tabanca türü
PİTAYA	a.	► ejder meyvesi
PİYADE	a.,ask.	Yaya olarak savaşan askerlerin oluşturduğu sınıf
PİYALE	a.,esk.	Şarap bardağı, içki kadehi
PİYANO	a.,müz.	Klavyeli, telli, değişik tuşlara basılarak çalınan ağır ve büyük çalgı
PİYASA	a.	Satıcıların mal satmak için bir araya geldiği yer; pazar
PİYATA	a.	Yassı ve büyük yemek tabağı
PİYORE	a.,tıp	Diş etinde görülen iltihap
PLAÇKA	a.	► çapul
PLAKÇI	a.	Plak hazırlayan, yapan veya satan kimse
PLAKET	a.	► onurluk
PLANCI	a.	Plan hazırlayan veya yapan kimse
PLANET	a.,gök b.	► gezegen
PLANLI	sf.	Belirli bir plana göre yapılan, yürütülen, düzenlenen
PLANÖR	a.	Hava akımlarından yararlanarak uçan, uçağa benzer motorsuz hava taşıtı
PLANYA	a.	Kabası alınmış ağaçların veya tahtaların yüzeyleri üzerindeki pürüzleri gidermeye yarayan, üstünde bir sapı bulunan marangoz rendesi
PLATİN	a.,kim.	Atom numarası 78, atom ağırlığı 195,23, yoğunluğu 21,4 olan, 1755 °C'de eriyen, kolay işlenen, çok dayanıklı, değerli bir element (simgesi Pt)
PLAZMA	a.,biy.	Kanda alyuvarlarla akyuvarların içinde bulunduğu sıvı
PLEVRA	a.,anat.	► akciğer zarı
PLİSİZ	sf.	► pilesiz
PODYUM	a.	Mankenlerin giysileri sergilemek için çıktıkları, seyircilerin içerisine doğru uzayan, yüksekçe yer
POETİK	sf.	Bir şairin sanat anlayışının açıklandığı metin
POGROM	a.,top. b.	► soykırım
POĞAÇA	a.	İçine peynir, kıyma vb. konarak hazırlanan bir tür tuzlu çörek
POHPOH	a.	Pohpohlama işi
POLİÇE	a.	Belirli bir sürenin sonunda belirli bir parayı kendi adına veya bir başkasının emrine ödemesi için alacaklının borçluya yazdığı bildiri
POMELO	a.,bit. b.	Turunçgillerden, genellikle Akdeniz’de yetişen, sarı meyvesinin üzeri yeşil kalın kabukla kaplı bir tür ağaç (Citrus maxima)
POMPAJ	a.	► pompalama
PONÇİK	a.	Kruvasana benzeyen, içi marmelatlı bir tür kurabiye
PONPON	a.	Süs olarak kullanılan yuvarlak püskül
PONTON	a.,den.	Batmış gemileri askıya alma işinde kullanılan büyük duba
POPLİN	a.	Pamuk, keten veya ipekten sık dokunmuş ince bir kumaş türü
PORFİR	a.,min.	► kayaç
PORSUK	a.,hay. b.	Sansargillerden, su kıyılarında kazdıkları deliklerde yaşayan, ot ve etle beslenen, pis kokulu, memeli bir hayvan (Meles)
PORTAL	a.,mim.	► ana kapı
PORTMA	a.	Portmak işi
PORTÖR	a.,tıp	► taşıyıcı
PORTRE	a.	Bir kimsenin yağlı boya, sulu boya, kara kalem vb. bir yolla yapılmış resmi
POSALI	sf.	Posası olan
POSTAL	a.	Genellikle askerlerin giydiği konçlu ve kaba potin
POSTER	a.	Duvara asılan büyük boy resim
POSTİŞ	a.	Kadınların genellikle başlarının arkasına taktıkları ek saç
POSTLU	sf.	Postu olan
POŞULU	sf.	Poşusu olan
POTALI	sf.	Potası olan
POTKAL	a.	Cam, pişmiş toprak veya seramikten yapılmış, kulplu, ağzı gövdesine göre dar ve oluklu, genelde su, şarap ve bira konan kap
POTLAÇ	a.,din b.	Kızılderililerin birbirlerine armağanlar verdikleri dinî bayram
POTLUK	a.	Pot olma durumu
POZSUZ	sf.,mec.	► çalımsız
PÖRSÜK	sf.	Gevşeyip sarkmış, yıpranmış; porsuk (III)
PRANGA	a.,esk.	Ağır ceza verilmiş tutukluların ayaklarına takılan kalın zincir
PRATİK	sf.	Kolaylıkla uygulanabilir, kullanışlı olan
PRELÜT	a.,müz.	Ses ve çalgı ile ilgili bir kompozisyona girişi sağlayan yazılı veya doğaçlama müzik parçası
PRESÇİ	a.	Pres kullanan kimse
PRESTO	zf.,müz.	Çabuk, çok çabuk bir tempo ile
PRİMAT	a.,hay. b.	► maymun
PRİZMA	a.,fiz.	Işınları saptıran ve ayrıştıran, saydam maddeden yapılmış üçgen cisim
PROFAN	sf.	Dinle ilgisi olmayan, din dışı
PROFİL	a.	► yan
PROLOG	a.	► ön deyiş
PROMİL	a.	Kandaki alkol miktarını gösteren birim
PROPAN	a.,kim.	Metan ailesinden, petrolden elde edilen gaz durumundaki hidrokarbon
PROSES	a.	► süreç
PROTEZ	sf.,tıp	► takma
PROTON	a.,kim.,fiz.	Atom çekirdeğinde her biri (+1) pozitif elektrik yükü taşıyan tanecik
PSİKOZ	a.,ruh b.	Bireyin gerçeklerden veya dış dünyadan koparak gerçek dünya ile kendi bozulmuş olan düşünce dünyasını aynı anda ve uyanıkken yaşamasıyla beliren, düşünce, idrak, konuşma ve davranış sorunları yaşanan bir tür akıl hastalığı
PSİŞİK	sf.	Başka birinin düşündüklerini veya uzakta geçen bir olayı hiçbir bağlantı olmadan algılama, geleceği görme gibi doğaüstü yeteneklere sahip
PUANLI	sf.	Üzerinde puan bulunan
PUDİNG	a.	Meyve, bisküvi vb. ile yapılan bir tür sütlü tatlı
PULCUK	a.	Küçük pul
PULLUK	a.	Toprağı sürmek için kullanılan tarım aracı
PULMAN	a.	Taşıtlarda kullanılan, gerektiğinde arkalığı geriye doğru yatan koltuk; yatar koltuk
PULSUZ	sf.	Pulu olmayan
PUNÇÇU	a.	Punç yapan ve satan kimse
PUNTEL	a.,den.	Güvertenin kuvvetlendirilmesi için alttan dikine konan destek
PUSMAK	nsz.	► sinmek
PUSSUZ	sf.	Pusu (I) olmayan
PUSUCU	a.	Pusu kuran veya pusuya yatan kimse
PUSULA	a.	Üzerinde kuzey güney doğrultusunu gösteren bir mıknatıs iğnesi bulunan ve yön tespit etmek için kullanılan kadranlı araç; yön belirteci
PUSVAL	a.	Yemenicilerin kullandığı ölçü
PUTREL	a.	► bağlama
PUZZLE	a.	343 yapboz
PÜRÇEK	a.,ağz.	Şakaklardan sarkan saç; zülüf
PÜRÇÜK	a.,ağz.	► pürçek
PÜRİST	a.	► arıtmacı
PÜRİZM	a.	► arıtmacılık
PÜRMÜZ	a.	Metalleri lehimleme, kesme, eritme ve ısıtma işlerinde kullanılan, güçlü alev çıkaran, benzin veya gazla çalışan araç
PÜRTÜK	a.	Herhangi bir şeyin üzerindeki çıkıntı biçiminde küçük kabarcık
PÜSKÜL	a.	Bir ucundan bazı şeylere süs olarak takılan, diğer ucu serbest saçak biçimindeki iplik demeti
PÜSTÜL	a.,tıp	İrinle dolu kabarcık veya sivilce
RABITA	a.	► bağ (I)
RADİKA	a.,bit. b.	Yaprakları salata olarak yenen baharlı, çok yıllık bir bitki (Taraxacum officinale)
RADYAN	a.,mat.	Bir dairede yarıçap uzunluğundaki yay parçasını gören merkez açıya eşit açı ölçme birimi
RADYUM	a.,kim.	Atom numarası 88, atom ağırlığı 226,05 olan, 700 °C'de eriyen, 1898 yılında Pierre Curie ve eşi tarafından bulunan, soğukta suyu ayrıştıran, ışın etkinliği çok bir element (simgesi Ra)
RAFİNE	sf.	Kristalleştirme, damıtma gibi ayırma yöntemleriyle istenmeyen maddelerden arındırılmış (yağ, petrol vb.)
RAFSIZ	sf.	Rafı olmayan
RAĞBET	a.	İstek, arzu, ilgi
RAĞMEN	e.	► karşın
RAHİBE	a.	Kadın rahip
RAHMAN	sf.,din b.	Herkese, her canlıya merhamet eden (Tanrı)
RAHMET	a.	Birinin suçunu bağışlama, yarlıgama, merhamet etme
RAHVAN	a.	Koşarken bir yandaki iki bacağını aynı anda atan binek hayvanlarının biniciyi sarsmayan en yavaş koşma biçimi
RAKICI	a.	Rakı yapan veya satan kimse
RAKİBE	a.,esk.	Kadın rakip
RAKKAS	a.,esk.,fiz.	► sarkaç
RANTÇI	a.	► getirimci
RAPTEN	zf.	Bağlı olarak, tutturulmuş biçimde
RASİST	a.,top. b.	► ırkçı
RASİZM	a.,top. b.	► ırkçılık
RASTIK	a.	Kadınların kaşlarını veya saçlarını boyamak için sürdükleri siyah boya
RASYON	a.,hay. b.	Bir hayvanın 24 saatlik bir periyot için besin maddeleri ve enerji gereksinimini sağlayan toplam yem miktarı
RATİNG	a.	343 değerlendirme
RATTAN	a.	Avustralya, Afrika ve Asya’nın tropikal bölgelerinde yetişen bir tür kamış
RAVENT	a.,bit. b.	Karabuğdaygillerden, büyük yapraklı, beyaz çiçekli, çok yıllık ve otsu bir bitki (Rheum officinale)
RAYİHA	a.	Güzel koku
RAYSIZ	sf.	Rayı bulunmayan
RAZAKI	a.,bit. b.	Kalınca kabuklu, iri ve uzunca taneli, şekeri çok bir tür üzüm
RAZMOL	a.	İri, kepekli un
REBABİ	a.,esk.	Rebap çalan kimse
RECMEN	zf.	Recim yoluyla
REÇETE	a.	Üzerinde doktorun hastası için gerekli gördüğü ilaçlarla, bunların kullanılış biçimleri yazılı olan kâğıt
REÇİNA	a.	Reçine ile yapılan bir tür alkollü içki
REÇİNE	a.,bit. b.	Bazı bitkilerde, özellikle çamlarda oluşan, katı veya yarı akışkan organik salgı maddesi; ağaç sakızı, akındırık, akma
REDOKS	a.,kim.	Bir atom veya molekülden ötekine bir veya daha çok elektronun geçişi olayı
REFİKA	a.,esk.	Bir erkeğin evlenmiş olduğu kadın
REFORM	a.	► düzeltme
REFTAR	a.	Giriş, yürüyüş
REGLAN	sf.	Omuzlardan geçerek boyna kadar uzanan (kol)
REHBER	a.	► kılavuz
REHİNE	a.	Bir anlaşma, sözleşme veya isteğin yerine getirilmesini sağlamak için güvence olarak ele geçirilen kimse; tutak
REKLAM	a.	Bir şeyi halka tanıtmak, beğendirmek ve böylelikle sürümünü sağlamak için denenen her türlü yol
REKTÖR	a.	Üniversitenin tüzel kişiliğini temsil eden, yönetimden, eğitim ve öğretimin düzenli yürütülmesinden sorumlu profesör
REKTUM	a.,anat.	► göden
RELAKS	a.	► rahatlama
REMİKS	a.,müz.	► bindirim
RENKÇİ	a.	Işığı, gölgeyi ve biçimleri renk yoluyla veren ressam
RENKLİ	sf.	Rengi olan
RENYUM	a.,kim.	Atom numarası 75, atom ağırlığı 186,2, yoğunluğu 21 olan ve 3150 °C'de eriyen, parlak beyaz renkte bir element (simgesi Re)
REOMÜR	a.,fiz.	Suyun buz tutması 0 °C, kaynaması 80 °C olarak esas alınıp ikisi arası seksen eşit parçaya bölünerek elde edilen sıcaklık birimi
REOSTA	a.,fiz.	Elektrik akımının şiddetini azaltıp çoğaltmaya yarayan araç; dimmer
REPLİK	a.,tiy.	Oyuncunun sözü karşısındakine bırakırken söyleyeceği son söz
REPOCU	a.	Parasını repoyla değerlendiren kimse
RESMEN	zf.	Devlet adına, resmî olarak; devletçe
RESSAM	a.	Resim yapan sanatçı
RETİNA	a.,anat.	► ağ tabaka
REVANİ	a.	Yumurta ve irmikle yapılan, fırında kabarıp piştikten sonra üzerine şerbet dökülen bir tatlı türü; revani tatlısı
REVİZE	a.	"Düzeltmek, yenilemek" anlamındaki revize etmek birleşik fiilinde geçen bir söz
REVNAK	a.,esk.	► parlaklık
REYHAN	a.,bit. b.	► fesleğen
REZEDE	a.,bit. b.	Muhabbet çiçeğigillerden, 1,5 metre yüksekliğinde, tohumlarından kandil yağı, çiçeklerinden sarı boya çıkarılan otsu bir bitki; rezede çiçeği (Reseda luteola)
REZENE	a.,bit. b.	Maydanozgillerden, 1-1,5 metre yüksekliğinde, sarı çiçekli, yaprakları iplik biçiminde parçalı, hoş kokulu, baharatlı meyveleri anason gibi yemeklerde ve bazı içkilerde tat verici olarak kullanılan, hekimlikte gaz söktürücü olarak yararlanılan çok yıllık otsu bir bitki (Foeniculum vulgare)
REZERV	a.	Saklanmış, biriktirilmiş şey
RIHDAN	a.,esk.	Yazı kurutmak için kullanılan özel kumun konduğu üzeri delikli kap
RIHTIM	a.	Bir akarsu veya deniz kıyısında doldurularak yapılmış, gemilerin indirme bindirme veya yükleme boşaltma yapabileceği yer
RİAYET	a.	Uyma, boyun eğme
RİCACI	sf.	Bir kimseden başka biri adına ricada bulunan (kimse)
RİKKAT	a.,esk.	İncelik, naziklik
RİNTÇE	sf.	Rinde yakışan; rindane
RİSALE	a.,esk.	► kitapçık
RİSKLİ	sf.	Riski olan
RİTMİK	sf.	► ritimli
RİTÜEL	a.	Bir din veya inanç sistemine ait ibadet, ayin, merasim ve bu sırada uyulması gereken kurallar
RİYALA	a.,tar.	Osmanlı donanmasında tuğamirale eş bir rütbe
RİYALE	a.,tar.	Osmanlı donanmasında kaptan paşadan sonra gelen, üç büyük amiral rütbesinden üçüncüsü
RİYAZİ	sf.,esk.	► matematiksel
RİZİKO	a.	► risk
ROBALI	sf.	Robası olan
RODYUM	a.,kim.	Atom numarası 45, atom ağırlığı 102, 91, yoğunluğu 12,33 olan, 1970° C'de eriyen, gümüş renginde, sert, kırılgan bir element (simgesi Rh)
ROKFOR	a.	Koyun sütünden yapılan, mahzenlerde olgunlaştırılan, içi özel küflü peynir, rokfor peyniri
ROKOKO	a.,mim.	XVIII. yüzyılın başında Fransa'da çok geçerli olan, kavisli çizgileri bol, gösterişli bir bezeme üslubu
ROMANS	a.,ed.	Sekiz hecelik dizelerden oluşmuş bir İspanyol şiir türü
RONDEL	a.,ed.	Fransız ve İngiliz edebiyatlarında kullanılan, Türk edebiyatında da denenmiş, ilk ikisi dört, sonuncusu beş dizelik üç bentten oluşan nazım biçimi
ROZBİF	a.	Kızartılmak amacıyla hazırlanmış veya kızartılmış sığır eti parçası
RÖLANS	a.	Konken, poker vb. oyunlarda ortaya sürülmüş olan parayı artırmak için söylenen söz
RÖLÖVE	a.	Eski bir sanat eserinin, bir yapının çizilerek veya boyanarak hazırlanan kopyası
RÖLYEF	a.	► kabartma
RÖMORK	a.	Başka bir taşıt tarafından çekilen motorsuz taşıt
RÖVANŞ	a.	Sporda veya oyunda yenilmiş olanın aynı rakiple oynadığı ikinci oyun
RUGANİ	esk.	Rugandan yapılmış
RUHANİ	sf.	Ruhla ilgili
RUHBAN	a.,esk.	Rahipler
RUHSAL	sf.	Maddeyle ilgisi olmayan, ruhla ilgili olan; ruhi, tinsel, spiritüel
RUHSAT	a.	► izin
RUHSUZ	sf.	Cansız, güçsüz, etkisiz, miskin
RUJSUZ	sf.	Ruj sürülmemiş
RULMAN	a.	Mekanik ve elektrikli sistemlerde kayma sürtünmesi yerine bir yuvarlanma sürtünmesi sağlayarak enerji kayıplarını azaltmak için yataklar ile muylular arasına yerleştirilen parça
RUSTAİ	a.,esk.	► köylü
RUSTİK	a.	Duvara sabitlenerek üzerine perde takılan, ahşap, metal ve benzeri malzemeden yapılmış korniş
RÜÇHAN	a.,esk.	► üstünlük
RÜFEKA	a.,esk.	Arkadaşlar
RÜŞEYM	a.,esk.,anat.	Oğulcuk
RÜŞVET	a.	Yaptırılmak istenen bir işte yasa dışı kolaylık ve çabukluk sağlanması için bir kimseye mal veya para olarak sağlanan çıkar; anahtar, arpa, yem, yemlik
RÜZGÂR	a.	Havanın yer değiştirmesiyle oluşan esinti; yel, bad
SAADET	a.	► mutluluk
SAATÇİ	a.	Saat yapan, onaran veya satan kimse
SAATLİ	sf.	Saati olan, saati bulunan
SABAHA	zf.	Yarın sabah saatlerinde
SABIKA	a.	Geçmiş bulunan şey, geçmiş bulunan olay
SABİTE	a.,mat.	Bir formülde geçen ve önceden belirlenmiş bulunan değişmez nicelik
SABOTE	a.	► baltalama
SABURA	a.,den.	Gemi safrası
SAÇMAK	-i	Bir şeyi ortalığa dağıtmak; dökmek
SAÇSIZ	sf.	Saçı olmayan
SAÇULA	a.	Dökümcülerin kullandığı ağaçtan yapılmış kalıp
SADAKA	a.	Karşılık beklemeden ihtiyaç sahiplerine, fakirlere verilen para, mal vb.
SADECE	zf.	Belirtilenden başkası bulunmadan; yalnız
SADİST	sf.,ruh b.	Başkalarına acı çektirerek cinsel doyum sağlayan (kimse); elezer, sadik
SADİZM	a.,ruh b.	► sadistlik
SAFARİ	a.	Afrika'nın doğusunda toplu olarak yapılan vahşi hayvan avı
SAFDİL	sf.,esk.,mec.	► saf (II)
SAFFET	a.,esk.	► temizlik
SAFİHA	a.,esk.	İnce, yassı ve geniş metal nesne
SAFKAN	sf.	Irkının katışıksız özelliklerini taşıyan (at)
SAFLIK	a.	Saf olma durumu; avanaklık, bönlük, safderunluk, safdillik, safdillilik, saffet, safiyet
SAFRAN	a.,bit. b.	Süsengillerden, baharda çiçek açan, 20-30 santimetre boyunda, soğanlı bir kültür bitkisi (Crocus sativus)
SAGUCU	a.	► ağıtçı
SAĞDIÇ	a.	Düğünde gelin veya damada kılavuzluk eden kimse
SAĞKOL	a.,mec.	Birinin çok güvendiği kimse
SAĞLAM	sf.	Bozulmadan, değişmeden uzun süre varlığını koruyabilen, dayanıklı olan; bek (I), berk, muhkem
SAĞLIK	a.	Bireyin fiziksel, sosyal ve ruhsal yönden tam bir iyilik durumunda olması, vücut esenliği; keyif, sıhhat
SAĞMAK	-i	Memeyi parmaklar arasında sıkarak sütünü akıtmak
SAĞMAL	sf.	Süt veren, sağılan; sağımlı, sütlü
SAĞYAĞ	a.	► tereyağı
SAHABE	a.,din b.	Hz. Muhammed'i görmüş ve onun sohbetinde bulunmuş Müslümanlar; ashap, ashabıkiram
SAHİBE	a.	Herhangi bir şey üzerinde mülkiyeti olan kadın
SAHİCİ	sf.	Sahte olmayan, gerçek, yapma karşıtı
SAHİFE	a.,esk.	► sayfa
SAHLEP	a.,esk.	► salep
SAKAĞI	a.,hay. b.	Özellikle atlarda görülen ve insanlara da bulaşan ölümcül bir hayvan hastalığı; ruam
SAKALI	sf.	Saka hastalığına tutulmuş
SAKLIK	a.	► uyanıklık
SALATA	a.	Genellikle marul, maydanoz, soğan, domates gibi çiğ ot ve sebzelerle yapılan, yağ, limon, sirke vb. maddeler konulan, yemeklerle birlikte yenen yiyecek
SALGIN	sf.	Kısa zamanda çevredeki insanların, hayvanların veya bitkilerin büyük bir bölümüne bulaşan; müstevli
SALİSE	a.	Saniyenin altmışta biri olan zaman birimi
SALMAK	-e,-i	Bağımlılığına, tutukluluğuna veya baskı altındaki durumuna son vererek serbest kılmak; bırakmak
SALPAK	sf.	► salpa
SALTÇI	sf.	Saltçılığı benimseyen; mutlakçı
SALTIK	sf.,fel.	► mutlak
SAMANİ	a.	► saman rengi
SAMİİN	a.	İşitenler
SAMİMİ	sf.	► içten
SAMSUN	a.	Savaşta ve avda kullanılmak üzere özel olarak yetiştirilen, çok iri bir tür köpek
SANAYİ	a.	Ham maddeleri işlemek, enerji kaynaklarını yaratmak için kullanılan yöntemlerin ve araçların bütünü; işleyim, uran, endüstri
SANCAK	a.,ask.	Çoğunlukla askerî birliklere verilen yazı işlemeli, kenarları saçaklı ve gönderli bayrak
SANÇMA	a.	Sançmak işi
SANDAL	a.,bit. b.	Sandalgillerden, kerestesi sert ve kokulu bir ağaç (Santalum album)
SANDIK	a.	İçine çeşitli şeyler konulan, tahtadan yapılmış, kapaklı ev eşyası
SANİYE	a.	Bir dakikanın altmışta biri olan zaman birimi
SANKİM	zf.	► sanki
SANMAK	nsz.	Herhangi bir şeyin zihinde kurulduğu gibi gerçekleştiğine inanmak; zannetmek, zanneylemek
SANSAR	a.,hay. b.	Sansargillerden, ağaç kovuklarında barınan, kürkü makbul, yırtıcı, küçük etçil hayvanların ortak adı (Martes martes)
SANSIZ	sf.	Sanı, ünü olmayan
SANSÜR	a.	Her türlü yayının, sinema ve tiyatro eserinin hükûmetçe önceden denetlenmesi işi; sıkı denetim
SANTİM	a.	Bazı ülkelerde kullanılan para biriminin yüzde birine eşit olan küçük para birimi
SANTRA	a.,sp.	► orta yuvarlak
SANTUR	a.,müz.	Kanuna benzeyen, tokmaklarla çalınan bir tür telli çalgı
SAPÇIK	a.	Küçük sap
SAPINÇ	a.,ruh b.	Özel bir görevin normal sonucuna ulaşmasına engel olan sapıklık; aberasyon
SAPKIN	sf.	Doğru yoldan ayrılmış olan
SAPMAK	-e	Yön değiştirmek
SAPSIZ	sf.	Sapı olmayan
SARAKA	a.,argo	Üstü kapalı alay etme, laf dokundurma
SARALI	sf.	Sara hastalığı olan (kimse); tutarıklı
SARBAN	a.,esk.	► deveci
SARDUN	a.,den.	Balıkçıların kullandığı bir halat türü
SARGAÇ	a.	► korse
SARGIN	zf.,ağz.	► içten
SARHOŞ	sf.	Alkollü içki veya keyif verici bir madde sebebiyle kendini bilmeyecek durumda olan (kimse); esrik, başı dumanlı, demci, dumanlı, kafası bulutlu, kafası iyi, kafası dumanlı, kafası kıyak, mest (I), sermest
SARICA	sf.	Sarıyı andıran, sarıya yakın
SARILI	sf.	Üstünde sarı renk bulunan
SARKAÇ	a.,fiz.	Durağan bir nokta çevresinde ağırlığının etkisiyle serbestçe salınım yapan cisim; rakkas, pandül
SARKIK	sf.	Aşağı doğru uzanmış veya sarkmış
SARKIL	sf.,fiz.	Sarkaçla ilgili, hareketi sarkaç hareketine benzeyen
SARKIŞ	a.	Sarkmak işi
SARKIT	a.,min.	Mağaraların tavanında aşağıya doğru oluşan, genellikle koni biçiminde kalker birikintisi; damla taş, stalaktit
SARKMA	a.	Sarkmak işi
SARKOM	a.,tıp	Kötücül bağ dokusu uru
SARMAÇ	a.	► bigudi
SARMAK	-i	Çevresini çevirmek, çepeçevre dolanmak
SARMAL	sf.,fiz.	Dolana dolana oluşmuş, birbirini izleyen; helisel, helezonlu, helezoni, helezonik
SARMAN	sf.	Azman, iri olan
SARNIÇ	a.	Yağmur sularının biriktirildiği üstü kapalı yapı
SARPIN	a.,ağz.	Tahıl kuyusu, zahire ambarı; silo
SARRAF	a.	Mesleği, değerli kâğıt ve metal paraları birbiriyle değiştirmek, altın bozmak, tahvil alışverişi yapmak olan kimse
SARSAK	sf.	Yaşlılık, hastalık vb. sebeplerle güçsüz kalarak vücudu titrer gibi sarsılan (kimse)
SARSIK	sf.	Sarsılmış
SARSIM	a.	Sarsmak işi
SARSIŞ	a.	Sarsmak işi
SARSMA	a.	Sarsmak işi
SASIMA	a.	Sasımak işi, tefessüh
SATICI	a.	Alıcıya mal satan kimse; vandöz
SATMAK	-i	Bir malı bir bedel karşılığında alıcıya vermek
SATRAP	a.,tar.	Perslerde il yöneticisi; vali
SATVET	a.,esk.	Karşı konulmaz derecede zorlu, sindirici, boyun eğdirici güç
SAVACI	a.	► muştucu
SAVANA	a.,bit. b.	Ekvator kuşağındaki otsu bitkilerle kaplı çayırlar
SAVLET	a.,esk.	Şiddetli saldırı
SAVMAK	-i,-den	İstenmeyen birini yanından uzaklaştırmak; defetmek, deflemek, tardetmek
SAVRAN	a.	Deveci
SAVRUK	sf.	► tutumsuz
SAVSAK	sf.	► ihmalkâr
SAVUNU	a.	► savunma
SAYACI	a.	Ayakkabıların sayalarını hazırlayan kimse
SAYDAM	sf.	► şeffaf
SAYGIN	sf.	Saygı gören, sayılan, hatırı sayılan, itibarı olan, sözü geçer; hatırlı, itibarlı, muteber
SAYICA	zf.	Sayı bakımından; adetçe, adedî
SAYICI	a.,tar.	Vergi almak için hayvan sayımı yapan kimse
SAYILI	sf.	Herhangi bir sayı ile belirtilmiş olan
SAYKAL	a.	Maden, ayna vb. nesneleri parlatmak için kullanılan cila
SAYLAV	a.,esk.	► milletvekili
SAYMAK	-i	Bir şeyin kaç tane olduğunu anlamak için bunları birer birer elden veya gözden geçirmek, sayısını bulmak
SAYMAN	a.	Bir kurum, kuruluş vb.nin hesap işleriyle uğraşan kimse; muhasebeci, muhasip
SAYRIL	sf.,esk.	► marazi
SAYVAN	a.	Güneşten, yağmurdan korunmak için veya süs olarak bir şeyin üzerine çekilen dam saçağı gibi düz veya eğimli örtü
SAZEVİ	a.	Her türlü müzik aleti yapılan veya satılan yer
SAZKÂR	a.,müz.	Klasik Türk müziğinde bir birleşik makam
SAZLIK	a.	Sazları (I) çok olan yer
SAZSIZ	sf.	Sazı olmayan
SECİYE	a.	► karakter
SEÇİCİ	sf.	Seçme işini yapan (kimse, kurul vb.)
SEÇKİN	sf.	Benzerleri arasında niteliklerinin yüksekliğiyle göze çarpan; değme (II), mümtaz, güzide, mutena
SEÇMEK	-i	Benzerleri arasında hoşa gideni seçip almak veya yararlanmak için ayırmak; saylamak
SEÇMEN	a.	Seçimde oy verme hakkı olan kimse; müntehip
SEDALI	sf.,db.	► tonlu
SEFALI	sf.	Şenlikli, eğlenceli olan
SEFERÎ	sf.	Yolculukla ilgili olan
SEFİLE	sf.	Sefalet içinde bulunan kadın
SEFİNE	a.,esk.,den.	► gemi
SEFİRE	a.	Kadın elçi
SEGMAN	a.,tek.	Motor pistonlarına yerleştirilen, yağ ve gaz sızıntısını önlemeye yarayan, iki ucu bitişmemiş, yaylanabilir çelik halka
SEĞMEN	a.	Genellikle atlı olarak savaşa katılan, kendi içlerinde hiyerarşik bir düzen bulunan yarı askerî güvenlik gücü
SEHVEN	zf.	Dalgınlık veya unutkanlık sonucunda oluşan; yanlışlıkla
SEKANS	a.	► dizi
SEKANT	a.,mat.	► kesen
SEKBAN	a.,tar.	Osmanlılarda, sınır boylarında görev yapan bir asker sınıfı
SEKENE	a.,esk.	Bir yerde oturanlar, sakinler
SEKİLİ	sf.	Sekisi olan
SEKLEM	a.,ağz.	Kıldan, yünden dokunmuş çuval
SEKMEK	nsz.	Tek veya iki ayak üzerinde sıçramak
SEKMEN	a.	► tabure
SEKOYA	a.,bit. b.	Kozalaklıların porsukgiller familyasından, Kaliforniya'da yetişen, 100-130 metre boyunda, büyük bir orman ağacı (Sequoia)
SEKSEK	a.	Zemine çeşitli şekiller çizildikten sonra taşları ayakla çizilen bölümler arasında sektirerek oynamaya dayalı bir çocuk oyunu
SEKSEN	a.	Yetmiş dokuzdan sonra gelen sayının adı
SEKTER	sf.	Başkalarının siyasi, dinî vb. düşüncelerine, inançlarına karşı çıkan, katı ve hoşgörüsüz davranan (kimse)
SEKTÖR	a.	► kesim
SELCİK	a.	Küçük sel
SELFİE	a.	bk. özçekim
SELİKA	a.,esk.	Güzel söyleme ve yazma yeteneği
SELİMÎ	a.	Padişah, sadrazam, vezir vb. devlet erkânının giydiği, üzerine beyaz tülbent sarılan, tepesi düz, üst kısmı daha geniş kavuk
SEMAVİ	sf.	Allah’tan gelen, ilahi (I)
SEMBOL	a.	► simge
SEMERE	a.,esk.	Yemiş, meyve, ürün
SENATO	a.	Bazı ülkelerde yaş ve eğitimlerine göre seçilmiş parlamento üyelerinden oluşan meclis
SENDEN		birisi tarafında olan (kimse)
SENDİK	a.	Bir birliğin, ortaklığın veya alacaklılar grubunun haklarını korumakla görevli kimse
SENEVİ	sf.,esk.	► yıllık
SENEYE	zf.	Gelecek sene
SENSEN	a.	Ağızdaki kokuları gidermek için çiğnenen baharlı bir madde
SENSİZ	zf.	Sen olmaksızın
SENSÖR	a.	► duyarga
SENTEZ	a.,kim.	Element veya başka maddeleri bir araya getirerek yapay olarak bileşik cisimler oluşturma; bireşim
SENYÖR	a.,tar.	Orta Çağ'da Avrupa'da toprağı olan derebeyi
SEPİCİ	a.	Sepi işini yapan kimse; tabak (II), tabakçı (II), debbağ
SEPİLİ	sf.	Sepilenmiş, tabaklanmış (deri, post); tabaklı (II)
SEPKEN	a.	Kısa süreli ve az yağan yağmur, kar
SEPTİK	sf.,fel.	► kuşkucu
SERACI	a.	Sera yapan kişi
SERAPA	zf.,esk.	► baştan başa
SERBAZ	sf.,esk.	Yürekli, yiğit, korkusuz (kimse)
SERÇİN	a.,esk.	Mekiğin parçalarından her biri
SERDAR	a.,esk.	► başkomutan
SERGEN	a.,ağz.	► raf
SERGİN	sf.	Serilmiş olan
SERHAT	a.	► sınır boyu
SERİAN	zf.,esk.	► çabucak
SERİLİ	sf.	Serilmiş, yayılmış
SERKEŞ	sf.	Kafa tutan, başkaldıran
SERMEK	-e,-i	Kurutmak için asmak
SERPİŞ	a.	Serpmek işi
SERPME	a.	Serpmek işi
SERPUŞ	a.,esk.	► başlık
SERSEM	sf.	Herhangi bir sebeple bilinci ve algıları zayıflamış olan
SERTAP	a.	Mıklebin açıkta duran kısmı
SERTÇE	zf.	Sert bir biçimde
SERVER	a.,bl.	343 sunucu
SERVET	a.	Varlık, zenginlik, mal mülk
SERVİS	a.	Sofrada hizmet etmekle görevli kimsenin yaptığı iş ve bu işin yapılma biçimi, sofra hizmeti
SERYUM	a.,kim.	Atom numarası 58, atom ağırlığı 140,1, yoğunluğu 6,7 olan, 810 °C'de eriyen, birleşme değeri bazı birleşiklerde 3, bazılarında 4 olan, gümüş parlaklığında, akkor temeline dayanan lambaların yapımında kullanılan bir element (simgesi Ce)
SESÇİL	sf.	Sesleri bütün özellikleri ve ayrıntılarıyla gösteren
SESLEM	a.,db.	► hece
SESLİK	a.	Her tür sesli belgenin saklandığı yer
SESSİZ	sf.	Sesi olmayan, ses çıkarmayan
SESTEŞ	sf.,db.	Söylenişleri aynı, anlam ve kökleri ayrı olan (kelimeler); eş sesli, homonim
SETLİÇ	a.	Kabızlık giderici bir maden suyu
SEVİCİ	a.	Hemcinsleriyle cinsel ilişkide bulunan kadın; ablacı, lezbiyen
SEVİNÇ	a.	İstenen veya hoşa giden bir şeyin olmasıyla duyulan coşku; kıvanç, meserret, sürur
SEVİYE	a.	► düzey
SEVMEK	-i	Sevgi ve bağlılık duymak
SEYLAP	a.,esk.	► su baskını
SEYRAN	a.	► gezinme
SEYREK	sf.	Benzerleri veya parçaları arasında çok aralık bulunan, aralıklı, sık karşıtı
SEYYAH	a.,esk.	► gezgin
SEYYAL	sf.	Akan, akmakta olan
SEYYAR	sf.	Belli bir yeri olmayan; gezici
SEYYİE	a.,esk.	► kötülük
SEZMEK	-i	Açık bir kanıt olmaksızın, olmuş veya olacak bir şeyi anlamak
SEZYUM	a.,kim.	Atom numarası 55, atom ağırlığı 133, yoğunluğu 1,90 olan, 28 °C'de eriyen ve doğada ender rastlanan bir element (simgesi Cs)
SFENKS	a.	Mısır'da eski Mısırlılar çağından kalma kadın başlı, aslan vücutlu heykel
SIÇMAK	nsz.,kaba	Dışkıyı vücuttan dışarı atmak
SIĞLIK	a.	Sığ olma durumu
SIĞMAK	-e	Bir kaba, bir yere bütünüyle girebilmek veya içinden geçebilmek; girmek
SIHHAT	a.	► sağlık
SIKICA	zf.	Sıkı bir biçimde; kavi
SIKICI	sf.	İç sıkan, can sıkan, tedirgin eden
SIKKIN	sf.	Çok sıkılmış
SIKLET	a.	► ağırlık
SIKLIK	a.	Sık olma durumu
SIKMAÇ	a.,fiz.	► kompresör
SIKMAK	-i	Çevresine sarılarak veya bir şey sararak çepeçevre basınç altına almak
SILACI	a.	Memleketine, doğup büyüdüğü yere dönerek yakınlarına kavuşan kimse
SINAAT	a.,esk.	► zanaat
SINAMA	a.	Sınamak işi; deneme
SINCAN	a.,bit. b.	Sakızlı bir tür dikenli çalı (Astragalus)
SINGIN	sf.,ağz.	Gözü korkmuş, sinmiş (kimse)
SINMAK	nsz.,ağz.	Kırılmak, parçalanmak, bozulmak
SIRACA	a.,tıp	Deride ve genellikle boyunda görülen, lenf düğümlerinin şişkinliğiyle beliren tüberküloz türü
SIRACI	a.	Dört kişilik saz heyeti
SIRALI	sf.	Sıralanmış, düzenlenmiş
SIRDAŞ	a.	Birinin sırrını bilecek kadar ona yakın olan kimse; cankulağı, mahrem
SIRIMA	a.	Sırımak işi
SIRSIZ	sf.	Sır sürülmemiş, sırı olmayan
SIRTAR	a.,hay. b.	Kelergillerden bir tür balık
SIRTÇI	a.,ağz.	► hamal
SIVACI	a.	Duvarları sıvayan kimse
SIVALI	sf.	Sıva vurulmuş, sıva sürülmüş
SIVAMA	a.	Sıvamak işi; sıvalama
SIYRIK	a.	Çarpma veya vurma sonucunda vücutta hafifçe kazınmış, zedelenmiş, soyulmuş, kanamış yer; sıyrıntı
SIZGIT	a.,ağz.	► kavurma
SIZICI	sf.,db.	Ses yolunda oluşan daralma sonucu sürtünerek veya sızarak çıkan (ses); sürekli
SIZILI	sf.	Sızısı olan
SIZMAK	-den	İnce aralıklardan veya gözeneklerden az miktarda ve belli olmadan yavaş yavaş akmak, çıkmak
SİESTA	a.	343 öğle uykusu
SİFTAH	a.,tic.	İlk alışveriş
SİGALA	a.,bit. b.	► günlük ağacı
SİGARA	a.	İnce kâğıda, kıyılmış tütün sarılarak hazırlanan, silindir biçiminde, ağızdan dumanı çekilen nesne; cigara
SİKLON	a.	Atmosferde bir alçak basınç alanı çevresinde hızla dönen rüzgârların oluşturduğu şiddetli fırtına; kiklon
SİKMEK	-i,kaba	Erkek biriyle cinsel ilişkide bulunmak; bellemek (III)
SİLGEÇ	a.	► silecek
SİLGİÇ	a.	► silecek
SİLKME	a.	Silkmek işi
SİLMEK	-i	Bir şeyin ıslaklığını gidererek kuru duruma getirmek
SİLÜET	a.	Bir şeyin yalnız kenar çizgileriyle beliren görüntüsü
SİMAEN	zf.	Yüz olarak
SİMALI	sf.	► yüzlü
SİMSAR	a.,tic.	► komisyoncu
SİNARA	a.,den.	Büyük zoka
SİNEMA	a.	Herhangi bir hareketi düzenli aralıklarla parçalara bölerek bunların resimlerini belirleme ve sonra bunları gösterici yardımıyla karanlık bir yerde, bir ekran veya perde üzerinde yansıtarak hareketi yeniden oluşturma işi
SİNGİN	sf.,ağz.	Utangaç, sıkılgan
SİNGLE	a.	343 tekli
SİNİZM	a.,fel.	İnsanın erdem ve mutluluğa, hiçbir değere bağlı olmadan bütün gereksinmelerden sıyrılarak kendi kendine erişebileceğini savunan Antisthenes'in öğretisi; kinizm
SİNKAF	a.,argo	Erkek cinsel organı ile ilgili bütün küfür ve kötü sözlerin, Arap harflerinden “sin” ve “kaf” harflerini kullanarak güzel adlandırmaya yönelik kısaltılmış biçimi
SİNLİK	a.	► mezarlık
SİNMEK	-e,nsz.	Kendini göstermemek için büzülerek saklanmak; pısmak, pusmak
SİNSİN	a.	Geceleyin, ateş çevresinde, genç erkeklerin davul ve zurna eşliğinde oynadıkları bir halk oyunu
SİNYAL	a.	Bir şey bildirmek için verilen işaret
SİNYOR	a.	İtalya'da "bay" anlamında kullanılan bir ünvan
SİPAHİ	a.,tar.	Osmanlılarda kapı kulu teşkilatındaki atlı asker
SİRKAT	a.,esk.	► hırsızlık
SİRKEN	a.,bit. b.	Ispanakgillerden, ılıman iklime sahip olan yerlerde kendi kendine yetişen, ıspanağa benzer görünümlü, yaprakları damarlı ve koyu yeşil renkli olan, tek yıllık bir bitki; yabani ıspanak, yalancı ıspanak, tel ıspanak (Chenopodium album)
SİROKO	a.,coğ.	Akdeniz havzasında görülen çok sıcak bir rüzgâr
SİRRUS	a.,meteor.	► saçak bulut
SİSMİK	sf.	Depremle ilgili
SİSTEM	a.	► düzen
SİSTİT	a.,tıp	Genellikle bakterilerin sebep olduğu sidik torbası yangısı
SİSTOL	a.,fizy.	Kalp kasının kasılma devresi
SİVRİÇ	a.,mdn.	Kaya çatlakları arasına sokulup üzerine balyozla vurulan, ucu sivri, yaklaşık 1 metre boyunda çelik çubuk
SİYAHİ	a.	► zenci
SİYASA	a.	► politika
SİYASİ	sf.	► siyasal
SİYMEK	nsz.	Kedi, köpek işemek
SİZDEN		karşı taraftan olan (kimse)
SİZSİZ	zf.	Siz olmaksızın
SKAVUT	a.,den.	Çok hızlı gidebilen bir tür keşif gemisi
SLALOM	a.,sp.	Kayak sporunda bayraklarla işaretlenmiş birtakım dönemeçlerden oluşan pist üzerinde yapılan bir yarış türü
SLOGAN	a.	Bir düşünceyi kolay hatırlanıp tekrarlanabilir bir biçimde ifade eden kısa, çarpıcı söz
SMAÇÖR	a.,sp.	Voleybolda topu file üzerinde karşı alana doğru yukarıdan aşağıya sertçe vuran oyuncu; kütör
SMOKİN	a.	Erkeklerin özel günlerde giydiği önü açık, ceketi genellikle ipek yakalı takım giysi
SOBACI	a.	Soba yapan, satan, onaran veya kuran kimse
SOBALI	sf.	Sobası olan
SODALI	sf.	İçinde soda bulunan
SODYUM	a.,kim.	Atom numarası 11, atom ağırlığı 22,990, yoğunluğu 0,971 olan, 97,5 °C'de eriyen, deniz ve kaya tuzlarında, doğada bileşik olarak çok yaygın bulunan, beyaz, parlak, mum gibi yumuşak bir element (simgesi Na)
SOFALI	sf.	Sofası olan
SOFİST	sf.,fel.	► bilgici
SOFİZM	a.,fel.	► bilgicilik
SOFORA	a.,bit. b.	Çin kökenli olup Kore yarımadasında yetişen, dalları uzun, hafif kıvrık ve koyu yeşil renkte olan bir tür ağaç (Sophora japonica)
SOFUCA	zf.	Sofuya yaraşır biçimde
SOĞUMA	a.	Soğumak işi
SOHBET	a.	İki veya daha fazla kişi arasında dostça, arkadaşça yapılan konuşma; hasbihâl
SOKMAK	-i	İçine veya arasına girmesini sağlamak; tıkmak
SOKMAN	a.,ağz.	Bir çeşit uzun konçlu çizme
SOKUCU	sf.,hay. b.	Sokma özelliği olan
SOKULU	sf.	Sokulmuş olan
SOLFEJ	a.,müz.	Müzik ezgilerinin nota adları ile ses ve süre değerlerine uygun bir biçimde söylenmesi
SOLGUN	sf.	Rengini, tazeliğini, canlılığını veya parlaklığını yitirmiş olan, solmuş
SOLİST	a.,müz.	Bir müzik eserini tek başına çalan, söyleyen sanatçı; solocu
SOLLUK	a.	Sol görüşe sahip olma durumu
SOLMAK	nsz.	Rengini yitirmek, rengi uçmak
SOLOCU	a.,müz.	► solist
SOLUMA	a.	Solumak işi
SOMAKİ	a.,min.	Kızıl veya yeşil renkte, damarlı ve çok sert bir porfir türü mermer
SOMATA	a.	Bademden yapılan bir şerbet
SONCUL	sf.	Son bulma özelliği olan
SONDAJ	a.	► sondalama
SONERİ	a.	Kurum, kuruluş, otel vb. yerlerde bulunan, yardımcı veya görevliyi çağırmak için kullanılan, genellikle düğme şeklinde olan zil
SONNOT	a.	Metin içinde geçen herhangi bir ifade ile ilgili olarak çalışmanın sonuna konulan açıklama veya kaynak bilgisi
SONSAL	sf.,fel.	Deneyden çıkan ve deneye bağlı olan (bilgi); aposteriori
SONSUZ	sf.	Sonu olmayan, bitmeyen, ucu bucağı olmayan, hep kalacak olan; bengi (I), bitimsiz, tükenmez, sonrasız, ebedî, ilanihaye, namütenahi, payansız
SOPALI	sf.	Elinde sopası olan
SORGUÇ	a.	Bazı kuşların tepelerinde bulunan uzunca tüy; tuğ, tepelik
SORGUN	a.,bit. b.	► sepetçi söğüdü
SORMAK	-e,-i,-den	Birine soru yönelterek herhangi bir konuda bilgi istemek; sual etmek
SORMUK	a.,ağz.	Çocuk emziği
SORUMA	a.	► somurma
SOSLUK	a.	Sos konulmak için kullanılan kap
SOSYAL	sf.,top. b.	► toplumsal
SOVHOZ	a.	Sovyetler Birliği'nde devlet eliyle yönetilen tarım işletmesi
SOYADI	a.	Herkesin ailece anılmasına yarayan öz adından sonraki adı; aile adı, soy ismi
SOYDAŞ	a.	Soyları bir olan bireylerden her biri
SOYGUN	a.	Genellikle çete durumunda bir araya gelmiş haydutlar tarafından yapılan silahlı hırsızlık
SOYMAK	-i	Bir şeyin üzerinden kabuk, deri, zar vb.ni çıkarmak
SOYMUK	a.,bit. b.	Damarlı bitkilerin kök, gövde ve yapraklarında, ongun besi suyunu ileten borularla, yakın hücrelerden ve bunların arasını dolduran özek dokudan oluşan tabaka
SOYSAL	sf.	Soyla ilgili
SOYSUZ	sf.	Soyuna özgü nitelikleri kaybeden; dejenere
SÖKMEK	-i	Bir şeyi bulunduğu yerden kuvvet kullanarak veya gevşeterek çıkarmak, çekip ayırmak
SÖLPÜK	sf.,ağz.	► sarkık
SÖMÜRÜ	a.	Sömürmek işi
SÖNMEK	nsz.	Yanmaz, aydınlatmaz, parlamaz olmak
SÖRFÇÜ	a.	Sörf sporu yapan kimse
SÖVMEK	-e	Onur kırıcı, çoğu basmakalıp kaba sözler söylemek; donatmak, kalaylamak, kayarlamak, küfretmek, yıkamak
SÖVÜCÜ	sf.	► küfürbaz
SÖYLEM	a.	Bir düşünceyi ortaya koymaktaki yaklaşım tarzı
SÖYLEV	a.	Bir topluluğa düşünceler, duygular aşılamak amacıyla söylenen, uzunca, coşkulu ve güzel söz; nutuk, hitabe
SÖZCÜK	a.	► kelime
SÖZSEL	sf.	Söze ilişkin, sözle ilgili
SÖZSÜZ	sf.	Konuşmadan yapılan; kelimesiz
SPERMA	a.,fizy.	► meni
SPİRAL	sf.	Sarmal biçiminde olan
SPİRİL	a.,biy.	Sarmal biçiminde uzun ve kıvrık, bazıları titrek tüylerle kaplı, iplik biçimindeki bakterilerin genel adı
SPORCU	a.	Sporla uğraşan kimse; sportmen
SPOTÇU	a.,tic.	Bir malı çok miktarda toptancıdan veresiye aldıktan sonra piyasada değerinden daha aşağıya peşin olarak satan kimse
SPRİNT	a.,sp.	Uzun mesafe koşularında son 100 veya 200 metrelerde yapılan atak
STABİL	sf.	► dayanıklı
STADYA	a.	Bir noktanın takeometreye olan uzaklığını ölçmek için, bu nokta üzerine düşey doğrultuda konan santimetrelere bölünmüş mira
STATİK	a.,fiz.	► duruk
STATOR	a.,fiz.	► duruk
STEPNE	a.	► yedek lastik
STEREO	a.	► stereofoni
STERİL	sf.,tıp	► arınık
STEROL	a.,kim.	Hayvanlarda, bitkilerde ve D vitamininde bulunan, genellikle karbon atomlarından oluşan, alkol niteliğinde organik bir madde
STOACI	sf.,fel.	Stoacılık yanlısı (kimse, görüş vb.)
STOKÇU	a.	Stok yapan kimse; istifçi
STOPAJ	a.,tic.	► ön kesinti
STOPER	a.,sp.	Futbolda savunmanın ortasında görev yapan ve topu kesip dağıtan oyuncu; kesici
STORLU	sf.	Storu bulunan
STÜDYO	a.	Sanat çalışmaları için düzenlenmiş oda
SUALLİ	sf.	Suali olan
SUBAŞI	a.,tar.	Şehirlerin güvenlik işlerine bakan görevlilerin başı
SUBRET	a.,tiy.	Komedilerde hafifmeşrep genç kadın veya işveli hizmetçi rollerine çıkan kadın oyuncu
SUÇSUZ	sf.	Suçu olmayan, suç işlememiş olan; masum
SUDOKU	a.	Dokuzar hücreden oluşan dokuz eşit kutuya bölünmüş bir alan üzerinde birden dokuza kadar olan sayıları tekrar etmeyecek şekilde dizmeye dayalı bir zekâ oyunu
SUFLÖR	a.,tiy.	Oyunculara, rollerinde unuttukları sözleri izleyicilere duyurmadan söyleyip hatırlatan erkek
SUFLÖZ	a.,tiy.	Oyunculara, rollerinde unuttukları sözleri izleyicilere duyurmadan söyleyip hatırlatan kadın
SUİZAN	a.,esk.	Kötü zan
SULAMA	a.	Sulamak işi
SULHÇU	sf.	► barışsever
SULHEN	zf.	Barış yoluyla, anlaşıp uzlaşarak
SULTAN	a.,tar.	Müslüman, özellikle Sünni hükümdarların kullandıkları ünvan
SUMSUK	a.,ağz.	► yumruk
SUNGUR	a.	Doğana benzeyen, yırtıcı, avcı kuş
SUNMAK	-e,-i	Bir büyüğe veya nezaket gereğince bir kimseye bir şeyi vermek; arz etmek, takdim etmek
SUNUCU	a.	Radyoda, televizyonda, bir eğlence yerinde programı sunan, açıklayan kimse; takdimci
SUPARA	a.,esk.	Osmanlı Devleti'nde okul kitaplarının genel adı
SUPLES	a.,sp.	Güreşte hasmın sırtını yere getirmek için kendi üzerinden aşırılarak yapılan bir atma hareketi
SURETA	zf.	► görünüşte
SUSAMA	a.	Susamak işi
SUSKUN	sf.	Çok az konuşan, sessiz, sakin olan; samut, sükûti
SUSMAK	nsz.	Konuşmasını bitirmek; kesmek
SUSPUS	sf.	Susmuş, sinmiş
SUTYEN	a.	343 sütyen
SUYOLU	a.	► sutaş
SUZENİ	a.	Kasnağa gerilmiş kumaşa iğne veya tığla yapılan bir nakış türü
SÜBYAN	a.	Çocuklar
SÜĞMEK	nsz.,ağz.	Bitki, ot yetişip ortaya çıkmak, bitmek, yeşermek; süvmek
SÜKÛTİ	sf.,esk.	► suskun
SÜLALE	a.	Soy, hısım akraba
SÜLFAT	a.,kim.	Sülfürik asidin tuzu veya esteri
SÜLFİT	a.,kim.	Sülfürlü asit tuzu
SÜLFÜR	a.,kim.	Kükürdün başka bir elementle yaptığı bileşik
SÜLİNE	a.,hay. b.	Dar ve uzun kavkılı bir deniz yumuşakçası; çakı, denizçakısı (Solen)
SÜMBÜL	a.,bit. b.	Zambakgillerden, soğanla üretilen, keskin kokulu ve türlü renkli, çok yıllık bir süs bitkisi (Hyacinthus orientalis)
SÜMSÜK	a.,hay. b.	Sümsükgillerden, sivri gagalı, kısa bacaklı deniz kuşu (Sulabassana)
SÜMTER	a.,bit. b.	Kırmızımtırak, küçük taneli sert buğday
SÜNDÜS	a.	İpin yanı sıra altın ve gümüş tellerle dokunan, kaftan ve giysi dikiminde kullanılan bir tür ipekli kumaş
SÜNEPE	sf.	Kılıksız ve uyuşuk, sümsük (kimse)
SÜNGER	a.,hay. b.	Genellikle denizlerde bir yere tutunarak koloni durumunda yaşayan, çok hücreli ilkel hayvan
SÜNMEK	nsz.	Esnekliğini yitirerek gevşemek
SÜNNET	a.,din b.	Hz. Muhammed'in Müslümanlarca uyulması gerekli sayılan davranışları, onayları ve herhangi bir konuda söylemiş olduğu sözleri
SÜRAHİ	a.	İçecek koymaya yarar, cam, plastik vb.nden yapılan kap
SÜRÇME	a.	Sürçmek işi
SÜRELİ	sf.	Süresi belli olan; müddetli
SÜRGİT	zf.	► ilelebet
SÜRGÜN	a.	Ceza olarak belli bir yerin dışında veya belli bir yerde oturtulan kimse; menfa
SÜRMEK	-e,-i	At, araba vb. için yönetip yürütmek, sevk etmek
SÜRSAT	a.,tar.	Savaşa giden ordunun geçeceği yollar çevresindeki köylülerden savaş araç ve gereçlerini temin etmesi ve rayiç değeri üzerinden yiyecek satın alması
SÜRTME	a.	Sürtmek işi
SÜRTÜK	a.	Vaktini çok gezerek geçiren, evinde oturmayan kadın
SÜRTÜŞ	a.	Sürtmek işi
SÜRÜCÜ	a.	Karada kullanılan motorlu araçları sürüp yöneten kimse; şoför, taşıtçı
SÜRÜME	a.	Sürümek işi
SÜSMEK	-i	► boynuzlamak
SÜSSÜZ	sf.	Süsü olmayan, süslenmemiş; yalın (II), sade
SÜTANA	a.	► sütanne
SÜTKIZ	a.	Bir kadının kendi çocuğu değilken emzirdiği ve kocasıyla birlikte evlat olarak benimsediği kız çocuk
SÜTLAÇ	a.	Süt, şeker ve pirinçten yapılan bir tatlı türü; sütlü
SÜTLÜK	a.	Süt koymaya yarayan kap
SÜTSÜZ	sf.	İçinde süt bulunmayan, süt katılmadan yapılan
SÜTYEN	a.	Göğüsleri dik tutup dolgun göstermek için kullanılan, saten, dantel vb. kumaşlardan yapılan kadın iç çamaşırı
SÜVARİ	sf.,ask.	► atlı
SÜVMEK	nsz.	► süğmek
SÜZGEÇ	a.	Sıvıları süzmeye yarayan araç; süzek
SÜZGÜN	sf.	Biraz zayıflamış, güçsüzleşmiş; süzük
SÜZMEK	-i	Bir sıvıyı, içindeki katı maddelerden ayırmak için bez veya delikli bir kaptan geçirmek
SÜZÜCÜ	sf.	Süzme özelliği olan
ŞABLON	a.	Üzerindeki harf ve şekillerin çevre çizgileri kalem ucu girecek biçimde oyuk olan, bu çizgilerden kalemle istenilen biçim elde edilen, metal veya plastikten cetvel
ŞAHANE	sf.,esk.	Hükümdarla ilgili, hükümdara özgü olan
ŞAHBAZ	a.,hay. b.	İri bir tür akdoğan
ŞAHİKA	a.	► doruk
ŞAHLIK	a.	Şah olma durumu
ŞAHNİŞ	a.,esk.,mim.	► şahnişin
ŞAHSEN	zf.	Aracısız, kendi (kendim, kendin ...) olarak; bizzat
ŞAHTUR	a.,den.	İnce donanma gemilerinden biri
ŞAKACI	sf.	Şaka yapmasını seven, şakalaşmadan hoşlanan; latifeci
ŞAKALI	sf.	Şaka içeren, içinde şaka bulunan
ŞAKIMA	a.	Şakımak işi; şakrama
ŞAKİRT	a.	► öğrenci
ŞAKRAK	sf.	Şen, neşeli, hayat dolu olan
ŞAKŞAK	a.	Çoğunlukla hokkabazların kullandıkları, hafifçe vurulduğunda hızla vurulmuş gibi "şak" diye ses çıkaran tahta maşa
ŞAKULİ	sf.,esk.	Çekülle ilgili
ŞALAKİ	a.,esk.	Şal taklidi kumaş
ŞALGAM	a.,bit. b.	Turpgillerden, yumru köklü bir bitki (Brassica rapa)
ŞALLAK	sf.	► çıplak
ŞALOPA	a.,den.	► şalupa
ŞALTER	a.,fiz.	► anahtar
ŞALUPA	a.,den.	Geminin karayla bağlantısını sağlayan, kurtarma aracı olarak da kullanılan, kürekle yürütülen en büyük sandalı; şalopa
ŞALVAR	a.	Genellikle ağı çok bol olan, bele bir uçkurla bağlanan, geniş bir pantolon türü; dizlik
ŞAMALI	sf.	Şama ile yapılmış
ŞAMAMA	a.,bit. b.	Güzel kokulu bir tür küçük kavun
ŞAMATA	a.	► gürültü patırtı
ŞAMDAN	a.	Üzerine kandil, mum veya herhangi bir ışık kaynağı konulan yüksek tabla; mumluk, çırakma
ŞANDEL	a.,sp.	Futbolda topu karşı takımın kalecisinin üzerinden aşırtma
ŞANSIZ	sf.	► ünsüz
ŞANSLI	sf.	İsteklerini bilgi ve emekten çok rastlantı sonucu elde eden; ballı
ŞANSON	a.,müz.,ed.	Kıta adı verilen ve şarkı gibi söylenen mısra dizisi
ŞANTAJ	a.	Herhangi bir çıkar sağlamak amacıyla bir kimseyi, kendisiyle ilgili lekeleyici, gözden düşürücü bir haberi yayma veya açığa çıkarma tehdidiyle korkutma
ŞANTÖR	a.,müz.	Erkek şarkıcı
ŞANTÖZ	a.,müz.	Kadın şarkıcı
ŞAPLAK	a.	"Şap" diye ses çıkaran tokat
ŞAPŞAL	sf.	Aptalca davranışlarda bulunan, alık (kimse); ibiş
ŞARABİ	a.	Kırmızı şarap rengi
ŞARBON	a.,tıp	Hayvanlarda, özellikle koyun ve sığırlarda görülen, deri veya mukoza yoluyla insana bulaşan, bulaştığı yerde kara bir çıban yapan tehlikeli hastalık; karakabarcık, karayanık, yanıkara
ŞARJÖR	a.	Tabanca, tüfek gibi silahlarda, belli sayıda mermi taşıyan ve bu mermileri namluya arka arkaya sürmeye yarayan düzenek
ŞARTLI	sf.	Şarta bağlı; koşullu, meşrut
ŞAŞKIN	sf.	Düşünceleri dağılmış, karışmış, ne yapacağını bilemez duruma gelmiş
ŞAŞLIK	a.	Baharatlı sirkeye yatırılmış koyun etinden hazırlanmış bir yemek türü
ŞAŞMAK	-e	Umulmayan, beklenmeyen veya olağanüstü bir olay, bir olgu karşısında şaşkın duruma gelmek, hayret etmek
ŞAŞMAZ	sf.	Değişmez ve yanılmaz nitelikte olan
ŞAŞULA	a.	Soğanlı ve çiçekli bitkileri dikmeye yarayan mala biçiminde küçük kürek
ŞEAMET	a.,esk.	► uğursuzluk
ŞEBBOY	a.,bit. b.	Turpgillerden, güzel kokulu, dar yapraklı, değişik renkli çiçekleri olan, çok yıllık ve otsu bir süs bitkisi (Cheiranthus cheiri)
ŞEBEKE	a.	Ülke çapında yaygınlaştırılmış ulaşım ve iletişim örgüsü; ağ (I)
ŞEBNEM	a.,esk.	► çiy
ŞECAAT	a.,esk.	► yiğitlik
ŞECERE	a.	► soyağacı
ŞEFAAT	a.	Birinin suçunun bağışlanması veya dileğinin yerine getirilmesi için o kimseyle Tanrı arasında peygamberin yaptığı aracılık
ŞEFFAF	sf.	İçinden ışığın geçmesine ve arkasındaki şeylerin görülmesine engel olmayan (cisim); saydam, transparan
ŞEFKAT	a.	► sevecenlik
ŞEFLİK	a.	Şef olma durumu
ŞEHEVİ	sf.,esk.	► erotik
ŞEHNAZ	a.,müz.	Klasik Türk müziğinde bir makam adı
ŞEHVET	a.	Erkek ve dişinin birbirine karşı duydukları güçlü cinsel istek; kösnü
ŞEKLEN	zf.	Biçim bakımından, biçim yönünden
ŞELALE	a.,coğ.	Büyük çağlayan; çavlan, kaskat
ŞEMAİL	a.,esk.	Dış görünüş
ŞENAAT	a.,esk.	► kötülük
ŞENLİK	a.	Şen olma durumu; şetaret
ŞERAİT	a.,esk.	Şartlar
ŞERARE	a.,esk.	► kıvılcım
ŞERBET	a.	Pişmiş baklava vb. hamurlu tatlılara konulmak üzere kaynatılarak hazırlanmış şekerli su; şurup, şire
ŞEREFE	a.	Minarenin gövdesini çepeçevre dolaşan, korkuluklu, ezan okunan yer
ŞERGİL	a.,ağz.	Askıntı, baş belası
ŞERİAT	a.,din b.	Kur'an'daki ayetlere, Hz. Muhammed'in sözlerine dayanan İslam kanunu; İslam hukuku
ŞERİYE	sf.,esk.	İslam hukukuyla ilgili
ŞEŞBEŞ	a.	Zarla oynanan oyunlarda, atılan zarlardan birinin altı, öbürünün beş benekli olan yüzünün üste gelmesi
ŞEŞPER	a.,esk.	Savaş araçlarından altı dilimli topuz
ŞEŞÜDÜ	a.	Zarla oynanan oyunlarda, atılan zarlardan birinin altı, öbürünün iki benekli olan yüzünün üste gelmesi
ŞEŞÜSE	a.	Zarla oynanan oyunlarda, atılan zarlardan birinin altı, öbürünün üç benekli olan yüzünün üste gelmesi
ŞEŞYEK	a.	Zarla oynanan oyunlarda, atılan zarlardan birinin altı, öbürünün bir benekli olan yüzünün üste gelmesi
ŞEVKET	a.,esk.	► büyüklük
ŞEVKLİ	sf.	Şevki olan
ŞEVVAL	a.	Ay takviminin onuncu ayı; bayram ayı
ŞEYTAN	a.,din b.	Hz. Âdem'e secde etmediği için cennetten kovulan, insanları Allah'ın emirlerine karşı kışkırtan, kötülüğe yönelten cin; iblis
ŞIKLIK	a.	Şık olma durumu
ŞIKŞIK	a.	Çıngıraklı çocuk oyuncağı
ŞILLIK	a.,argo	Aşırı ve bayağı biçimde süslenmiş kadın
ŞINGIL	a.,bit. b.	Bir salkımı oluşturan küçük salkımlardan her biri; cıngıl (I), çıngıl
ŞIPŞIP	a.	► şıpıdık
ŞIRACI	a.	Şıra yapıp satan kimse
ŞIRALI	sf.	Tadı ve suyu bol
ŞIVGIN	a.,ağz.	Budanmış yaşlı ağaçların budanan yerlerinden çıkan taze sürgün; çıvgın
ŞİDDET	a.	Bir hareketin, bir gücün derecesi; yeğinlik
ŞİFAHİ	sf.,esk.	► sözlü, tahrirî karşıtı
ŞİFALI	sf.	Sağlığa yararlı olan
ŞİİRCE	a.,ed.	► mensur şiir
ŞİİRLİ	sf.	Şiir havasında olan
ŞİİRSİ	sf.	Şiiri andıran, şiire benzeyen; şiirimsi
ŞİKELİ	sf.	Şike yapılan
ŞİMALÎ	sf.,coğ.	► kuzey
ŞİMŞİR	a.,bit. b.	Şimşirgillerden, yaprakları her mevsimde yeşil kalan, taşlık, çorak bölgelerde kendiliğinden yetişen veya bahçelerde süs bitkisi olarak yetiştirilen, odunu sarımsı renkli ve çok sert olan bir ağaççık (Buxus sempervirens)
ŞİPŞAK	zf.,tkz.	► çabucak
ŞİRAZE	a.	Ciltçilikte, kitap yapraklarını düzgün tutmaya yarayan ince örülmüş şerit
ŞİRDEN	a.,hay. b.	Geviş getiren hayvanlarda, çiğnenmiş besinin bir kez daha mide sularıyla sindirildiği, dört bölümlü midenin dördüncü bölümü
ŞİRELİ	sf.	► şerbetli
ŞİRKET	a.,tic.	► ortaklık
ŞİRRET	sf.	Kavga çıkarmaktan hoşlanan, çok konuşarak üste çıkan, karşısındakini bastıran, edepsiz (kimse)
ŞİRYAN	a.,esk.	► atardamar
ŞİSTLİ	sf.	Şist gibi yapraklı
ŞİŞECİ	a.	Şişe alan veya satan kimse
ŞİŞKİN	sf.	Şişmiş, şişirilmiş
ŞİŞLİK	sf.	Şiş (II) olmaya elverişli
ŞİŞMAN	sf.	Deri altında fazla yağ toplanması sebebiyle vücudun her yanı şişkin görünen (kimse); kilolu, semiz, şişko, mülahham
ŞİŞMEK	nsz.	İçi hava veya gazlarla dolarak gerilmek
ŞİVELİ	sf.	Konuşması şive özelliği taşıyan
ŞİZOİT	sf.	► bozuk (I)
ŞLEMPE	a.,kim.	Tanelerin, melasın fermantasyonuyla veya damıtma yoluyla alkolün alınmasından sonra geriye kalan çok sulu hâldeki lapa
ŞOFBEN	a.	Gaz veya elektrikle çalışarak sıcak su sağlayan araç
ŞOKOLA	a.	Çikolata, şeker, su veya sütle yapılan sıcak içecek
ŞOMLUK	a.	► uğursuzluk
ŞOROLO	a.,ağz.	Kadınlaşmış, kadın kılığına girmiş olan ve ahlak dışı ilişkiler için kullanılan erkek
ŞOVMEN	a.	► gösteri adamı
ŞÖHRET	a.	► ün
ŞÖMİNE	a.	Odalarda, genellikle duvar kenarlarında tuğla veya taştan yapılmış, bacası olan yer; ocak
ŞÖVALE	a.	► ressam sehpası
ŞUBARA	a.	Çuhadan yapılmış, yuvarlak tepeli ve dilimli eski bir kalpak
ŞUHLUK	a.	Şuh olma durumu
ŞUNDAN		şu nedenle
ŞUNLAR	zm.	Şu zamirinin çokluk biçimi
ŞUNSUZ	zf.	Şu olmaksızın
ŞURADA	zf.	Şu yerde
ŞURALI	sf.	Şu yerin halkından olan, şu yöreden olan
ŞURASI	a.	► şura
ŞUURLU	sf.	► bilinçli
ŞÜHEDA	a.,esk.	Şehitler
ŞÜKRAN	a.	İyilik bilme; gönül borcu, minnettarlık
ŞÜREKÂ	a.,esk.	Ortaklar, şerikler
TABAAT	a.,esk.	► basımcılık
TABAKA	a.,jeol.	► katman
TABELA	a.	Üzerinde tanıtıcı, belirtici bir yazı, açıklama, işaret veya resim bulunan nesne; levha
TABİAT	a.	► doğa
TÂBİİN	a.,din b.	Hz. Muhammed’i görmüş olanları gören, Hz. Muhammed'den sonra gelen ikinci nesil; tâbii
TABİYE	a.	Yerli yerine koyup hazırlama, yerleştirme
TABLET	a.	Düz ve yassı biçimli, çiğnenecek veya yutulacak madde
TABURE	a.	Sırt ve kol dayayacak yeri olmayan iskemle; sekmen
TAÇSIZ	sf.	Tacı olmayan
TAFLAN	a.,bit. b.	Gülgillerden, kışın yapraklarını dökmeyen, çiçekleri salkım durumunda, beyaz veya yeşil olan, süs bitkisi olarak bahçelerde yetiştirilen küçük bir ağaç; karayemiş ağacı, karayemiş (Prunus laurocerasus)
TAFSİL	a.,esk.	Bir şeyi ayrıntılarıyla anlatma, açıklama
TAĞŞİŞ	a.	Bir şeyin içine başka bir madde karıştırma; katıştırma
TAĞYİR	a.,esk.	Değiştirme, başkalaştırma
TAHDİT	a.	Sınırlama, çevreleme, çevresini daraltma
TAHFİF	a.,esk.	► hafifletme
TAHİNÎ	a.	► tahin rengi
TAHKİK	a.	► soruşturma
TAHKİM	a.,esk.	► sağlamlaştırma
TAHKİR	a.	Aşağılama, onur kırma, onuruna dokunma
TAHLİF	a.,esk.	Ant içirme, yemin ettirme
TAHLİL	a.	Bileşik bir maddenin birleşimindeki yalın maddelerin niteliğini veya niceliğini anlamak için yapılan iş; analiz
TAHLİS	a.,esk.	► kurtarma
TAHMİL	a.,esk.	► yükleme
TAHMİN	a.	Yaklaşık olarak değerlendirme; oranlama
TAHMİS	a.,ed.	Divan edebiyatında bir gazelin her beytinin başına birinci mısranın kafiyesine uygun üç dize katılması durumu; beşleme
TAHNİT	a.	Bozulmaması için ölüyü ilaçlama
TAHRİF	a.,esk.	Bir şeyin aslını bozma; değiştirme
TAHRİK	a.	Cinsel isteği, duyguları uyandırma, artırma
TAHRİL	a.,esk.	► tahrir
TAHRİP	a.	Yıkma, kırıp dökme, harap etme, bozma
TAHRİR	a.,esk.	► yazma (I)
TAHRİŞ	a.	Tırmalanma, tırmalama
TAHSİL	a.	Parayı alma, toplama
TAHSİN	a.	Güzel bulup takdir etme
TAHSİS	a.	Bir şeyi bir kimseye veya bir yere ayırma
TAHVİL	a.	Devletin veya özel bir kuruluşun ödünç para almak için çıkardığı, değişik dönemlerde belirli oranlarda faiz getiren yazılı senet; obligasyon
TAKACI	a.	Taka işleten kimse
TAKAZA	a.,esk.	► azarlama
TAKBİH	a.,esk.	Çirkin görme, beğenmeme
TAKDİM	a.	Bir şeyi karşılıksız olarak birine verme
TAKDİR	a.	Beğenip belirtme, değer verme; beğeni
TAKDİS	a.	Kutsal sayma; kutsama
TAKILI	sf.	Takılmış, tutturulmuş, asılmış
TAKİYE	a.	Mezhep belirtmeme, gizleme
TAKLİP	a.,esk.	► döndürme
TAKLİT	a.	Belli bir örneğe benzemeye veya benzetmeye çalışma; öykünme
TAKMAK	-i	Bir şeyi başka bir yere uygun bir biçimde tutturmak, iliştirmek, geçirmek
TAKRİP	a.,esk.	► yaklaştırma
TAKRİR	a.,esk.	Belli bir yere yerleştirme, orada bulundurma
TAKRİZ	a.,esk.,ed.	Hakkında yazı yazarak bir eseri övme
TAKSİM	a.	► paylaştırma
TAKSİR	a.,esk.	► kısaltma
TAKSİT	a.	Bir borcun belli zamanlarda ödenmesi gerekli olan parçalarından her biri
TAKTİK	a.	İstenen sonuca ulaşmak için izlenen yol; tabiye
TAKTİR	a.,esk.,kim.,fiz.	► damıtma
TAKYİT	a.,esk.	► kayıtlama
TALEBE	a.	► öğrenci
TALİKA	a.,esk.	Dört tekerlekli, üstü kapalı, yaylı bir tür at arabası
TALKIM	a.,bit. b.	Ana sapın bir çiçekle sonuçlandığı, büyümeyi yan sapların sürdürdüğü bir tür uzama biçimi
TALKIN	a.,din b.	Gömüldükten sonra mezar başında imamın ölüye hitaben söylediği dinî sözler ve dualar; telkin
TALTİF	a.,esk.	İyilik ederek gönül alma
TALVEG	a.,coğ.	Bir vadinin en derin yerlerini birleştiren çizgi
TALYUM	a.,kim.	Atom numarası 81, atom ağırlığı 204,39, yoğunluğu 11,85 olan, 303 °C'de eriyen, fizik özellikleri bakımından kurşuna çok yaklaşan, tuzları ve bileşikleri zehirli bir element (simgesi Tl)
TAMBUR	a.,müz.	Klasik Türk müziğinin başlıca çalgılarından biri olan, yay veya mızrapla çalınan, uzun saplı, telli çalgı
TAMLIK	a.	Eksik olmama durumu; tamamiyet
TAMPON	a.	Bir deliği kapamaya yarayan, herhangi bir maddeden yapılmış büyük tıkaç
TAMTAM	a.,müz.	Orkestrada yer alan bir tür Çin gongu
TAMTUR	a.	Çepeçevre değerli taşlarla kaplanmış yüzük
TANDEM	a.	İki kişilik bisiklet
TANDIR	a.	Yere çukur kazılarak yapılan bir fırın türü
TANELİ	sf.	Tanelerden oluşmuş
TANIMA	a.	Tanımak işi
TANITI	a.	İletişim araçları yoluyla tanıtma işi
TANKÇI	a.,ask.	Tank kullanan veya tankla birlikte savaşan asker
TANKER	a.	Petrol, benzin gibi akaryakıt ürünleriyle, sanayi ile ilgili yağ, şarap vb. sıvı maddeleri taşıyan gemi veya kamyon
TANNAN	sf.,esk.	Tınlayan, çınlayan
TANSIK	a.,esk.	► mucize
TANTAL	a.,kim.	Atom numarası 73, atom ağırlığı 180,88, yoğunluğu 16,6 olan, 3000 °C'ye doğru eriyen ve siyah bir toz durumunda elde edilen bir element (simgesi Ta)
TANZİM	a.	Sıraya koyma, sıralama
TANZİR	a.,esk.	► benzetme
TAPALI	sf.	Tapa konmuş olan; tıpalı
TAPMAK	-e	İlah olarak tanınan varlığa karşı inancını ve bağlılığını belirli kurallar çerçevesinde göstermek
TAPUCU	a.	► tapu memuru
TAPULU	sf.	Tapusu olan
TARABA	a.,ağz.	► tahta perde
TARAÇA	a.	► teras
TARALI	sf.	Taranmış olan
TARAMA	a.	Taramak işi
TARÇIN	a.,bit. b.	Defnegillerden, genellikle Asya'nın güneyinde yetişen ve değişik türleri bulunan bir ağaç (Cinnamomum)
TARHUN	a.,bit. b.	Birleşikgillerden, hekimlikte kullanılan, güzel kokulu bir bitki (Artemisia dracunculus)
TARİFE	a.	Fiyat gösteren çizelge
TARİHÎ	sf.	► tarihsel
TARPAN	a.,hay. b.	Atgillerden, soyu tükenmiş olan, küçük, çevik bir yaban atı (Equus gmelini)
TARSİN	a.,esk.	► sağlamlaştırma
TARTAR	a.	Suda eriyen, alkol ve eterde erimeyen, asit tadında beyaz bir tuz
TARTIL	sf.,kim.	Tartıya dayanan
TARTIM	a.,müz.	► ritim
TARTIŞ	a.	Tartmak işi
TARTMA	a.	Tartmak işi
TASALI	sf.	► kaygılı
TASARI	a.	Olması veya yapılması düşünülen bir şeyin zihinde aldığı biçim
TASDİK	a.	► doğrulama
TASGİR	a.,esk.	► küçültme
TASHİH	a.	► düzelti
TASLAK	a.	Bir şeyi, bir sanat veya edebiyat eserini ana çizgileriyle, türlü bölümleriyle belirten ön çalışma
TASMİM	a.,esk.	► tasımlama
TASNİF	a.	► bölümleme
TASRİF	a.,esk.,db.	► çekim
TASRİH	a.,esk.	► belirtme
TASTİR	a.,esk.	Yazı yazma
TASVİP	a.	Bir düşünce veya davranışın doğru ve isabetli olduğunu belirtme, uygun bulma; onama
TASVİR	a.	► betimleme
TAŞÇIL	sf.	Taşı andıran, taş gibi
TAŞIMA	a.	Taşımak işi
TAŞİZM	a.	► lekecilik
TAŞKIN	sf.	Taşmış bir durumda olan
TAŞLIK	sf.	Taşı bol, taşlı (yer)
TAŞMAK	nsz.	Sıvı maddeler, içinde bulundukları kaba sığmayacak kadar çoğalma ve kabarma yüzünden kenarları aşmak
TAŞSIZ	sf.	Taşı olmayan
TATARI	sf.,ağz.	Tam pişmemiş
TATAVA	a.	Çok fazla söz
TATBİK	a.	► uygulama
TATMAK	-i	Dil yardımıyla bir şeyin tadının nasıl olduğunu anlamak
TATMİN	a.	İstenen bir şeyin gerçekleşmesini sağlama, gönül doygunluğuna erme; doyum
TATSAL	sf.,biy.	Tat alma duyusu ile ilgili
TATSIZ	sf.	Tadı iyi olmayan, lezzetsiz olan
TATULA	a.,bit. b.	Patlıcangillerden, çiçekleri beyaz veya mor renkte, meyveleri dikenli, hekimlikte kasların kasılmasını gidermek üzere kullanılan bir yıllık ve otsu bir bitki; şeytan elması, boru çiçeği (Datura stramonium)
TAVAŞİ	a.	► harem ağası
TAVSIZ	sf.	Tavlanmamış, tav verilmemiş, henüz işlenecek kıvama gelmemiş
TAVSİF	a.,esk.	Nitelendirme, niteliklerini söyleme
TAVZİF	a.,esk.	► görevlendirme
TAVZİH	a.,esk.	► açıklama
TAYDAŞ	a.,ağz.	► akran
TAYFUN	a.,coğ.	Okyanuslarda görülen ve doğudan batıya doğru esen güçlü kasırga
TAYLAK	a.,ağz.	At veya deve yavrusu
TAYYAR	sf.,esk.	► uçucu
TAYYÖR	a.	Ceket ve etekten oluşan kadın giysisi
TAZECE	sf.	Tazeliğini koruyan, tazeliğini yitirmemiş
TAZICI	a.	Tazı yetiştiren veya satan kimse
TAZİYE	a.	► başsağlığı
TAZMİN	a.	Zararı ödeme
TAZYİK	a.	Bir şeyi sıkıştırma, darlaştırma
TEADÜL	a.,esk.	► denklik
TEAKUP	a.,esk.	Art arda gelme
TEAMÜL	a.	Bir yerde öteden beri olagelen davranış
TEARUZ	a.,esk.	Çatışma, birbirine ters düşme
TEAVÜN	a.,esk.	► yardımlaşma
TEBCİL	a.,esk.	Saygı gösterip ağırlama
TEBDİL	a.,esk.	► değiştirme
TEBLİĞ	a.	► bildirme
TEBRİK	a.	► kutlama
TEBŞİR	a.,esk.	► muştulama
TEBYİZ	a.,esk.	Bir yazı ile ilgili taslağı temize çekme
TECDİT	a.,esk.	Bir şeyi yenileme
TECRİT	a.	► ayırma
TECVİT	a.	Kelimelerin söylenişinde, seslerin çıkaklarına, uzunluk ve kısalıklarına göre okunması
TECVİZ	a.,esk.	Yapılmasını uygun bulma, izin verme
TEÇHİL	a.,esk.	► bilmezleme
TEÇHİZ	a.,esk.	► donatma
TEDAVİ	a.	Çeşitli yöntemlerle hastalığı iyileştirme; terapi
TEDBİR	a.	► önlem
TEDFİN	a.,esk.	► gömme
TEDHİŞ	a.,esk.	► terör
TEDİYE	a.,esk.,tic.	► ödeme
TEDRİÇ	a.,esk.	► kerteleme
TEDRİS	a.,esk.	► öğretme
TEDVİN	a.,esk.	► derleme
TEDVİR	a.,esk.	► çevirme
TEENNİ	a.,esk.	İlerisini düşünerek acelesiz iş görme, ağır davranma
TEFCİR	a.,esk.	► akaçlama
TEFECİ	a.,ekon.	El altından yüksek faizle ödünç para veren kimse; faizci, murabahacı
TEFELİ	sf.	Sık dokunmuş (bez)
TEFEÜL	a.,esk.	Fal açma, fala bakma
TEFHİM	a.,esk.	► anlatma
TEFRİK	a.,esk.	► ayrım
TEFRİŞ	a.,esk.	Döşeme işi
TEFRİT	a.,esk.	Herhangi bir konuda çok geride kalma, yeterli ölçüde olmama durumu, ifrat karşıtı
TEFSİR	a.	► yorumlama
TEFTİH	a.,esk.	► açma
TEFTİŞ	a.	► denetleme
TEFVİZ	a.,esk.	► ihale
TEĞMEN	a.,ask.	Orduda rütbesi asteğmenle üsteğmen arasında olan, takım komutanlığı yapan subay; mülazım
TEHCİR	a.	Göç ettirme, göç etmesine sebep olma; sürme (I)
TEHDİT	a.	Bir kimseyi, gelecek herhangi bir tehlike ile korkutma
TEHYİÇ	a.,esk.	► heyecanlandırma
TEHZİL	a.,esk.	Alaya alma
TEKÂPU	a.,esk.	Dalkavukluk etme, birinin her dediğini, her yaptığını onaylama
TEKAÜT	a.,esk.	Emekliye ayrılma
TEKBİR	a.,din b.	Müslümanlıkta Tanrı'nın büyüklüğünü, yüceliğini anmak için söylenen ve "Allahuekber" sözü ile başlayan dua
TEKDİR	a.,esk.	► azarlama
TEKFİN	a.,esk.	► kefenleme
TEKFİR	a.,esk.	Kâfir sayma
TEKFUR	a.,tar.	Bizans İmparatorluğu zamanında askerî ve idari hizmetlerde bulunan valilik düzeyindeki Anadolu ve Rumeli’deki Hristiyan beylerine verilen ad
TEKİLA	a.	Sert bir Meksika içkisi
TEKLİF	a.	Yapması için birinden bir iş isteme
TEKLİK	a.	Tek, bir olma durumu
TEKMİL	a.,esk.	Bir şeyi tamamlama, bitirme
TEKNİK	a.	Bir sanat, bir bilim, bir meslek dalında kullanılan yöntemlerin hepsi
TEKRAR	a.	Aynı olayın, işin, hareketin yeniden ortaya çıkışı, tekrarlanması
TEKRİR	a.	Tekrar etme, yeniden söyleme
TEKSİF	a.,esk.	► yoğunlaştırma
TEKSİR	a.	► çoğaltma
TEKTAŞ	sf.	Sadece bir pırlantası veya elması olan (yüzük, küpe)
TEKVİN	a.,esk.	Oluşturma, var etme
TEKZİP	a.	► yalanlama
TELAFİ	a.	Kötü bir etkiyi veya sonucu başka bir etki ile yok etme, karşılama
TELAKİ	a.,esk.	► buluşma
TELARO	a.	► ip iskelesi
TELAŞE	a.	► telaş
TELCİK	a.	Çok ince tel; lifçik
TELEKE	a.,ağz.	Uzun ve sert kanat telekleri
TELEKS	a.	Telsiz ve telem araçlarına uzaktan haber yazdırma düzeni
TELEME	a.	► teleme peyniri
TELFİN	a.	Lakerda yapılmak için kesilmiş torik balığı parçası; takoz
TELHİS	a.,esk.	► özet
TELKİH	a.,esk.	► aşılama
TELKİN	a.	Bir duyguyu, bir düşünceyi aşılama
TELLAK	a.	Hamamda hizmet eden ve erkek müşterileri yıkayan erkek
TELLAL	a.	Herhangi bir şeyi, olayı veya bir şeyin satılacağını halka duyurmak için çarşıda, pazarda yüksek sesle bağıran kimse; çağırtmaç
TELLÜR	a.,kim.	Atom numarası 52, atom ağırlığı 127,60, yoğunluğu 6,24 olan, 450 °C'de eriyen, mavimtırak beyaz renkte bir element (simgesi Te)
TELMİH	a.	Anlatılmak istenen şeyi söz arasında imalı olarak belli etme, açıkça söylememe
TELSEL	sf.	Tel gibi olan
TELSİZ	sf.	Teli olmayan
TELTİK	a.,ağz.	Hata, kusur içerme
TELVİS	a.,esk.	Pislik bulaştırma
TEMADİ	a.,esk.	Bir şey sürüp gitme, uzama
TEMAŞA	a.,esk.	Hoşlanarak bakma, seyretme
TEMBEL	sf.	İş görmeyi, çalışmayı sevmeyen, çaba göstermekten, sıkıntıdan kaçan (kimse); ağırcanlı, haymana
TEMBİH	a.	Bir şeyin belli biçimde ve yolda yapılmasını söyleme, bunu üsteleyerek hatırlatma
TEMBUL	a.,bit. b.	Hindistan'da yetişen, tırmanıcı bir tür biber ağacı (Piper betle)
TEMCİT	a.,din b.	Recep, şaban ve ramazan ayları süresince, sabah ezanından sonra minarelerden okunan ve Allah'ın yüceliğini belirten dua
TEMDİT	a.,esk.	► uzatma
TEMHİR	a.,esk.	► mühürleme
TEMKİN	a.	Bir işin sonunu düşünerek ölçülü, tedbirli davranma
TEMLİK	a.,esk.	Mülk olarak verme
TEMMUZ	a.	Yılın yedinci ayı; orak ayı
TEMREN	a.,sp.	Cirit, ok, mızrak vb.nin ucundaki üçgen bölüm; başak (II)
TEMRİN	a.,esk.	► alıştırma
TEMSİL	a.	Birinin veya bir topluluğun adına davranma
TEMYİZ	a.,esk.	Ayırt etme
TENDER	a.	Lokomotifin arkasına bağlanan, gerekli yakıtı, suyu taşıyan vagon
TENDON	a.,anat.	► kiriş
TENEKE	a.	Yumuşak çelikten yapılmış üzeri kalay kaplı ince sac
TENFİZ	a.	Hükmünü yürütme
TENKİL	a.,esk.	► uzaklaştırma
TENKİS	a.,esk.	► eksiltme
TENKİT	a.	► eleştiri
TENSEL	sf.	Bedene ait, tenle ilgili
TENSİK	a.,esk.	Düzenleme, düzeltme, yoluna koyma
TENSİL	a.,esk.	Ağacın düşen yapraklarını toplayıp dibine gömme
TENSİP	a.,esk.	► yaraştırma
TENTÜR	a.,kim.	Alkolün bir veya birden çok bitki üstündeki eritici etkisi sonucu elde edilen sıvı ilaç
TENVİR	a.,esk.	► aydınlatma
TENZİH	a.,esk.	Kusur ve günahlardan temiz olduğunu söyleme
TENZİL	a.,esk.	► indirme
TEOLOG	a.	► tanrı bilimci
TEOREM	a.,man.	Kanıtlanabilen bilimsel önerme
TEORİK	sf.	► kuramsal
TEPELİ	sf.	Tepesi olan
TEPHİR	a.,esk.	Buharlaşma, buharlaştırma
TEPKİN	sf.	Tepkime özelliği olan, tepkiyen
TEPMEK	-i	Hayvan, ayağıyla vurmak
TERANE	a.,müz.	Ezgi, makam, nağme
TERAPİ	a.	► tedavi
TERAVİ	a.	343 teravih
TERCİH	a.	► yeğleme
TERDİT	a.,esk.,ed.	Yazıda beklenmedik bir sonuçla karşılaşma
TERECİ	a.	Tere yetiştiren veya satan kimse
TEREKE	a.,huk.	► miras
TERFİH	a.,esk.	Ferahlatma, rahat yaşamasını sağlama
TERFİK	a.,esk.	Bir kimseyi arkadaş olarak yanına alma
TERGAL	a.	► terilen
TERHİN	a.,esk.,tic.	Rehin olarak bırakma, rehine koyma, tutuya koyma
TERHİS	a.,ask.	Askerlik ödevini bitirenleri ordudan bırakma
TERKİN	a.,esk.	Yazılmış bir şeyi çizerek silme
TERKİP	a.	Birleşim, birleştirme, bir araya getirme
TERLİK	a.	Genellikle ev içinde giyilen, deri, naylon vb. şeylerden yapılan, arkası açık, hafif ve türlü biçimlerde ayak giysisi; çedik
TERMAL	a.	Sıcak kaplıca suyu
TERMİK	sf.	► ısıl
TERMİN	a.	► randevu
TERMİT	a.,hay. b.	► akkarınca
TERMOS	a.	Yalıtım maddesiyle kaplı metal bir kılıf içine yerleştirilen, aralarında hava boşluğu bulunan çift çeperli cam şişeden oluşan, içine konan sıvının ısısını uzun süre koruyan kap
TERSİM	a.,esk.	Resmini yapma
TERTİP	a.	► sıralama
TERVİÇ	a.,esk.	► destekleme
TERZİL	a.,esk.	Küçük düşürme
TESCİL	a.	Herhangi bir şeyi resmî olarak kaydetme, kütüğe geçirme
TESDİS	a.,esk.	Sayısını altıya çıkarma veya altıya bölme
TESHİL	a.,esk.	► kolaylaştırma
TESHİN	a.,esk.	► ısıtma
TESHİR	a.,esk.	Büyü yapma
TESKİN	a.	Acı, öfke, heyecan vb. duyguları yatıştırma, dindirmeye çalışma
TESLİM	a.	Bir şeyi sahibine verme
TESLİS	a.,esk.	Üçe çıkarma; üçleme
TESPİH	a.	"Süphanallah" sözünü söyleme
TESPİT	a.	Bir şeyi sağlam bir biçimde yerleştirme, yerinden oynamaz duruma getirme
TESTİS	a.,anat.	► taşak
TESVİT	a.,esk.	Karalama, müsvedde yapma
TEŞBİH	a.,ed.	► benzetme
TEŞDİT	a.,esk.	Şiddetini artırma, güç verme
TEŞHİR	a.	► gösterme
TEŞHİS	a.	Kim ve ne olduğunu anlama, tanıma, seçme
TEŞKİL	a.	Oluşturma, ortaya çıkarma, meydana getirme
TEŞMİL	a.,esk.	Kapsamına alma
TEŞRİF	a.	Bir yeri onurlandırma, şereflendirme
TEŞRİH	a.,esk.	Bir sorunu veya konuyu ele alıp en ince noktalarına kadar gözden geçirerek anlatma; açımlama
TEŞRİİ	sf.,esk.	► yasamalı
TEŞRİK	a.,esk.	Yaptığı bir işe bir kimseyi ortak etme
TEŞRİN	a.,esk.	Eski takvimde ekim ve kasım ayları için kullanılan ortak isim
TEŞVİK	a.	► isteklendirme
TEŞVİŞ	a.,esk.	► karıştırma
TETBEŞ	a.	Birbirine baş başa, yan yana ve taban tabana olmak üzere ters biçimde basılmış iki pul
TETKİK	a.	► inceleme
TEVABİ	a.,esk.	► maiyet
TEVALİ	a.	Art arda gelme, ardı arası kesilmeme, sürüp gitme
TEVAZU	a.	► alçak gönüllülük
TEVBİH	a.,esk.	► azarlama
TEVCİH	a.,esk.	► yöneltme
TEVFİK	a.	Allah'ın yardımına kavuşma
TEVHİT	a.,din b.	Allah'ın birliğine inanma, bir sayma, bir olarak bakma
TEVKİF	a.,esk.	► durdurma
TEVKİL	a.,esk.	Vekil etme
TEVLİT	a.,esk.	► doğurma
TEVSİK	a.,esk.	► belgeleme
TEVŞİH	a.,esk.	► akrostiş
TEZENE	a.,müz.	► mızrap
TEZGÂH	a.	Genellikle dükkânlarda satıcıların önündeki uzun masa
TEZHİP	a.	Levhaların, yazma kitapların, sayfaların yaldız ve boya ile bezenmesi, yaldızlanması ile yapılan süsleme sanatı
TEZLİK	a.	Tez olma durumu
TEZVİR	a.,esk.	Yalan söyleme
TEZYİF	a.,esk.	Bir şeyi değersiz, adi, bayağı, aşağılık göstermeye çalışma, küçültmek isteme
TEZYİN	a.,esk.	► süsleme
TEZYİT	a.,esk.	► artırma
TIBBEN	zf.	Tıpla ilgili olarak, tıbba göre
TIGALA	a.,esk.,bit. b.	Sütleğengillerden bir bitkiden elde edilen, hekimlikte kullanılan zamk ve öz su
TIĞLIK	a.	İçine tığ konulan kutu veya kap
TIKALI	sf.	Herhangi bir şeyin geçmesine imkân vermeyen, tıkanmış, kapanmış olan
TIKAMA	a.	Tıkamak işi; berkitme
TIKMAK	-e,-i	İterek, zorla, aceleyle sokmak
TIKNAZ	sf.	Şişmanca, toplu, kısa ve kalın yapılı; tıkız
TILSIM	a.	Doğaüstü işler yapabileceğine inanılan güç
TINGIR	a.	Metal bir nesne sert bir yüzeye düştüğü zaman çıkan ses
TINMAK	nsz.,tkz.	Ses çıkarmak
TINNET	a.,esk.	Tınlama, çınlama
TINTIN	sf.	Boş, bomboş
TIPALI	sf.	► tapalı
TIRINK	a.	Sert bir yüzeye çarpan para vb. metal bir nesnenin çıkardığı ses
TIRKAZ	a.,ağz.	► kapı mandalı
TIRMIK	a.	Tırnak beresi, tırnak çiziği
TIRNAK	a.,anat.	İnsanda ve birçok omurgalı hayvanda parmak uçlarının dış bölümünü örten boynuzsu tabaka
TIRPAN	a.	Uzun bir sapın ucuna tutturulan, ot, ekin vb.ni biçmeye yarayan, hafifçe kıvrık, uzun çelik bıçak; çalgı orağı, çalkı
TIRSIK	sf.	Tırsmış olan
TIRSMA	a.	Tırsmak durumu
TIRTIK	a.	► çentik
TIRTIL	a.,hay. b.	Yumurtadan çıkan kelebek kurtçuklarının ilk durumu
TIRTIR	a.,hay. b.	Zar kanatlılardan, uzun gövdeli, uzun duyargalı, kurtçuk evresini tarım bitkilerine zarar veren böcekler üzerinde geçiren bir tür böcek (Ichneumon)
TIYNET	a.,esk.	► yaradılış
TİCANİ	sf.	Yobaz, gerici
TİCARİ	sf.	Ticaretle ilgili, ticarete ilişkin
TİFTİK	a.	Tiftik keçisinin ince, yumuşak, parlak yünü; moher
TİLMİZ	a.,esk.	► öğrenci
TİMBAL	a.,müz.	Üstü deri ile kaplı, bakırdan yapılan, küre biçiminde bir davul türü
TİMİNG	a.	343 zamanlama
TİMSAL	a.,esk.	► simge
TİNSEL	sf.,fel.	► ruhsal, özdeksel karşıtı
TİPİLİ	sf.	Kar fırtınalı
TİPOCU	a.	Basımevlerinde tipo baskısıyla uğraşan kimse
TİRFİL	a.,bit. b.	Bir tür yonca
TİRHOS	a.,hay. b.	Taze sardalya balığı
TİRİNK	sf.	► peşin
TİRLİN	a.	Mürekkeple çizgi çizmeye yarayan, türlü kalınlıklarda gereç
TİROİT	a.,anat.	► tiroit bezi
TİRYAK	a.,esk.	► panzehir
TİŞÖRT	a.	Genellikle kısa kollu, pamuklu spor giysi
TİTREK	sf.	Titreyen; lerzan
TİTREM	a.,db.	► ton (II)
TOKALI	sf.	Tokası olan, toka takılmış olan
TOKLUK	a.	Tok olma durumu
TOKMAK	a.	Ağaçtan yapılmış iri çekiç
TOKSİK	sf.,tıp	► zehirli
TOKSİN	a.,biy.	Canlı organizmalarda görülen zehir
TOLERE	sf.	"Hoş görmek; kaldırmak, katlanmak, tahammül etmek; gidermek" anlamlarındaki tolere etmek birleşik fiilinde geçen bir söz
TOLÜEN	a.,kim.	Maden kömürü katranından çıkarılan, eritici ve leke çıkarıcı olarak kullanılan, yanabilir sıvı hidrokarbür (CH)
TOMBAK	a.	Kuyumculukta kullanılan, %80 bakır, %20 çinkodan oluşan sarı renkli alaşım
TOMBAZ	a.,den.	Irmaklarda işleyen, altı düz kayık
TOMBİK	a.,hay. b.	Kuzey Afrika kıyılarında avlanan bir çeşit orkinosun yavrusu; tombilya
TOMBUL	sf.	► yuvarlak
TOMRUK	a.	Ağacın kesilerek silindir biçimine getirilmiş gövdesi
TONLUK	sf.	Belli bir ton ağırlığında olan
TONSUZ	sf.,db.	Akciğerlerden gelen havanın titreşime uğramadan boğumlanmasıyla oluşan (ses); sert, sedasız, ötümsüz, titreşimsiz
TONTON	sf.,tkz.	Sevimli, hoş (kimse)
TOPBAŞ	a.,bit. b.	Anadolu'da özellikle Tokat yöresinde yetiştirilen açık renkli, orta boy yapraklı ve tatlı içimli bir tütün türü
TOPLA!		taşıtlarda sürücünün direksiyonu gideceği yöne çevirmesini söylemek için kullanılan bir söz
TOPLAÇ	a.,fiz.	Elektrik dinamolarında, hareketli bölümün üzerindeki iletken devrelerde oluşan akımı toplayıp tek bir devreye veren araç; kolektör
TOPLAM	a.,mat.	Toplama işleminin sonucu; mecmu, yekûn
TOPLUM	a.,top. b.	Aynı toprak parçası üzerinde bir arada yaşayan ve temel çıkarlarını sağlamak için iş birliği yapan insanların tümü; cemiyet
TOPRAK	a.	Yer kabuğunun, toz durumuna gelmiş türlü kütle kırıntılarıyla, çürümüş organik cisimlerden oluşan ve canlılara yaşama ortamı sağlayan yüzey bölümü; kara yer, hâk, türap
TOPSUZ	sf.	Topu olmayan
TOPTAN	sf.,tic.	Büyük ölçüde, çok miktarda yapılan (alışveriş), perakende karşıtı
TORERO	a.	► boğa güreşçisi
TORLAK	sf.	Genç, toy olan
TORLUK	a.	Tor olma durumu
TORNET	a.	Bilyeli tekerlekler takılmış küçük bir sandıktan oluşan basit taşıma aracı
TORPİL	a.	Genellikle bayramlarda çocukların eğlence aracı olarak kullandığı yanıcı madde
TORTOP	sf.	Bütünüyle top biçiminde, yusyuvarlak (olan)
TORTUL	sf.	Tortu niteliğinde olan
TORYUM	a.,kim.	Atom numarası 90, atom ağırlığı yaklaşık 232 olan, yoğunluğu 112,6 olan, 1700 °C'de eriyen, kurşun renginde, havada bozulmaz, atom enerjisi kaynağı olarak kullanılan radyoaktif bir element (simgesi Th)
TOSTÇU	a.	Tost yapan veya satan kimse
TOYAKA	a.	Bükerek germek için iki kat edilmiş bir ipin ucuna geçirilen tahta parçası
TOYDAN	a.,hay. b.	Bir tür iri toy kuşu
TOYGAR	a.,hay. b.	► tarla kuşu
TOYLUK	a.	Toy (I) olma durumu
TOYNAK	a.,hay. b.	At, eşek vb. tek tırnaklı hayvanların tırnağı
TOZLUK	a.	Pantolonun paçasını tozdan korumak için ayakkabının üzerine geçirilip düğmelenen veya dizden aşağı uzanarak ayağın üstünü örten dar paçalık
TOZMAK	nsz.	Toz havalanarak çevreye yayılmak; tozumak
TOZUMA	a.	► tozma
TÖHMET	a.	► suçlama
TÖRECİ	a.	Töreyi ilke edinen, töreyi amaç olarak alan kimse
TÖRELİ	sf.	► törel
TRAFİK	a.	Ulaşım yollarının yayalar ve her türlü taşıt tarafından kullanılması; gidiş geliş, seyrüsefer
TRAHOM	a.,tıp	Göz kapaklarının altında birtakım kabarcıkların belirmesiyle başlayan, tedavi edilmediğinde kirpiklerin içeriye kıvrılması, saydam tabakada yaralar çıkması nedeniyle körlükle sonuçlanabilen bulaşıcı hastalık
TRAJİK	sf.	Trajedi ile ilgili
TRAKİT	a.,jeol.	Yanardağ kayalıkları arasında bulunan bir feldspat türü
TRAMPA	a.	► değişim
TRANÇA	a.,hay. b.	İzmaritgillerden, özellikle sıcak denizlerde yaşayan, pullu, esmer renkli, beyaz etli, kemikli bir balık (Pagrus ehrenbergii)
TRAPEZ	a.	Alt uçlarına bir çubuk bağlanmış bulunan iki düşey ipten yapılmış salıncağa benzer bir jimnastik aracı
TRAVMA	a.,ruh b.	► sarsıntı
TRİBÜN	a.,sp.	Spor salonu, stadyum, hipodrom vb. yarışma ve gösteri yapılan yerlerde seyircilerin oturduğu koltuklu veya basamaklı bölüm; sekilik
TRİPOT	a.	Fotoğraf makinesini veya kamerayı dengeli bir biçimde sabitlemeye yarayan, üç ayaklı alet
TRİŞİN	a.,hay. b.	Ergin durumda olan, domuzdan başka, insanlarla birçok memelinin ince bağırsağında yaşayan, ipsiler cinsinden bir solucan (Trichinella spiralis)
TRİTON	a.,kim.,fiz.	Trityumun, bir protondan ve iki nötrondan oluşan atom çekirdeği
TRİYAS	a.	İkinci Çağ'ın yaklaşık kırk beş milyon yıllık dönemi
TROLCÜ	a.	Trol ile balık avlayan kimse
TROPİK	sf.,coğ.	Dönenceler çevresinde olan
TROYKA	a.	Rusya'da kullanılan, üç atla çekilen kızak veya araba
TUFACI	a.,argo	Özellikle geceleri hırsızlık yapan kimse
TUFALI	sf.	Herhangi bir emek ve çaba harcamadan elde edilen, kolayca sağlanan
TUGRİK	a.	Moğolistan’ın para birimi
TUĞBAY	a.,esk.,ask.	Tugay komutanlığı yapan albay
TUĞRUL	a.,hay. b.	► çakırdoğan
TUĞYAN	a.,esk.	Akarsuyun taşması, kabarması
TULANİ	zf.,esk.	► uzunlamasına
TULUAT	a.,tiy.	► doğaçlama
TULYUM	a.,kim.	Atom numarası 69, atom ağırlığı 168,9, yoğunluğu 9,3 olan, yaklaşık 1500 °C'de eriyen nadir bir element (simgesi Tm)
TUMAĞI	a.,ağz.	► nezle
TUMŞUK	a.,hay. b.	Papağan, kartal vb. kuşların kemerli gagası
TUNDRA	a.,coğ.	Kutuplara yakın bölgelerin bitki örtüsü
TURGAY	a.,hay. b.	► tarla kuşu
TURGOR	a.,biy.	Hücrenin çok su çekerek şişmesi, öz suyunun kıvamının azalması
TURİST	a.	Dinlenme, eğlenme, görme, tanıma vb. amaçlarla geziye çıkan kimse
TURİZM	a.	Dinlenme, eğlenme, görme, tanıma vb. amaçlarla yapılan gezi
TURUNÇ	a.,bit. b.	Turunçgillerden, bütün Akdeniz ülkelerinde yetişen, kışın yaprağını dökmeyen bir ağaç; narenç (Citrus aurantium amara)
TUŞLUK	a.	Belirli sayıda tuşu olan
TUŞSUZ	sf.	Tuşu olmayan
TUTÇEK	a.,tıp	Doğacak çocuğu ana rahminden çekmeye yarayan alet; lavta (II), forseps
TUTKAL	a.	Deri, kıkırdak vb. hayvansal maddelerden elde edilen, katılaşıp sertleşme özelliğiyle tahta, kâğıt vb. yapıştırmaya yarayan madde
TUTKUN	sf.	Gönül vermiş; meclup
TUTMAÇ	a.,ağz.	Dört köşe kesilmiş küçük hamur parçalarından yapılan yoğurtlu çorba
TUTMAK	-i	Elde bulundurmak, ele almak
TUTSAK	a.,ask.	Savaşta ele geçen düşman; esir (I), esire
TUTSAT	a.,tic.	► tutulu satış
TUTUCU	sf.	Mevcut toplumsal düzeni, düşünceleri ve kurumları değiştirmeden olduğu gibi korumak isteyen (kimse); muhafazakâr, konservatör
TUTULU	sf.	Tutulmuş
TUZCUL	sf.	Tuzlu toprakları seven (bitki)
TUZLAK	sf.,ağz.	Otları tuzlu olan veya ot bitmeyen, çorak, verimsiz (yer); tuzla
TUZLUK	a.	İçine tuz konulan kap
TUZSUZ	sf.	Tuzu olmayan veya tuzu az olan
TÜCCAR	a.	Ticaret yapan, ticaretle uğraşan kimse; tacir, tecimen, bezirgân
TÜLEME	a.,ağz.	Tülemek işi
TÜMBEK	a.,ağz.	► tümsek
TÜMDEN	zf.	► tamamen
TÜMLEÇ	a.,db.	Yüklemin anlamını çeşitli yönlerden tamamlayan öge; meful, mütemmim
TÜMLER	sf.	► bütünler
TÜMLÜK	a.	► bütünlük
TÜMSEK	a.	Küçük tepe; tüm (II), tümbek, yükselti
TÜNEME	a.	Tünemek işi; tünekleme
TÜNMEK	nsz,hlk.	Hava kararıp gece olmak
TÜPLÜK	a.	Laboratuvarlarda cam tüpleri koymaya yarayan tahta veya metal tabla
TÜRBAN	a.	İnce kumaştan yapılmış, başı sıkıca kavrayan bir tür başörtüsü
TÜRBİN	a.,fiz.	Su, buhar, gaz gibi herhangi bir akışkanın hareket enerjisiyle ve birtakım özel düzenekler yardımıyla dönerek çalışan, genellikle elektrik üretmede kullanılan araç
TÜRDEŞ	a.	Türleri bir olanlardan her biri
TÜREDİ	sf.	Kendisinden umulmayan bir biçimde sivrilmiş ve hakkı olmayan bir konuma gelmiş (kimse); yerden bitme, zıpçıktı
TÜREME	a.	Türemek işi
TÜRKÇÜ	sf.	Türkçülük akımını benimseyen; Pantürkist
TÜTMEK	nsz.	Duman veya buhar çıkarmak
TÜVANA	sf.,esk.	► dinç
TÜVEYÇ	a.,esk.,bit. b.	► çiçek tacı
TÜYCÜK	a.	Küçük tüy, ince kıl
TÜYMEK	nsz.,argo	► sıvışmak
TÜYSÜZ	sf.	Tüyü olmayan
TÜYTOP	a.,sp.	Tenise benzeyen ve bir tür tüylü topla oynanan oyun
TÜZECİ	a.	► hukukçu
UCUBİK	sf.	Çok acayip, çok garip olan
UCUZCA	zf.	Ucuz olarak, ucuz bir biçimde; ucuzuna
UCUZCU	sf.	Malını ucuz satan
UÇAKLI	sf.	Uçağı olan
UÇURMA	a.	Uçurmak işi
UÇURUM	a.	Deniz, göl, ırmak vb. su kıyılarında veya karada dik yer; yar
UÇURUŞ	a.	Uçurmak işi
UÇUŞMA	a.	Uçuşmak durumu
UFACIK	sf.	► küçücük
UFAKÇA	sf.	Oldukça ufak
UFALIŞ	a.	Ufalmak durumu
UFALMA	a.	Ufalmak durumu
UFANTI	a.,ağz.	Ekmek ufağı, ekmek kırıntısı
UFARAK	sf.	Biraz ufak
UFLAMA	a.	Uflamak işi
UFUKLU	sf.	Ufku olan
UFUNET	a.,esk.	Pis koku
UĞRAMA	a.	Uğramak işi
UĞRAŞI	a.	Uğraşılan şey; meşgale
UĞULTU	a.	Gürültülü, boğuk ve anlaşılmaz ses, uğuldama sesi
UĞUNMA	a.	Uğunmak işi
UĞURLU	sf.	Uğuru olan, iyilik getirdiğine inanılan; kutlu, ongun (I), kademli, meymenetli, mübarek
UHREVİ	sf.,din b.	Öbür dünya ile ilgili, ahiret ile ilgili; maverai, dünyevi karşıtı
UKUBET	a.,esk.	► ceza
ULAMAK	-e,-i	► eklemek
ULANIŞ	a.	Ulanmak işi
ULANMA	a.	Ulanmak işi
ULANTI	a.	Ulanan şey
ULAŞIM	a.	Ulaşmak işi
ULAŞMA	a.	Ulaşmak işi
ULAYIŞ	a.	Ulamak işi
ULULUK	a.	Büyüklük, büyük olma durumu; azamet, celal, izzet
ULUMAK	nsz.	Köpek, kurt, çakal vb. hayvanlar uzun, iniltili, ağlar gibi bir ses çıkarmak
ULUSAL	sf.	► millî
ULUSÇA	zf.	► milletçe
ULUSÇU	sf.	► milliyetçi
ULUSLU	sf.	Ulusu olan
ULUTMA	a.	Ulutmak işi
ULUYUŞ	a.	Ulumak işi
UMRECİ	a.	Hac dönemi dışında Kâbe’yi ve Mekke’nin diğer kutsal yerlerini ziyaret eden kimse
UMULMA	a.	Umulmak durumu
UMUTLU	sf.	Umudu olan, umut besleyen; ümitli, ümitvar
UNLAMA	a.	Unlamak işi
UNUTMA	a.	Unutmak durumu; nisyan
UNUTUŞ	a.	Unutmak durumu
UPUSLU	sf.	Çok uslu
UPUZUN	sf.	Çok uzun
URAĞAN	a.,coğ.	Beraberinde yağmur getirmeyen güçlü fırtına
URBALI	sf.	► giysili
URODEL	a.,hay. b.	► kuyruklular
USANIŞ	a.	Usanmak durumu
USANMA	a.	Usanmak durumu
USANTI	a.	Usanç durumu
USKURU	a.	Cıvata ve somunlardaki yiv
USTACA	sf.	Ustaya yakışan
USTUKA	a.	► malakâri
USTUNÇ	a.	Bir kutu içinde taşınabilir kesici, delici, dağlayıcı cerrahi aletleri
USTURA	a.	Tıraş için kullanılan, açılır kapanır, çok keskin bıçak; baş bıçağı, tıraş bıçağı, yülgü
USULCA	zf.	► usul (III)
USULEN	zf.	Yöntemine uygun olarak
USULET	a.	Usulüne uygun olma
UTANIŞ	a.	Utanmak işi
UTANMA	a.	Utanma durumu; arlanma, utanç, yüz (II), hayâ, hicap, teeddüp
UTERUS	a.,anat.	► döl yatağı
UTKULU	sf.	► muzaffer
UTULMA	a.	Utulmak işi
UYAKLI	sf.,ed.	► kafiyeli
UYANIK	sf.	Uyumamış; bidar
UYANIŞ	a.	Uyanmak işi
UYANMA	a.	Uyanmak durumu; intibah
UYARAN	sf.	Uyarma işini yapan (kimse veya şey)
UYARCI	a.	Uygun davranışta bulunan, uyumlu görünen kimse
UYARIM	a.,biy.	Bir uyaran karşısında organizmanın gösterdiği tepki; tembih
UYARIŞ	a.	Uyarmak işi
UYARLI	sf.	► uyumlu
UYARMA	a.	Uyarmak işi; ihtar
UYARTI	a.,ağz.	Uyarmak için söylenen söz
UYDUCU	sf.,mec.	Uyduculuk yanlısı
UYDURU	a.	Uydurulmuş şey
UYKUCU	a.	Uykuyu seven, çok uyuyan kimse
UYKULU	sf.	Uyku gereksinimi olan
UYLAMA	a.	Uylamak işi
UYMACA	a.	► uzlaşma
UYMACI	sf.,top. b.	Uymacılık yanlısı olan (kimse); konformist
UYULMA	a.	Uyulmak işi
UYUMAK	nsz.	Uyku durumunda olmak; dalmak, zıbarmak
UYUMLU	sf.	Uyumu olan; uyarlı, ahenkli, imtizaçlı
UYUNMA	a.	Uyunmak işi
UYUNTU	sf.,ağz.	► uyuşuk
UYUŞMA	a.	► uzlaşma
UYUŞUK	sf.	Duymaz ve hareket edemez duruma gelmiş, uyuşmuş
UYUŞUM	a.	Uyuşma durumu; uyuşurluk
UYUTMA	a.	Uyutmak işi
UYUTUM	a.	► hipnoz
UYUYUŞ	a.	Uyumak işi
UYUZLU	sf.	Uyuz hastalığı olan (kimse)
UZAKÇA	sf.	Biraz uzak olan
UZAMAK	nsz.	Uzun duruma gelmek, boyu büyümek
UZANIM	a.,gök b.	Yerden herhangi bir gezegene ve Güneş'e uzanan iki doğrultu arasındaki açı
UZANIŞ	a.	Uzanmak işi
UZANMA	a.	Uzanmak işi
UZANTI	a.	Bazı nesnelerin herhangi bir yerinde görülen uzamış bölüm
UZATIM	a.	Uzatmak işi
UZATIŞ	a.	Uzatmak işi
UZATMA	a.	Uzatmak işi; temdit
UZAYIŞ	a.	Uzamak işi
UZAYLI	sf.	Uzayda yaşadığı varsayılan (canlı)
UZLAŞI	a.	► uzlaşma
UZUNCA	sf.	Biraz uzun
UZUVCA	zf.	Organ bakımından
ÜÇAYAK	a.	Fotoğraf makinesi, televizyon kameraları vb. aletlerin üzerine oturduğu üç ayaklı düzen
ÜÇERLİ	sf.	Üçer üçer sıralanmış
ÜÇLEME	a.	Üçlemek işi
ÜÇÜNCÜ	sf.	Üç sayısının sıra sıfatı, sırada ikinciden sonra gelen
ÜÇÜZLÜ	sf.	Üçüzleri olan (ana)
ÜFLEME	a.	Üflemek işi
ÜFÜRME	a.	Üfürmek işi
ÜFÜRÜK	a.	Üfürülerek verilen soluk
ÜFÜRÜM	a.,tıp	Kalbin kanı damarlara pompalaması sırasında, zarında veya kapakçığında bulunan delik yüzünden ortaya çıkan normal dışı ses
ÜFÜRÜŞ	a.	Üfürmek işi
ÜLEŞME	a.	► paylaşma
ÜLKECE	zf.	Ülke çapında
ÜLKÜCÜ	sf.	Bir ülküye çıkar gütmeden bağlı olan; idealist
ÜMİTLİ	sf.	► umutlu
ÜNİTER	sf.	Birlikçi, birlikten yana, birleştirici (siyaset)
ÜNLEME	a.	Ünlemek işi
ÜNLÜLÜ	sf.	İçinde ünlü harf bulunan (söz)
ÜREMEK	nsz.	Canlılar doğup çoğalmak
ÜREMİK	sf.	Üremiyle ilgili olan
ÜRETEÇ	a.,fiz.	Herhangi bir mekanik enerjiyi elektrik akımına çeviren aygıt; elektrik üreteci, jeneratör, dinamo
ÜRETİM	a.	Belirli faaliyet ve işlemler sonucu yeni bir mal veya hizmet meydana getirme; istihsal, prodüksiyon, tüketim karşıtı
ÜRETİŞ	a.	Üretmek işi
ÜRETME	a.	Üretmek işi
ÜRETRA	a.,anat.	► siyek
ÜREYİŞ	a.	Üremek işi
ÜRKMEK	nsz.	Bir şeyden korkup sıçramak; tevahhuş etmek
ÜRKÜLÜ	sf.	Ürkü veren
ÜRKÜNÇ	sf.	Ürkme, çekinme duygusu veren
ÜROLOG	a.	İdrar yolu hastalıkları hekimi; bevliyeci
ÜRÜMEK	nsz.	► havlamak
ÜRÜNLÜ	sf.	Ürünü olan
ÜRÜŞME	a.	Ürüşmek işi
ÜRYANİ	a.,bit. b.	► üryani eriği
ÜSKÜRE	a.,ağz.	Topraktan veya madenden yapılmış çorba tası, çukur çanak
ÜSTLÜK	a.	Üst olma durumu
ÜSTSÜZ	sf.	Belden üst kısmında giysi olmayan
ÜSTTEN	zf.	► üstünkörü
ÜSTÜNE	zf.	Bir konu hakkında, ... konusunda, ... ile ilgili; üzerine, dair
ÜSTÜPÜ	a.	Gemi kalafatında, işliklerde, buharlı makinelerde, temizlik işlerinde, otomobilcilikte kullanılan genellikle yoluntu ve artık pamuk ipliği veya didilmiş kenevir
ÜŞENİŞ	a.	Üşenmek işi
ÜŞENME	a.	Üşenmek işi; erinme
ÜŞÜMEK	nsz.	Isı yokluğundan, azlığından veya ısı kaybından etkilenmek, soğuğun etkisini duymak
ÜŞÜNTÜ	a.	Toplanma, üşüşme, üşüşüp bir araya gelme
ÜŞÜRME	a.	► saldırtma
ÜŞÜŞME	a.	Üşüşmek işi; üşme
ÜŞÜTME	a.	Üşütmek durumu
ÜŞÜTÜK	sf.,argo	Aklını yitirmiş, delirmiş (kimse)
ÜTOPİK	sf.	► hayalî
ÜTOPYA	a.	Gerçekleştirilmesi imkânsız tasarı veya düşünce
ÜTÜLME	a.	Ütülmek işi
ÜTÜLÜK	sf.	Ütülenecek olan, ütüye ayrılmış olan
ÜTÜSÜZ	sf.	Ütülenmemiş veya ütüsü bozulmuş
ÜVEYİK	a.,hay. b.	Güvercinlerden, korularda yaşayan, eti için avlanan, boz renkli bir kuş (Streptopelia turtur)
ÜVEYME	a.	Üveymek işi
ÜYELİK	a.	Üye olma durumu
ÜZENGİ	a.	Eyerin iki yanında asılı bulunan ve hayvana binildiğinde ayakların basılmasına yarayan, altı düz demir halka
ÜZENTİ	a.	Manevi hazdan yoksunluk
ÜZGÜLÜ	sf.	► eziyetli
ÜZÜLME	a.	Üzülmek durumu
ÜZÜLÜŞ	a.	Üzülmek durumu
ÜZÜMCÜ	a.	Üzüm yetiştiren veya satan kimse
ÜZÜMLÜ	sf.	İçinde üzüm olan
ÜZÜMSÜ	sf.	Üzümü andıran, üzüme benzeyen, üzüm gibi
ÜZÜNTÜ	a.	Olması istenilmeyen olaylardan doğan ruh tedirginliği; burkuntu, üzünç, dert, eza, meyusiyet, teessür
VADELİ	sf.	Vadesi olan
VAFTİZ	a.,din b.	Hristiyanlıkta doğduktan kısa bir süre sonra çocuğa ilk günahını silmek ve onu Hristiyanlaştırmak amacıyla suya daldırma, başına su dökme veya üstüne su serpme biçiminde yapılan kutsal tören
VAHDET	a.	Bir olma, tek olma
VAHŞET	a.	Yabani, vahşi olma durumu
VAJİNA	a.,anat.	► döl yolu
VAKETA	a.	İnek derisinden imal edilmiş, postal, hayvan koşumları, kütüklük ve saraciyede kullanılan, bir tür ince meşin
VAKVAK	a.	Çocuk dilinde ördek
VALİDE	a.,esk.	► anne
VAMPİR	a.	İnsanların kanını emdiğine inanılan yaratık
VANDÖZ	a.	► satıcı
VANTUZ	a.	Deri üzerine yapıştırılarak çekip emmeye yarayan şişe vb. alet; çekmen
VARAKA	a.,esk.	► varak
VARGEL	a.	Herhangi bir makinenin bir doğrultuda gidip gelerek iş gören parçası
VARİDE	a.,esk.	Gelen şey
VARLIK	a.	Var olma durumu; mevcudiyet
VARMAK	-e	Erişilmek istenen yere ayak basmak, ulaşmak; vasıl olmak
VARSIL	sf.	Parası, malı çok olan, zengin, yoksul karşıtı
VARYOS	a.	► balyoz
VASATİ	sf.,esk.	► ortalama
VASITA	a.	► araç
VATANİ	sf.	► yurtsal
VATLIK	sf.	Herhangi bir vat gücünde olan
VATMAN	a.	Tramvay sürücüsü
VATVAT	a.	► ebabil
VAZİFE	a.	► ödev
VEBALI	sf.	Vebaya yakalanmış olan
VECİBE	a.,esk.	► boyun borcu
VECİZE	a.	► özdeyiş
VECTLİ	sf.	► coşkun
VEFALI	sf.	► vefakâr
VEKTÖR	a.,mat.	Doğrultusu, yönü, uzunluğu belirli olan ve bir ok işaretiyle gösterilen doğru çizgi; yöney
VERESE	a.,esk.	Mirasçılar
VERİCİ	a.	Veren, verme yanlısı olan kimse
VERKAÇ	a.,sp.	Futbol, hentbol ve basketbolda topa sahip oyuncunun yakındaki bir arkadaşına pas verip boş bir alana kaçarak tekrar topu alması
VERMEK	-e,-i	Üzerinde, elinde veya yakınında olan bir şeyi birisine eriştirmek, iletmek; lütfetmek, lütfeylemek
VERMUT	a.	Birçok bitki eklenerek özel koku verilmiş, tatlı, bir tür beyaz şarap
VERNİK	a.,kim.	Sürüldüğü yüzeyde parlak, kaygan ve koruyucu bir tabaka meydana getiren, suya dayanıklı bir tür cila maddesi
VESAİK	a.,esk.	Belgeler, vesikalar
VESAİR	sf.	► başka
VESAİT	a.	Araçlar, vasıtalar
VESİKA	a.	► belge
VESİLE	a.	► sebep
VESTON	a.	Erkek ceketi
VETİRE	a.,esk.	► süreç
VİCAHİ	sf.,esk.	Yüz yüze olan veya yapılan
VİDALA	a.	Çanta ve ayakkabı yapılan tabaklanmış dana derisi
VİDALI	sf.	Vidası olan
VİDOLU	sf.	Vido ile oynanan
VİKAYE	a.,esk.	► koruma
VİKONT	a.	Batı ülkelerinde baron ile kont arasında bir soyluluk ünvanı
VİLADİ	sf.,esk.	Doğuştan (olan)
VİNÇLİ	sf.	Vinci olan
VİNTER	a.,den.	Ağaç çemberler üzerine örülmüş torba biçimindeki balık ağı
VİNYET	a.	Bir kitabın sayfalarını süsleyen başlık, süslü harf gibi motif
VİRANE	a.	Harap olmuş yapı; yıkıntı
VİRGÜL	a.,db.	Yazılı cümlelerde birbiri ardınca sıralanan eş görevli kelime veya kelime gruplarının arası, sıralı cümlelerin arası vb. yerlerde kullanılan noktalama işaretinin adı (,)
VİRMAN	a.,tic.	► para aktarımı
VİSKOZ	a.,kim.	Selüloz türevlerinin üretiminde kullanılan koloidal selüloz çözeltisi
VİŞNAP	a.,esk.	Vişne şurubu
VİTRAY	a.	Birbirine bağlı kurşun bölmelere yerleştirilmiş renkli cam parçalarından oluşan, saydam pencere süslemesi veya resim
VİTRİN	a.	Nesnelerin insanlara gösterilmek ve satılmak için sergilendiği camlı bölme veya yer; camekân, sergen
VİYOLA	a.,müz.	Kemana benzer, kemandan büyük bir çalgı; alto
VİYOLO	a.	343 viyola
VİZİTE	a.	Hekimin hastanedeki hastaları dolaşıp yoklaması
VİZYER	a.	► terek
VİZYON	a.	► görünüm
VODVİL	a.,tiy.	Hareketli, eğlenceli bir konuya dayanan, şarkılara da yer verilen hafif güldürü
VOLTAJ	a.,fiz.	► gerilim
VOMBAT	a.,hay. b.	Keselilerden, Avustralya'da yaşayan, ağır gövdeli, kısa bacaklı hayvan (Phascolomys ursinus)
VUALET	a.	Kadınların kullandığı, şapka, taç, toka ve benzerlerinde bulunan, yüzü örten, ince hafif tül
VUKUAT	a.	Polisi ilgilendiren olay veya olaylar
VURGUN	a.	Hile ile veya fırsatçılıkla haksız yere aşırı kazanç elde etme; voli
VURKAÇ	a.	Birden saldırıp hemen kaybolma
VURMAK	-e	Elini veya elinde tuttuğu bir şeyi bir yere veya bir kimseye hızla çarpmak; çakmak, geçirmek, inmek
VURTUT	a.	Silahla yaratılan kargaşalık
VURUCU	sf.	Silah attığında hedefini vuran
VUSLAT	a.,esk.	Sevgiliye kavuşma
VÜKELA	a.,esk.	Osmanlı Devleti'nde bakanlar, vekiller
VÜZERA	a.,esk.	Vezirler
YABANİ	sf.	Doğada yaşayan, evcil olmayan (hayvan); yabanıl, vahşi, evcil karşıtı
YAĞLIK	sf.	Yağ için ayrılmış, yağ elde etmeye özgü
YAĞMAK	nsz.	Yağmur, kar, dolu gökten düşmek
YAĞRIN	a.,ağz.	► kürek kemiği
YAĞSIZ	sf.	Yağı olmayan
YAKALI	sf.	Herhangi bir biçimde yakası olan
YAKARI	a.	► yakarış
YAKAZA	a.,esk.	► uyanıklık
YAKICI	sf.	Yakma özelliği olan, yakan; muhrik
YAKMAÇ	a.,tek.	► brülör
YAKMAK	-i	Yanmasını sağlamak veya yanmasına yol açmak, tutuşturmak
YALAKA	a.,ağz.	► dalkavuk
YALAMA	a.	Yalamak işi
YALAZA	a.	► alev (I)
YALÇIN	sf.	Dik, sarp olan
YALDIZ	a.	Eşyaya altın veya gümüş görünüşü vermek için kullanılan, sıvı veya yaprak durumundaki altın, gümüş ve bunların taklidi olan madde
YALGIN	a.,ağz.	► serap
YALINÇ	sf.	Birleşik olmayan, yalnız bir maddeden oluşan
YALLAH	ünl.	"Haydi, yürü, kalk, git" anlamlarında kullanılan bir söz
YALMAN	sf.,ağz.	► eğik
YALNIZ	sf.	Yanında başkaları bulunmayan
YALPAK	a.,ağz.	► dalkavuk
YALPIK	sf.	Derinliği az ve geniş, yayvan olan
YALTAK	sf.	► dalkavuk
YALVAÇ	a.,din b.	► peygamber
YAMACI	a.	Ayakkabı yamayan, onaran kimse
YAMALI	sf.	Yama vurulmuş, yama ile onarılmış olan
YAMAMA	a.	Yamamak işi
YAMYAM	sf.	Daha çok din, tapınma, büyü vb. amaçlarla insan eti yiyen (kimse)
YAMYAŞ	sf.	► sırılsıklam
YANCIK	a.	Genellikle çobanların kullandığı azık torbası
YANDAŞ	a.	Birinden yana olan veya bir düşünceye, bir isteğe katılan, onu destekleyen kimse; yanlı, tarafçı, taraflı, taraftar
YANDIK	a.,bit. b.	Baklagillerden, sıcak ve kurak bölgelerde yetişen, sarımtırak küçük tohumlarından kudret helvasına benzer bir madde elde edilen bitki (Alhagi maurorum)
YANGIN	a.	Zarara yol açan büyük ateş
YANICI	sf.	Yanma özelliği olan
YANLIK	a.	Kahvaltıda ve diğer öğünlerde ana yiyeceğin yanında verilen çerez türü veya domates, salatalık vb. yiyecekler
YANLIŞ	a.	Bir kurala, bir ilkeye, bir gerçeğe uymama durumu; hata
YANMAK	nsz.	Birleşiminde karbon bulunan maddeler, ısı ve ışık yayarak kül durumuna geçip yok olmak
YANMAZ	sf.	Isıya karşı dayanıklı olan, yanmayan
YANSIZ	sf.	► tarafsız
YANŞAK	sf.,ağz.	Yersiz ve çok konuşan
YAPAĞI	a.	İlkbaharda kırkılan koyun tüyü; yapak
YAPBOZ	a.	Kesilmiş resim parçacıklarını birbirine uygun duruma getirerek resmi yeniden oluşturmaya dayanan bir tür oyun
YAPICI	sf.	Yapan, oluşturan, ortaya çıkaran, meydana getiren
YAPILI	sf.	Yapısı herhangi bir nitelikte olan
YAPMAK	-i	Ortaya koymak, gerçekleştirmek, oluşturmak, meydana getirmek
YAPSAT	a.	Konut yapıp satma işi
YARALI	sf.	Yarası olan, yaralanmış (kimse); başlı, mecruh
YARAMA	a.	Yaramak işi
YARASA	a.,hay. b.	Yarasalardan, ön ayakları perdeli kanat biçiminde gelişmiş, vücudu yumuşak sık kıllarla kaplı, iskeletleri hafif yapılı, uçabilen memeli hayvan; gece kuşu, vatvat (Vespertilio)
YARATI	a.	► yaratım
YARBAY	a.,ask.	Orduda rütbesi binbaşı ile albay arasında olan subay
YARDAK	a.	Özellikle kötü işlerde yardım
YARDIM	a.	Kendi gücünü ve imkânlarını başka birinin iyiliği için kullanma; iane, muavenet
YARGIÇ	a.,huk.	Millet adına, yargı yetkisini kullanarak yasaya aykırı davranışlarda veya uyuşulmayan işlerde yasayı yerine getirmekle, adaleti gerçekleştirmekle görevli kimse; hâkim
YARICI	a.	► ortakçı
YARLIK	a.,tar.	► ferman
YÂRLİK	a.	Yâr olma durumu
YARMAK	-i	Uzunlamasına bölüp ayırmak; dilmek
YARPUZ	a.,bit. b.	Ballıbabagillerden, çiçekleri birbirinden ayrı halka durumunda, nane türünden, kısa saplı, az veya çok tüylü, güzel kokulu bir bitki (Mentha pulegium)
YASALI	sf.,huk.	Yasaya uygun veya yasanın buyurduğu; kanuni (I)
YASAMA	a.	Yasa koyma, yasa yapma; teşri
YASEVİ	a.	► ölüevi
YASMAK	-i,ağz.	Yayın kirişini gevşetmek
YASMIK	a.,ağz.	► mercimek
YAŞAMA	a.	Yaşamak işi
YAŞLIK	a.	Yaş olma durumu
YAŞMAK	a.	Başla birlikte yüzün veya ağzın bir kısmını kapatan örtü
YATILI	sf.	Geceleri de kalınıp yatılan (okul vb.); leyli
YATKIN	sf.	Bir işte yeteneği, becerisi olan
YATMAK	nsz.	Bir yere veya bir şeyin üzerine boylu boyunca uzanmak
YAVAŞ!		"dikkat et, acele etme!" anlamında kullanılan bir söz
YAVAŞA	a.,ağz.	► burunduruk
YAVŞAK	a.,ağz.	Bit yavrusu
YAVŞAN	a.,bit. b.	► yavşan otu
YAYGIN	sf.	Çoğu kimselerce duyulmuş, öğrenilmiş, kullanılmış veya benimsenmiş olan
YAYILI	sf.	Yayılmış, serilmiş
YAYLAK	a.,coğ.	► otlak
YAYLIM	a.	Yayılmak, dağılmak işi
YAYMAK	-e,-i	Bir şeyi açarak, düzelterek bir alanı örtecek biçimde sermek; yazmak (III)
YAYSIZ	sf.	Yayı olmayan
YAYVAN	sf.	Eni boyundan ve derinliğinden çok olan, basık ve geniş
YAZBOZ	a.	İskambil, okey vb. oyunlarda sonuçların yazıldığı kâğıt
YAZICI	a.	► yazar
YAZILA	a.,esk.	Devlet dairelerinde yapılan müsveddenin düzeltilmesi yapıldıktan sonra yazılması için verilen "yazılsın" emri
YAZILI	sf.	Yazılmış olan, yazıya geçirilmiş; muharrer, sözlü karşıtı
YAZLIK	a.	Yazın oturulan yer
YAZMAK	-i	Söz ve düşünceyi özel işaret veya harflerle anlatmak
YAZMAN	a.	► sekreter
YEDİLİ	sf.	Yedi parçadan oluşan, kendinde herhangi bir şeyden yedi tane bulunan
YEDMEK	-i,ağz.	Çekerek peşinden götürmek, yedeğinde götürmek
YEGÂNE	sf.	► tek (I)
YEĞLİK	a.	Bir şeyin, başkalarından üstün sayılması; rüçhan
YEĞREK	sf.,ağz.	Daha iyi, daha üstün
YEKSAN	sf.,esk.	► düz (I)
YEKTEN	zf.	► ansızın
YELELİ	sf.	Yelesi olan (hayvan)
YELEME	sf.,ağz.	► havai
YELKEN	a.,den.	Rüzgâr gücünden yararlanmak için geniş bir yüzey oluşturacak biçimde yan yana dikilen ve teknenin direğine uygun bir biçimde takılarak onu hareket ettiren kumaş veya şeritlerin tümü
YELLOZ	sf.	Ahlaksız, hafifmeşrep, şıllık (kadın)
YELMEK	-e,ağz.	Aceleyle, telaşlı bir biçimde koşmak
YELPİK	a.,ağz.	► nefes darlığı
YELTEK	sf.	► hercai
YEMENİ	a.	Kalıpla basılıp elle boyanan, kadınların başlarına bağladıkları tülbent; çember, çit (II), değirmi
YEMLİK	a.	Hayvanlara yem verilen yer veya kap
YENGEN	a.,ağz.	Yemesi hoş yiyecek
YENİCE	sf.	Oldukça yeni
YENİCİ	sf.	Yenen, üstün gelen, mağlup eden
YENMEK	-i	Savaş veya yarışmada üstünlük sağlamak, üstün gelmek; utmak (I)
YENSİZ	sf.	Yenleri olmayan
YERDEŞ	a.	► memleketli
YERİNE	zf.	Bir şeyin veya bir kimsenin yerini almak üzere
YERMEK	-i	Kötülüklerini söylemek; zemmetmek
YERÖTE	a.,gök b.	Yer çevresinde dolanan bir uydunun yörüngesi üzerinde yere en uzak nokta; evç
YERSEL	sf.	Yerle ilgili
YERSİZ	sf.	Barınacak yeri olmayan
YETİME	a.	Yetim olan kız
YETKİN	sf.	► olgun
YETMEK	nsz.	Bir gereksinimi karşılayacak, giderecek nicelikte olmak
YETMİŞ	a.	Altmış dokuzdan sonra gelen sayının adı
YIĞILI	sf.	Yığılmış olan
YIĞMAK	-e,-i	Bir tepe oluşturacak biçimde üst üste koymak
YIKAMA	a.	Yıkamak işi; yuma
YIKICI	a.	► yıkmacı
YIKKIN	sf.	► harap
YIKMAK	-i	Kurulu bir şeyi parçalayarak dağıtmak, bozmak; tahrip etmek
YILGIN	sf.	Yılmış, korkmuş olan
YILLIK	sf.	Bir yıl için; senelik, senevi
YILMAK	-den	Bir işten gözü korkup vazgeçmek
YILMAZ	sf.	Bir işten gözü korkup vazgeçmeyen, yılmayan
YIPRAK	sf.,ağz.	Yıpranmış, aşınmış, eski
YIRTIK	sf.	Yırtılmış olan
YIRTIM	a.	► manifatura
YIRTIŞ	a.	Yırtmak işi
YIRTMA	a.	Yırtmak işi
YİLBİK	a.,ağz.	► sara
YİTMEK	nsz.	Yok olmak, ortadan kalkmak; kaybolmak
YİYİCİ	sf.	Yiyen
YOĞRUM	a.	Yoğurmak işi
YOĞURT	a.	Maya katılarak koyulaştırılmış beyaz, kıvamlı bir süt ürünü
YOKLUK	a.	Yok olma, bulunmama durumu; adem, ademiyet, fıkdan
YOKSUL	sf.	Geçinmekte çok sıkıntı çeken, geçimini güçlükle sağlayan (kimse, toplum, ülke); yoksuz, yokluklu, çulsuz, varlıksız, variyetsiz, yok yoksul, fakir, fukara, beş parasız, parasız, sersefil, zengin, varsıl karşıtı
YOKSUN	sf.	Belli bir şeyden kendisinde olmayan, belli bir şeyin yokluğunu çeken; mahrum
YOKSUZ	sf.,ağz.	► yoksul
YOLBİL	a.	Taşıtlarda belirlenen noktaya ulaşmak için yön bulmayı sağlayan aygıt; navigatör
YOLBUL	a.,den.	Bir noktadan başka bir noktaya gitmek için en elverişli yolu tayin etme ve planlanan rota üzerinde yolculuğu gerçekleştirme; navigasyon
YOLDAŞ	a.	Yol arkadaşı
YOLLUK	a.	Yolculuk sırasında yenmek üzere hazırlanan yiyecek; yol azığı
YOLMAK	-i	Bitki, tüy vb.ni çekerek yerinden çıkarmak, çekip koparmak; almak
YOLSUZ	sf.	Yolu olmayan
YOMSUZ	sf.	► uğursuz
YONGAR	a.,müz.	Üç teli olan bağlama
YONMAK	-i,ağz.	► yontmak
YONTMA	a.	Yontmak işi; yonma
YONTUK	a.	Yontulmuş yer
YORDAM	a.	► alışkanlık
YORGAN	a.	Yatakta örtünmeye yarayan, içi pamuk, yün vb. şeylerle doldurularak dikilmiş geniş örtü
YORGUN	sf.	Çalışma vb. sebeplerle beden veya zihin etkinliği yavaşlayan, yorulmuş olan
YORMAK	-i	Yorgun duruma getirmek
YORTMA	a.	Yortmak işi
YOZLUK	a.	Yoz olma durumu; dejenerelik
YÖNBUL	a.	Her türlü arazide harita ve pusula yardımıyla katılımcıların denetim noktalarını bulmaya çalıştıkları bir doğa sporu; oryantiring
YÖNDER	a.	Herhangi bir iş yerinde farklı görevlerde çalışarak deneyim kazanmış olan, danışan kişinin hedefine ulaşmasını sağlayacak yolu bulmasına yardımcı kimse; mentör
YÖNDEŞ	sf.	Yönü aynı olan, aynı yöne bakan
YÖNSÜZ	sf.	Yönü olmayan
YÖNTEM	a.	Bir amaca erişmek için izlenen, tutulan yol; yordam, usul (II), prosedür
YUKARI	a.	Bir şeyin üst bölümü; fevk, mafevk, aşağı karşıtı
YUMMAK	-i	Kısarak kapamak, sıkarak kapalı duruma getirmek
YUMRUK	a.	Parmakların kapanmasıyla elin aldığı biçim
YUMULU	sf.	► yumuk
YUNMAK	nsz.,ağz.	► yıkanmak
YUTMAK	-i	Ağızda bulunan bir şeyi yutağa geçirmek
YUVALI	sf.	Bir yuva içinde bulunan, yuvası olan
YÜĞRÜK	sf.,ağz.	İyi yürüyen, iyi koşan
YÜKLEM	a.,db.	Cümlede iş, oluş ve yargıyı bildiren çekime girmiş kelimenin söz dizimindeki adı; haber, müsnet
YÜKLER	a.,bl.	► yükleyici
YÜKLÜK	a.	Evlerde yatak, yorgan gibi şeyleri koymaya yarayan yer veya büyük dolap; yük, yük odası, musandıra
YÜKSEK	sf.	Altı ile üstü arasındaki uzaklık çok olan, alçak karşıtı
YÜKSÜK	a.	Dikiş dikerken, iğnenin batmasını önlemek için parmak ucuna takılan kesik koni biçiminde gereç
YÜKSÜZ	sf.	Yükü olmayan
YÜLÜME	a.	Yülümek işi; tıraş
YÜNSÜZ	sf.	Yünü olmayan
YÜRÜME	a.	Yürümek işi
YÜZGEÇ	a.	Balıklarda ve yüzen memelilerde karın ve göğüste çift, sırt, kuyruk ve anüste tek olarak bulunan, hareketi ve dengeyi sağlayan organ
YÜZLER	a.,mat.	Ondalık sayı sisteminde bir sayının sağdan sola doğru üçüncü rakamının bulunduğu yer
YÜZLÜK	a.	Yüz lira değerinde olan para
YÜZMEK	nsz.	Kol, bacak, yüzgeç vb. organların özel hareketleriyle su yüzeyinde veya su içinde ilerlemek, durmak; çimmek
YÜZSÜZ	sf.	Yüzü olmayan
YÜZÜCÜ	a.	Yüzme sporu yapan kimse
YÜZYIL	a.	Yüzyıllık süre; asır
ZABITA	a.	Belediye hizmetlerinin güvenliğini sağlamakla görevli yönetim
ZAFRAN	a.	► safran
ZAĞARA	a.,esk.	Yakanın üzerine dikilen kürk
ZAĞSIZ	sf.	► kılağısız
ZAHİRE	a.	Gerektiğinde kullanılmak için saklanan tahıl; aşlık
ZAHİRÎ	sf.	Görünen, görünürdeki
ZAHMET	a.	► güçlük
ZAHTER	a.,bit. b.	Bir çeşit kekik (Thymus longicaulis)
ZAKKUM	a.,bit. b.	Zakkumgillerden, Akdeniz ülkelerinde yetişen, çiçekleri beyaz veya pembe renkli, kışın yapraklarını dökmeyen zehirli bir ağaççık; ağı ağacı, ağı çiçeği (Nerium oleander)
ZAMANE	a.	İçinde bulunulan zaman, dönem
ZAMBAK	a.,bit. b.	Zambakgillerden, 90-100 santimetre yüksekliğinde, güzel ve iri çiçeği diş ve yüz şişlerinin tedavisinde kullanılan, çok yıllık bir süs bitkisi; ak zambak, top zambak (Lilium candidum)
ZAMBIR	a.	► çalım
ZAMKLI	sf.	Üstüne zamk sürülmüş
ZAMSIZ	sf.	Fiyatı arttırılmamış; bindirimsiz
ZANAAT	a.	İnsanların maddeye dayanan gereksinimlerini karşılamak için yapılan, öğrenimle birlikte deneyim, beceri ve ustalık gerektiren iş; sınaat, sanat
ZANGOÇ	a.	Kilisenin işlerini yapan ve çan çalan kimse
ZARFÇI	a.	Tenha bir yolda yere içi doluymuş gibi görünen zarf veya cüzdan bırakan, sonra da bunları bulup alan kimseyi suçlayarak, tehdit ederek para sızdıran dolandırıcı; papelci
ZARFLI	sf.	Zarfı olan
ZARURİ	sf.	► zorunlu
ZAVİYE	a.,esk.	► köşe
ZAYİAT	a.	Yitikler, kayıplar
ZAYİÇE	a.,esk.	Yıldızların, belli bir zamandaki yerlerini, durumlarını gösteren çizelge
ZEAMET	a.,tar.	► büyük tımar
ZEBANİ	a.,din b.	Cehennemlikleri ateşe atmakla görevli melek, cehennem bekçisi
ZECREN	zf.,esk.	Yasaklayarak
ZEDELİ	sf.	Zedelenmiş olan
ZEKÂLI	sf.	Zeki olan
ZEKİCE	sf.	Zeki olan
ZELBER	a.	Büyük yük üzerine konulan küçük yük
ZEMBİL	a.	Hasırdan örülmüş saplı torba
ZEMZEM	a.	Kâbe yakınında bulunan bir kuyunun Müslümanlarca kutsal sayılan suyu; zemzem suyu
ZENGİN	sf.	Parası, malı çok olan; varlıklı, yokluksuz, variyetli, fakir, yoksul karşıtı
ZEPLİN	a.	► hava gemisi
ZERRİN	sf.,esk.	Altından yapılmış
ZEVALÎ	sf.,esk.	Zeval ile ilgili
ZEVKÇE	zf.	Zevk bakımından
ZEVKLİ	sf.	Beğenilen, hoşa giden
ZEVZEK	sf.	► geveze
ZEYBEK	a.	Batı Anadolu efesi
ZEYREK	sf.,esk.	► zeki
ZIHSIZ	sf.	Zıhı olmayan
ZIKKIM	a.	► zehir
ZILGIT	a.,tkz.	► azarlama
ZIMNEN	zf.	Üstü kapalı bir biçimde, dolaylı olarak
ZINDIK	sf.	Tanrı'ya ve ahirete inanmayan (kimse)
ZIPKIN	a.	Büyük balıkları vurup çekmeye yarayan ucu çengelli mızrak
ZIPZIP	a.	Bir yerinden lastik bir bağla asılmış, içi talaş dolu hafif bir top olan çocuk oyuncağı
ZIRHLI	sf.	Zırh giymiş veya zırh kaplanmış
ZIRLAK	sf.	Sürekli zırlayan
ZIRNIK	a.	Herhangi bir şeyin en küçük, önemsiz ve işe yaramaz parçası
ZITLIK	a.	► karşıtlık
ZIVANA	a.	İki ucu açık küçük boru
ZIYPAK	sf.,ağz.	► kaygan
ZİBİDİ	sf.	Gülünç olacak derecede kısa ve dar giyinmiş olan
ZİFİRÎ	sf.	Çok koyu
ZİHNEN	zf.	► zihince
ZİKZAK	a.	Art arda birdenbire ters yöne açılar yapan kırık çizgi
ZİLLET	a.	Hor görülme
ZİLSİZ	sf.	Zili olmayan
ZİLYET	a.,huk.	Sahibi kendisi olsun olmasın bir malı kullanmakta olan, elinde tutan kimse; eldeci
ZİMMET	a.	Üstünde olan şey
ZİNCİR	a.	Birbirine geçmiş bir sıra metal halkadan oluşan bağ
ZİNDAN	a.	Tutuklu veya hükümlülerin içine konulduğu kapalı yer
ZİNHAR	zf.,esk.	► asla
ZİRAAT	a.	► tarım
ZİRKON	a.,jeol.	Zirkonyumun doğal durumunda bulunan, renksiz, sarı, yeşil, kahverengi türleri olan doğal ve saydam, değerli taş
ZİRZOP	sf.,tkz.	► zıpır
ZİYADE	zf.	Çok, daha çok
ZİYALI	sf.	► ışıklı
ZİYNET	a.	► süs
ZOOLOG	a.	► hayvan bilimci
ZORAKİ	sf.	İstemeyerek yapılan; gıcırı bükme
ZORLUK	a.	Sıkıntı veya güçlükle yapılma durumu, zor olma; güçlük, müşkül
ZUHURİ	a.,esk.	Orta oyununda taklitçi
ZULACI	a.	Bir kimsenin saklanması gereken eşyasını saklayan kimse
ZULMET	a.,esk.	► karanlık
ZÜĞÜRT	sf.	Parasız, yoksul olan (kimse); meteliksiz
ZÜMRÜT	a.,jeol.	Cam parlaklığında, yeşil renkte, saydam bir süs taşı, doğal alüminyum ve berilyum silikatı
ZÜREFA	a.,esk.	Kibarlar