ABANİLİ	sf.	Abanisi olan
ABANMAK	-e	Eğilerek bir şeyin, bir kimsenin üzerine kapanmak
ABARTIK	sf.	Abartılmış olan
ABARTIŞ	a.	Abartmak durumu
ABARTMA	a.	Abartmak durumu; izam (II)
ABERANT	sf.,db.	► sapıntılı
ABESLİK	a.	Abes olma durumu
ABİDEVİ	sf.,esk.	► anıtsal
ABLAKÇA	sf.	Ablak gibi, biraz ablak
ABLALIK	a.	Abla olma durumu
ABLATİF	a.,db.	► çıkma durumu
ABLATYA	a.,den.	Geniş ve dar gözlü olmak üzere iki türü bulunan bir balık ağı türü
ABLAVUT	sf.,argo	Bön, aptal, sersem (kimse)
ABONMAN	a.	Bir satıcı veya kamu kuruluşu ile alıcılar arasında yapılan anlaşma; sürdürüm
ABRAMAK	-i,ağz.	Fırtınalı havalarda gemiyi ustalıkla yönetmek
ABSORBE	a.,fiz.	► soğurma
ABUHAVA	a.,esk.,coğ.	► iklim
ABUKLUK	a.	► saçmalık
ABUSLUK	a.	Abus olma durumu
ACARLIK	a.	Acar olma durumu
ACELECİ	sf.	Tez iş gören, çabuk davranan; canı tez, farfara, fırtına gibi, içi tez, evgin, ivecen, iveğen, kıvrak, sabırsız, tez canlı, telaşlı, acul
ACEMİCE	zf.	Acemi bir biçimde; acemicesine, toyca
ACIKARA	a.,bit. b.	Sık, yuvarlak ve küçük taneli bir tür ekşi üzüm
ACIKMAK	nsz.	Yemek yeme gereksinimi duymak
ACINMAK	-e	Başkalarının merhametine muhtaç duruma düşmek
ACITMAK	-i	Acılık vermek
ACİLLİK	a.	Acil olma durumu
ÂCİZANE	zf.	Söz söyleyen kimsenin, kendi yaptıklarını abartmamak için kullandığı "âcizlere yakışacak bir biçimde" anlamında kullanılan bir nezaket sözü
ÂCİZLİK	a.	► güçsüzlük
ACULLUK	a.	Acul olma durumu
AÇGÖZLÜ	sf.,mec.	Mala, yiyeceğe ve içeceğe doymak bilmeyen; açgöz, gözü aç, gözü doymaz, haris, tamahkâr, tokgözlü karşıtı
AÇIKGÖZ	sf.,mec.	Uyanık davranarak çıkar sağlayan, imkânlardan kurnazca yararlanmayı bilen; aynagöz, cingöz, uyanık
AÇIKLIK	a.	Açık olma durumu
AÇIKTAN	zf.	Bir yerin uzağından
AÇILAMA	a.,sin.,TV	Güç bir sahnenin çeşitli açılardan çekiminin yapılması
AÇILMAK	nsz.	Açık duruma gelmek veya getirilmek
AÇINMAK	nsz.	Uyurken üzerindeki yorgan ve örtüyü atmak
AÇKISIZ	sf.	Açkı yapılmamış
AÇMALIK	a.	Kiri çıkarmak veya eşyayı iyice temizlemek için kullanılan her türlü madde
AÇTIRIŞ	a.	Açtırmak işi
AÇTIRMA	a.	Açtırmak işi
ADAKLIK	a.	Adak adanan yer
ADAKSIZ	sf.	Adağı olmayan, adak adamamış olan
ADALELİ	sf.	► kaslı
ADAMCIK	a.,mec.	Kendisine acınılan kimse
ADAMCIL	sf.	İnsandan ürkmeyen, insana alışmış olan, insana sokulan, sıcakkanlı, munis
ADAMLIK	a.	► insanlık
ADAMOTU	a.,bit. b.	Patlıcangillerden, geniş yapraklı, mavi çiçekli, meyveleri sarı, çok yıllık bir bitki; kankurutan, adamkökü, abdüsselam otu (Mandragora autumnalis)
ADAMSIZ	zf.	Herhangi biri olmadan
ADANMAK	nsz.	Adama işine konu olmak
ADAPTÖR	a.	Bir aletin çapları birbirinden farklı olan parçalarından birini ötekine geçirebilmek için yararlanılan bağlayıcı
ADAŞLIK	a.	Adaş olma, aynı adı taşıma durumu
ADATMAK	-e,-i	Adama işini yaptırmak
ADAYLIK	a.	Aday olma durumu; namzetlik
ADCILIK	a.,fel.	Kavramların gerçek varlıklar olduğunu kabul eden, kavram gerçekliğine karşıt olarak tümel kavramların yalnızca nesnelerin adları olduğunu ileri süren görüş; isimcilik, nominalizm
ADDETME	a.	► sayma
ADIMLIK	sf.	Adım uzunluğunda olan
ADİLANE	zf.	► hakça
ADİLLİK	a.	Adil olma durumu
ADİSYON	a.	► hesap
ADLANMA	a.	Adlanmak durumu; isimlenme
ADLAŞMA	a.	Adlaşmak durumu; isimleşme
ADLILIK	a.	Adlı olma durumu; isimlilik
AEROBİK	a.,sp.	Sağlıklı bir vücuda sahip olmak için tempolu müzik eşliğinde yapılan bir jimnastik türü
AFERİST	a.	► dalavereci
AFFEDİŞ	a.	► bağışlayış
AFFETME	a.	► bağışlama
AFFOLMA	a.	► bağışlanma
AFİFLİK	a.	► iffetlilik
AFORİZM	a.	► özdeyiş
AFSUNCU	a.,ağz.	► büyücü
AFSUNLU	sf.,ağz.	► büyülü
AFYONLU	sf.	İçinde afyon bulunan
AGÂHLIK	a.	Agâh olma durumu
AGİTATO	zf.,müz.	Batı müziğinde bir parçanın hızlı ve coşturucu bir tempo ile çalınacağını göstermek için nota üzerine yazılan terim
AGREMAN	a.	► uygunluk
AGRESİF	sf.	► saldırgan
AGULAMA	a.	Agulamak işi; gığıldama
AĞABABA	a.	► ata
AĞAÇÇIK	a.,bit. b.	Taflan gibi dalları dibinden başlayarak çatallanan ağaçsı bitki
AĞAÇLIK	a.	Ağacı bol olan yer
AĞAÇSIL	sf.	Ağaçla ilgili olan
AĞAÇSIZ	sf.	Ağacı olmayan
AĞARMAK	nsz.	► beyazlaşmak
AĞARTMA	a.	► beyazlatma
AĞBENEK	a.,bit. b.	Ağ görünüşünde olan, arpa yapraklarına yerleşerek oldukça önemli zararlara yol açan, açık veya koyu kahverengi asklı mantar
AĞCILIK	a.	Ağcının yaptığı iş
AĞDALIK	a.	Pekmez yapılan üzüm
AĞDIRMA	a.	Ağdırmak işi
AĞILAMA	a.	► zehirleme
AĞINMAK	nsz	Hayvan yere yatıp yuvarlanmak
AĞIRLIK	a.	Ağır olma durumu; tartı
AĞIRŞAK	a.	Yün veya iplik eğrilen iği ağırlaştırmak için alt ucuna geçirilen yarım küre biçiminde, ortası delik ağaç veya kemik parça
AĞITSAL	sf.	Ağıtla ilgili, ağıt özelliği taşıyan
AĞIZCIL	sf.	Ağızla ilgili olan; oral
AĞIZDAN	zf.	Sözlü olarak
AĞIZLIK	a.	Bir ucuna sigara takılan, öbür ucundan nefes çekilen çubuk biçimindeki araç
AĞIZOTU	a.,esk.	Topları ateşlemek için falyaya konulan ve barutun patlamasına sebep olan madde; yem, yemleme
AĞIZSIL	sf.	Ağızla ilgili
AĞIZSIZ	sf.	Ağzı olmayan
AĞLAMAK	nsz.	Üzüntü, acı, sevinç, pişmanlık vb.nin etkisiyle gözyaşı dökmek
AĞLAMSI	sf.	► ağlamaklı
AĞLANMA	a.	Ağlanmak işi
AĞLANTI	a.	Hafif hafif ağlama
AĞLAŞMA	a.	Ağlaşmak işi
AĞLATIŞ	a.	Ağlatmak işi
AĞLATMA	a.	Ağlatmak işi
AĞLAYIŞ	a.	Ağlamak işi
AĞNAMAK	nsz.	Hayvan yere yatıp yuvarlanmak
AĞNAMCI	a.,esk.	Sayım vergisi toplayan kimse
AĞRIMAK	nsz.	Vücudun bir yeri ağrılı durumda olmak
AĞRISIZ	sf.	Ağrısı olmayan
AĞRITIŞ	a.	Ağrıtmak işi
AĞRITMA	a.	Ağrıtmak işi
AĞRIYIŞ	a.	Ağrımak durumu
AĞUSTOS	a.	Yılın sekizinci ayı
AHBAPÇA	zf.	Samimi bir biçimde
AHDETME	a.	Ahdetmek işi
AHENKLİ	sf.	► uyumlu
AHIRDAŞ	a.	Aynı at sahibine veya at ortaklığı bulunan kişilere ait olan, aynı koşuya katılan atlar; eküri
AHLAKÇA	zf.	Ahlak anlayışına göre, ahlak değerleri bakımından, ahlaken
AHLAKÇI	a.	Ahlak konularını inceleyen filozof veya bu konularla uğraşan kimse
AHLAKEN	zf.	► ahlakça
AHLAKLI	sf.	Ahlak kurallarına bağlı, bunlara uygun davranan (kimse)
AHLAMAK	nsz.	İç çekmek, ah etmek, ah çeker gibi ses çıkarmak
AHLAYIŞ	a.	Ahlamak işi
AHMAKÇA	sf.	Ahmağa yakışır, uygun (iş, hareket, tavır vb.)
AHTAPOT	a.,hay. b.	Kafadan bacaklılardan, dokunaçlı bir tür mürekkep balığı (Octopus)
AHUDUDU	a.,bit. b.	Gülgillerden, böğürtleni andıran, çalı görünümünde, dikenli bir bitki (Rubus idaeus)
AHZETME	a.	► alma
AHZÜİTA	a.,esk.	► alışveriş
AİDİYET	a.	► aitlik
AİLECEK	zf.	► ailece
AİLELİK	sf.	Aile ile ilgili, aileye özgü olan
AİLESİZ	sf.	Ailesi olmayan
AJANLIK	a.	► casusluk
AKADEMİ	a.	Birçok ülkede bilim ve sanat alanında akademik çalışmalar yapan bilimsel kurum
AKAMBER	a.	Özellikle amber balığının bağırsaklarından çıkarılan, kül renginde, yapışkan, bükülgen ve misk gibi kokusu olan bir taş
AKARLAR	a.,hay. b.	Gövdeleri halkasız, başları göğüsle birleşik, ağız yapıları ısırıcı, sokucu veya emici örümceğimsiler takımı
AKBAKLA	a.,ağz.	► kuru fasulye
AKBALIK	a.,hay. b.	Sazangillerden, eti kılçıklı, yumurtası ile tarama yapılan bir balık (Leuciscus)
AKBASMA	a.,ağz.	► katarakt
AKCİĞER	a.,anat.	Göğüs kafesinin içinde yer alan, sağlı sollu iki parçadan oluşan solunum organı
AKÇASAL	sf.	► parasal
AKDETME	a.	Akdetmek işi
AKDİKEN	a.,bit. b.	► alıç
AKDOĞAN	a.,hay. b.	Kartalgillerden bir tür doğan; aksungur
AKILLIM		(akı'llım) düşüncesiz birine düşüncesizliğini dolaylı bir biçimde anlatmak için kullanılan bir söz
AKILSAL	sf.,fel.	► akli
AKILSIZ	sf.	Aklı yetersiz olan, gerçeği görüp ona göre davranmayan
AKIMSIZ	sf.	Akımı olmayan; cereyansız
AKIŞKAN	sf.,fiz.	Akış özellikleri gözlenebilen (sıvı veya gaz); seyyal
AKIŞMAK	nsz.	Karşılıklı akmak
AKIŞMAZ	sf.,fiz.	Dış etkenlerin tesiriyle akışmazlığı değişmeyen, durağan
AKIŞSIZ	sf.	Akıp gitmeyen, ilerlemeyen
AKITMAK	-e,-i	Akmasını sağlamak, akmasına yol açmak; dökmek
AKİLANE	zf.,esk.	► akıllıca
AKİLLİK	a.	Akil olma durumu
AKİSSİZ	sf.	► yankısız
AKKAVAK	a.,bit. b.	Söğütgillerden, yapraklarının altı beyaz olan bir tür kavak; akçakavak, Hollanda kavağı (Populus alba)
AKKEFAL	a.,hay. b.	Sazangillerden bir cins tatlı su balığı (Alburnus)
AKLAMAK	-i,huk.	Suçsuz veya borçsuz olduğu yargısına vararak birini temize çıkarmak; tebriye etmek, ibra etmek
AKLANIŞ	a.	Aklanmak işi
AKLANMA	a.,huk.	Aklanmak işi; beraat
AKLAŞMA	a.	► beyazlaşma
AKLATMA	a.	Aklatmak işi
AKLAYIŞ	a.	Aklamak işi
AKLIMDA	ünl.	Lades oyununa katılanlardan biri ötekine bir şey verirken karşıdakinin "unutmadım" anlamında söylediği söz
AKLINCA	zf.,alay	Sandığına göre, düşünüşüne göre, umduğuna göre; aklı sıra
AKLİLİK	a.,fel.	Akla dayalı olanın niteliği; ussallık, rasyonalite
AKLİYAT	a.,esk.	Akıl yolu ile kazanılan bilgiler
AKORTÇU	a.	Piyano akordunu meslek olarak yapan kimse
AKORTLU	sf.	Akordu olan, akort edilmiş
AKPELİN	a.,bit. b.	► pelin
AKRİLİK	a.	Renksiz, keskin kokulu asitler
AKROBAT	a.	► cambaz
AKRONİM	a.,db.	► kısaltma ad
AKROPOL	a.	Eski Yunan şehirlerinde, en önemli yapıların ve tapınakların bulunduğu iç kale
AKSAKAL	a.	Bir meslekte yaşça, kıdemce ileride ve yetenek bakımından üstün niteliğe sahip olan kimse; duayen
AKSAMAK	nsz.	Hafifçe topallamak
AKSATIŞ	a.	Aksatmak işi
AKSATMA	a.	Aksatmak işi
AKSAYIŞ	a.	Aksamak işi
AKSEDİR	a.,bit. b.	Servigillerden, kaplaması mobilyacılıkta kullanılan, açık kahverengi öz odunlu olan bir ağaç; batı mazısı (Thuja occidentalist)
AKSEDİŞ	a.	► yansıyış
AKSETME	a.	► yansıma
AKSIRIK	a.	► hapşırık
AKSIRIŞ	a.	► hapşırış
AKSIRMA	a.	► hapşırma
AKSİLİK	a.	Bir işin yolunda gitmemesi durumu; terslik
AKSİYOM	a.,man.	► belit
AKSİYON	a.	Bir kuvvetin, maddi bir etkenin, bir düşüncenin ortaya çıkması
AKSOĞAN	a.,bit. b.	► ada soğanı
AKSÖĞÜT	a.,bit. b.	Söğütgillerden, kabukları eczacılıkta kullanılan bir tür söğüt (Salix alba)
AKŞAMCI	a.	Akşamları içki içme alışkanlığında olan kimse
AKŞAMKİ	sf.	Akşama özgü, akşam olan, akşam yapılan
AKTARIM	a.	Aktarmak işi
AKTARIŞ	a.	Aktarmak işi
AKTARMA	a.	Aktarmak işi
AKTİNİT	a.,kim.	Aktinyum, toryum, protaktinyum, tulyum, plütonyum, amerikyum, küriyum ve berkelyum radyoaktif elementlerinin ortak adı
AKTUTMA	a.,tıp	► albümin işeme
AKUSTİK	a.	► yankı bilimi
AKUTLUK	a.	Akut olma durumu
AKVAREL	a.	Sulu boya resim
AKYUVAR	a.,anat.	Kan, lenf vb. vücut sıvılarında bulunan çekirdekli, yuvarlak hücre; lökosit
ALABORA	a.,den.	Gemi, tekne, sandal vb. deniz araçlarının devrilip yan yatması veya ters dönmesi
ALABROS	sf.	Fırça gibi dik kesilmiş (erkek saçı)
ALACALI	sf.	► alaca
ALAKALI	sf.	► ilgili
ALAKART	a.	► seçmeli yemek, tabildot karşıtı
ALALAMA	a.	Alalamak işi
ALAMANA	a.,den.	Balık avlamakta veya yük taşımakta kullanılan, tek veya iki direkli ve açık güverteli, büyük kayık; alamanata
ALARMAK	nsz.	► kızarmak
ALAŞAĞI	zf.	Aşağıya doğru
ALAVERE	a.	Bir şeyin elden ele geçmesi
ALBASMA	a.,ağz.	► albastı
ALBASTI	a.,tıp	Doğum sırasında temizliğe dikkat edilmemesi yüzünden lohusanın tutulduğu ateşli hastalık; lohusa humması, albasma
ALBÜMİN	a.,biy.	Bitkilerin, hayvanların doku ve sıvılarında bulunan, birleşimi karbon, oksijen, azot, hidrojen ve kükürt olan, suda eriyen, beyaza yakın renkte, yapışkan özellikte bir protein
ALÇACIK	sf.	Çok alçak
ALÇAKÇA	sf.	Oldukça alçak
ALÇALIŞ	a.	Alçalmak işi
ALÇALMA	a.	Alçalmak işi
ALÇALTI	a.	Yüksekliği az olan alan
ALÇARAK	sf.	Az alçak
ALÇIPAN	a.,mim.	► alçı levha
ALDANIŞ	a.	Aldanmak durumu
ALDANMA	a.	Aldanmak işi
ALDATIŞ	a.	Aldatmak işi
ALDATMA	a.	Aldatmak işi; desise, şike
ALDEHİT	a.,kim.	Alkolleri oksitlendirme veya asitleri indirgeme yolu ile elde edilen uçucu bir sıvı
ALDIRIŞ	a.	Aldırmak işi
ALDIRMA	a.	Aldırmak işi
ALEGORİ	a.,ed.	Bir görüntü, bir yaşantı veya bir davranışın daha iyi kavranmasını sağlamak için göz önünde canlandırıp dile getirme; yerine
ALELADE	sf.	► sıradan
ALEMDAR	a.	Bayrağı veya sancağı taşıyan kimse
ALENGİR	a.,argo	► gösteriş
ALERJEN	a.	Alerjiye sebep olan herhangi bir madde
ALERJİK	sf.	Alerji ile ilgili olan
ALETSİZ	sf.	Aleti olmayan veya aletle yapılmayan
ALEVSİZ	sf.	Alevi olmayan
ALFENİT	a.,kim.	İçinde bakır, çinko, nikel bulunan ve çatal bıçak takımı yapımında kullanılan gümüşlü bir alaşım
ALIKLIK	a.	Alık olma durumu; belahet
ALIMSIZ	sf.	Çekici olmayan
ALINGAN	sf.	Çabuk gücenen, çabuk kırılan
ALINLIK	a.,ağz.	Kadınların alınlarına taktıkları altın veya gümüşten süs eşyası
ALINMAK	-e,nsz.	Alma işi yapılmak
ALIRLIK	a.,fel.	Duygusal uyarımları alabilme yeteneği, idrak kabiliyeti
ALIŞKAN	sf.	► alışkın
ALIŞKIN	sf.	Bir şeye veya bir şey yapmaya alışmış olan; alışkan, alışmış
ALIŞMAK	-e	Bir işi tekrarlayarak kolaylıkla yapabilmek
ALIŞMIŞ	sf.	► alışkın
ÂLİMANE	sf.	Âlime yakışan
ÂLİMLİK	a.	► bilginlik
ALKALİK	sf.,kim.	İçinde alkali bulunan; kalevi, antiasit
ALKARNA	a.,den.	İstiridye, midye, tarak vb. kabuklu hayvanları avlamak için deniz dibini taramakta kullanılan, ağız kısmı demirden bir ağ
ALKIŞÇI	a.	Alkışlayan kimse
ALKOLİK	sf.	Alkollü içkilere hastalık derecesinde düşkün olan (kimse)
ALKOLLÜ	sf.	Alkolden yapılmış, içinde alkol bulunan, alkol katılmış
ALLAMAK	-i	Kırmızı duruma getirmek
ALLANMA	a.	Allanmak işi
ALLAŞMA	a.	Allaşmak durumu
ALLEGRO	zf.,müz.	Canlı, neşeli ve hızlı bir biçimde (çalınarak)
ALMANAK	a.	► yıllık
ALMAŞIK	sf.	İki veya daha çok şeyin sıralanmasında karşılıklı değil, aralıklı olarak sağda ve solda yerleşmiş olan
ALMAŞLI	sf.	Almaş niteliği olan
ALOGAMİ	a.,bit. b.	► tozlaşma
ALOMORF	a.,db.	► eş biçim birimi
ALPEREN	a.	Eski Türklerde hem cesur, savaşçı hem de bir tarikata girmiş, onun kurallarına ve törelerine bağlı kimse
ALSATÇI	a.	Bir malı alıp kısa zamanda satan kimse
ALTIGEN	a.,mat.	Altı kenarlı çokgen; müseddes
ALTILIK	sf.	Altısı bir arada, altı taneden oluşmuş, altı tane alabilen
ALTINCI	sf.	Altı sayısının sıra sıfatı, sırada beşinciden sonra gelen
ALTINLI	sf.	Altına sahip olan (kimse)
ALTINSI	sf.	Altını andıran, altına benzeyen, altın gibi; altınımsı
ALTIPAS	a.,sp.	► kale alanı
ALTIŞAR	sf.	Altı sayısının üleştirme sayı sıfatı
ALTLAMA	a.	Altlamak işi
ALTYAPI	a.	Bir yerleşim yeri veya bir yapı için gerekli olan yol, kanalizasyon, su, elektrik vb. tesisatın tümü
ALÜVYON	a.	Akarsuların taşıyıp yığdıkları balçık, kil vb. çok ince taneli şeylerin kum ve çakılla karışmasıyla oluşan yığın; lığ
ALYUVAR	a.,anat.	Kana al rengini veren, çekirdeksiz, yuvarlak, küçük hücre; eritrosit
AMABİLE	zf.,müz.	Sevimli ve cana yakın bir biçimde (çalınmak)
AMAÇSIZ	sf.	Amacı olmayan; yönsüz, gayesiz, kasıtsız, maksatsız
AMALGAM	a.,kim.	► malgama
AMANSIZ	sf.	Aman vermeyen, göz açtırmayan, nefes aldırmayan; biaman
AMBALAJ	a.	Ürünü dış etkenlerden koruyan, içine konan ürünleri bir arada tutarak taşıma, depolama, dağıtım, tanıtma, reklam gibi işlemleri kolaylaştıran, kâğıt, mukavva, tahta, plastik vb.nden yapılan malzeme
AMBARCI	a.	Ambara bakan görevli; ambar memuru
AMBARGO	a.	Bir malın serbest sürümünü engellemek için konulan yasak; engelleyim
AMBERBU	a.	Hindistan'da, İran'da yetişen, piştiğinde güzel bir koku veren, iri ve uzun taneli bir pirinç türü
AMCACIK	a.	Amca sözünün sevgiyle dolu söylenen biçimi
AMCALIK	a.	Amca olma durumu; emmilik
AMELİYE	a.,esk.	► uygulama
AMETİST	a.,jeol.	Süs taşı olarak kullanılan, mor renkte bir kuvars türü
AMFİBİK	sf.,biy.	► iki yaşamlı
AMFİBOL	a.,jeol.	Piroksenlere yakın siyah, esmer, yeşil renkli bir silikat grubu
AMFİZEM	a.,tıp	Doku ve organlarda sıra dışı hava toplanması
AMİLLİK	a.	► etkenlik
AMİPLER	a.,hay. b.	Bir hücreli hayvanların kök bacaklılar sınıfına giren bir takımı
AMİRANE	zf.	► amirce
AMİRLİK	a.	Amir olma durumu
AMİRSİZ	sf.	Amiri olmayan
AMİYANE	sf.	► basit
AMNİYON	a.,anat.	► döl kesesi
AMONYAK	a.,kim.	Azot ve hidrojen birleşimi olan, keskin kokulu bir gaz (NH3)
AMONYUM	a.,kim.	Amonyaklı tuzlarda maden rolü oynayan bir birleşim kökü (NH4)
AMPİRİK	sf.	► görgül
ANAÇLIK	a.	Anaç olma durumu
ANAERKİ	a.,top. b.	Soyda temel olarak anayı alan ve ailede çocukları ana soyuna mal eden bir toplum düzeni
ANAGRAM	a.	Bir kelimedeki harflerin yerleri değiştirilerek elde edilen kelime
ANALİST	a.	► çözümleyici
ANALOJİ	a.	► benzeşim
ANAMNEZ	a.,tıp	Hastanın, hastalığı ve çevresi hakkında verdiği bilgi; anamnezi
ANANECİ	sf.	► gelenekçi
ANANELİ	sf.	► gelenekli
ANANEVİ	sf.,esk.	► geleneksel
ANAPARA	a.,ekon.	Üzerinden faiz hesaplanacak olan para
ANARŞİK	sf.	Anarşi ile ilgili
ANARTRİ	a.,tıp	► dil tutukluğu
ANATOMİ	a.,tıp	İnsan, hayvan ve bitkilerin yapısını ve organlarının birbiriyle olan ilgilerini inceleyen bilim; teşrih
ANAYASA	a.,huk.	Bir devletin yönetim biçimini belirten, yasama, yürütme, yargılama güçlerinin nasıl kullanılacağını gösteren, yurttaşların kamu haklarını bildiren temel yasa; kanunuesasi
ANCAKLI	sf.	Herhangi bir bahane, şart ileri süren
ANDANTE	zf.,müz.	Adacyo ile andantino arası, yarı yavaş bir biçimde (çalınmak)
ANDAVAL	sf.,argo	► andavallı
ANDEZİT	a.,min.	► Ankara taşı
ANDIRIŞ	a.	İki şey arasında bazı noktalardaki uygunluk, benzerlik durumu
ANDIRMA	a.	Andırmak durumu
ANEKDOT	a.	► hikâyecik
ANEROİT	a.,fiz.	Cıva yerine maden bir kutu kullanmak temeline dayanan kadranlı barometre
ANGARYA	a.	Bir kimseye veya bir topluluğa zorla, ücret vermeden yaptırılan iş; yüklenti
ANGUTÇA	zf.	Anguda yaraşır bir biçimde
ANIKLIK	a.	► uyanıklık
ANILMAK	nsz.	Anma işine konu olmak
ANIRMAK	nsz.	Eşek bağırmak
ANIRTMA	a.	Anırtmak işi
ANITSAL	sf.	Anıt niteliğinde olan, anıta benzeyen; abidevi
ANITSIZ	sf.	Anıtı olmayan
ANIZLIK	a.	Anızı sürülmemiş tarla
ANİMATO	zf.,müz.	Canlı bir biçimde (çalınmak)
ANİMİZM	a.,fel.	► canlıcılık
ANKETÇİ	a.	Anket yapan kimse; anketör
ANKETÖR	a.	► anketçi
ANKİLOZ	a.,tıp	► eklem kaynaşması
ANLAKLI	sf.	► zeki
ANLAMAK	-i	Bir şeyin ne demek olduğunu, neye işaret ettiğini kavramak; fehmetmek
ANLAMCA	zf.	Anlam bakımından; mealen, manaca
ANLAMLI	sf.	Anlamı olan; manalı
ANLAŞIK	a.	Aralarında anlaşma bulunan taraflardan, kimselerden biri
ANLAŞMA	a.	Anlaşmak durumu
ANLATIM	a.	Anlatmak işi
ANLATIŞ	a.	Anlatmak işi
ANLATMA	a.	Anlatmak işi; ifham, tefhim
ANLAYIŞ	a.	Anlamak işi; idrak, telakki
ANLIKÇI	sf.,fel.	Anlıkçılık yanlısı olan
ANMALIK	a.	► hatıra
ANNECİK	a.	Anne sözünün sevgi ve samimiyetle söylenen biçimi
ANNELİK	a.	Anne olma durumu veya niteliği; analık, validelik
ANOMALİ	a.,ruh b.	► sapaklık
ANONSÖR	a.	Herhangi bir duyuruyu anons eden kimse
ANORMAL	sf.	Genele, alışılmışa ve kurala aykırı olan, normal olmayan; düzgüsüz
ANSAMBL	a.,müz.	► topluluk
ANSIMAK	-i	► anımsamak
ANSITMA	a.	► anımsatma
ANSIZIN	zf.	Hatıra gelmeyen, beklenmeyen bir sırada; ani, anide, aniden, ansız (I), apansız, apansızın, birden, birdenbire, dangadak, defaten, durup dururken, gürpedek, lappadak, larp, larpadak, patadak, pattadak, rappadak, şak diye, şakkadak, şapadanak, şappadak, şırakkadak, yekten, bedaheten, fücceten, nagehan, vehleten
ANTENLİ	sf.	Anteni olan
ANTETLİ	sf.	► başlıklı
ANTİDOT	a.	► panzehir
ANTİJEN	a.,biy.	Vücuda girdiğinde bağışıklık sistemi tarafından antikor üretimine yol açan bakteri, virüs, parazit vb. protein yapısında madde
ANTİKOR	a.,biy.	Vücuda giren antijenlere karşı oluşan bağışıklık proteini
ANTİLOP	a.,hay. b.	Antiloplardan, sıcak ülkelerde yaşayan, geviş getiren, vücutları zarif görünüşlü, uzun boynuzları yukarı ve geriye doğru kıvrık, çok hızlı koşan bir tür hayvan (Anthilopus)
ANTİMON	a.,kim.	Atom numarası 51, atom ağırlığı 121,76 olan, 630 °C'de eriyen, haddede veya çekiç altında işlenemeyen, çoğunlukla basım harfleri alaşımında kullanılan, mavimtırak beyaz renkte bir element (simgesi Sb)
ANTİTEZ	a.	► karşı sav
ANTRAKT	a.,sin.,tiy.	► ara
ANTREPO	a.,tic.	Gümrüklere gelen ticari eşyanın vergi vb. ödeme işleri yapılana kadar konulduğu, korunduğu ve gerektiğinde tamamlayıcı işlemlerin yapıldığı depo
ANUDANE	sf.,esk.	İnatçıya benzer, inatçıya yakışır
ANUTLUK	a.	► inatçılık
ANZAROT	a.,bit. b.	Sıcak ülkelerde yetişen bodur bir ağaç (Sarcocolla)
APANDİS	a.,anat.	İnce bağırsakla kalın bağırsağın birleşme yerindeki kör bağırsağın ince bir parmak gibi olan son bölümü
APANSIZ	zf.	► ansızın
APARKAT	a.,sp.	Boksta bükük kolla aşağıdan yukarıya doğru çeneye atılan yumruk
APARMAK	-i,ağz.	Alıp götürmek
APARTMA	a.	Apartmak işi
APAŞLIK	a.	► külhanbeylik
APAYDIN	sf.	Çok aydınlık
APIŞLIK	a.	► ağ (II)
APIŞMAK	nsz.	Hayvan yorgunluktan bacaklarını birbirinden ayırarak çöküvermek
APOKRİF	a.,ed.	Doğruluğuna güvenilmez söz veya yazı
APRAKSİ	a.,tıp	► beceri yitimi
APRANTİ	a.,sp.	At yarışlarında elliden az yarış kazanmış, deneyimi jokeylere göre daha az olan genç binici
APRESİZ	sf.	Apresi yapılmamış, perdahlanmamış veya cilalanmamış
APRİORİ	sf.,fel.	► önsel
APSESİZ	sf.	Apse durumuna gelmemiş olan
APTALCA	sf.	Aptala yakışan, aptaldan beklenen
APTALSI	sf.	Aptal gibi, aptala benzer; aptalımsı
ARABACI	a.	Arabayı süren kimse
ARABALI	sf.	Arabası olan
ARABAŞI	a.	Hindi veya tavuk etiyle hazırlanan, pişmiş ve dondurulmuş hamur ile birlikte yenen çorba
ARABESK	sf.	Köyden kente göç eden toplulukların geleneksel yaşam tarzından çağdaş yaşam tarzına geçiş evresini yansıtan (kültür, sanat vb.)
ARAÇSAL	sf.	Araçla ilgili olan
ARAÇSIZ	sf.	Doğrudan doğruya yapılan veya olan; vasıtasız, bilavasıta
ARAKİYE	a.,esk.	Dervişlerin giydikleri, tiftikten yapılmış ince külah
ARALAMA	a.	Aralamak işi
ARANJÖR	a.,müz.	► düzenleyici
ARANMAK	nsz.	Arama işine konu olmak
ARAŞMAK	-i	Telefonla birbirini aramak
ARATMAK	-e,-i	Arama işini bir başkasına yaptırmak
ARAYICI	a.	Bir şeyi aramayı iş edinen kimse
ARAZBAR	a.,müz.	Türk müziğinde neva perdesi üzerindeki bayati makamı dizisi, çargâh üzerindeki rast beşlisi ve uşşak dörtlüsünden meydana gelen birleşik bir makam
ARBALET	a.	Kundaklı, tetikli yay
ARDILMA	a.	Ardılmak işi
ARDINCA	zf.	Hemen arkasından, hemen ardından; arkası sıra, ardı sıra, peşi sıra, takiben, müteakiben
ARDIŞIK	sf.	Birbiri ardından gelen, üst üste olan; mütevali
ARDUVAZ	a.,min.	► kayağan taş
ARGONOT	a.,hay. b.	Kafadan bacaklılardan, salyangoz kabuğu biçiminde kabuğu olan ve ahtapota benzeyen bir hayvan (Argonauta argo)
ARGOSUZ	sf.	İçinde argo söz bulunmayan
ARGÜMAN	a.	► kanıt
ARIKLIK	a.	► zayıflık
ARILAMA	a.	Arılamak işi
ARINMAK	nsz.	► temizlenmek
ARINMIŞ	sf.	Arı (I) duruma gelmiş olan
ARITICI	sf.	Arıtma özelliği olan (şey)
ARITMAK	-i	Temiz duruma getirmek
ARIZALI	sf.	Arızası olan, aksayan, işlemeyen, bozulmuş (araç vb.)
ARİFANE	zf.,esk.	Arif olana yakışacak bir biçimde
ARİFLİK	a.	Arif olma durumu
ARİTMİK	sf.	Ritimli olmayan
ARJANTE	a.	Arjantin ülkesine verilen ad
ARKADAŞ	a.	Birbirlerine karşı sevgi ve anlayış gösteren kimselerden her biri; yoldaş
ARKAİZM	a.	Kullanıldığı çağdan daha eski bir çağa ait biçimin, yapının özelliği
ARKALIÇ	a.,ağz.	► arkalık
ARKALIK	a.	Sırt dayamaya yarayan yer
ARKASIZ	sf.	Arkası olmayan
ARKEBÜZ	a.,ask.	XV. yüzyılda Fransa'da kullanılmaya başlanan, taşınabilir ateşli silah
ARKEGON	a.,bit. b.	Eğrelti otlarında, bütün kara yosunlarında, bazı su yosunlarında ve açık tohumlularda görülen dişilik organı
ARKETİP	a.	► kök örnek
ARLANMA	a.	► utanma
ARLILIK	a.	► utanma duygusu
ARMADOR	a.,den.	Geminin direk, seren, yelken, ip vb. donanımını düzenleyen usta
ARMASIZ	sf.	Arma bulunmayan
ARMATÖR	a.,den.	Ticaret gemisi sahibi; donatan
ARMATÜR	a.	Banyo ve mutfaklarda sıcak ve soğuk su akıtma özelliği bulunan musluk
ARMONİK	sf.,müz.	Armoni ile ilgili olan
ARMUTSU	sf.	Armudu andıran, armuda benzeyen, armut gibi; armudumsu
AROMALI	sf.	Hoş kokulu; aromatik
ARPACIK	a.,tıp	Göz kapağının kenarında çıkan küçük çıban; itdirseği
ARPAĞAN	a.,ağz.	Arpaya benzer ancak tanesi zayıf bir bitki
ARPALIK	a.	Arpa ekilen yer
ARPAMSI	sf.	Arpayı andıran, arpaya benzeyen, arpa gibi
ARSACIK	a.	Küçük arsa
ARSENİK	a.,kim.	Atom numarası 33, atom ağırlığı 74,91, yoğunluğu 5,7 olan, atmosfer basıncı altında 450 °C'de süblimleşen, maden filizlerinde çok yaygın bulunan, metal görünümünde basit element; sıçanotu, zırnık (simgesi As)
ARSIZCA	zf.	Arsız gibi, arsıza yakışan bir biçimde; arsızcasına
ARŞEVEK	a.	► başpiskopos
ARŞIÂLÂ	a.	Göğün dokuzuncu katı
ARŞİDÜK	a.,tar.	Avusturya'da imparator ailesi prenslerine verilen ünvan
ARŞİVCİ	a.	Arşiv görevlisi veya uzmanı; belgelikçi
ARTAĞAN	sf.,ağz.	► bereketli
ARTERİT	a.	Atardamar bozukluğu
ARTIKÇI	sf.	Başkalarının artıklarını yiyerek veya kullanarak geçinen
ARTIMLI	sf.	Pişince şiştiği için miktarı artmış gibi görünen; artağan
ARTIRIM	a.	Artırmak işi
ARTIRIŞ	a.	Artırmak işi
ARTIRMA	a.	Artırmak işi; tezyit
ARTİZAN	a.	► zanaatçı
ARZİYAT	a.,esk.	► yer bilimi
ARZUHÂL	a.	► dilekçe
ARZUSUZ	sf.	► isteksiz
ASABİYE	a.,tıp	► sinir bilimi
ASALLIK	a.	Asal olma durumu
ASAMBLE	a.	► kurul
ASANLIK	a.	► kolaylık
ASANSÖR	a.	İnsanları, yükleri bir yapının bir katından ötekine veya yüksek yerlere çıkarıp indiren, elektrikle işleyen araç
ASEPTİK	sf.,tıp	Her türlü mikroptan arınmış
ASIKLIK	a.	Yüzün kızgın, öfkeli ve hoşnutsuz bir ifade taşıması
ASILLIK	a.	Asıl olma durumu
ASILMAK	-e,nsz.	Asma işi yapılmak veya asma işine konu olmak
ASILSIZ	sf.	Doğru olmayan, temelsiz, köksüz, dayanaksız, yalan (haber)
ASIRLIK	sf.	► yüzyıllık
ASİLANE	sf.	Asile yakışan
ASİLLİK	a.	► soyluluk
ASİMİLE	sf.	“Benzeştirmek, kendine uydurmak” anlamındaki asimile etmek,  “baskın doku veya yapı içinde erimek, yok olmak” anlamındaki asimile olmak birleşik fiillerde kullanılan bir söz
ASİSTAN	a.	► yardımcı
ASİTSİZ	sf.	İçinde asit bulunmayan
ASKARİT	a.,hay. b.	► bağırsak solucanı
ASKERCE	sf.	Asker gibi
ASKERCİ	a.	Asker yanlısı olan kimse
ASKILIK	a.	Avcıların sırtlarına taktıkları askı takımı
ASKINTI	sf.	Başkalarının sırtından geçinen (kimse)
ASKISIZ	sf.	Askısı olmayan; straplez
ASLANCA	sf.	Aslan gibi
ASLANLI	sf.	Aslan bulunan; arslanlı
ASLANSI	sf.	Aslanı andıran, aslana benzeyen, aslan gibi; aslanımsı
ASLINDA	zf.	Asıl olarak; bir defa, bir kere, aslen, esasen, esasta, haddizatında
ASMALIK	sf.	Asma için ayrılmış (yer veya toprak)
ASMOLEN	a.,mim.	Pişmiş toprak, cüruf ve çimento karışımından yapılmış, ses geçirmez, delikli briket türü
ASONANS	a.,ed.	Aynı aksanı veren ünlüyü ondan sonra veya önce gelen ünsüzü dikkate almadan her dizenin sonunda tekrarlama biçiminde yapılan uyak
ASORTİK	sf.	Giysilerini birbirine uygun giyen
ASOSYAL	sf.	Sosyal olmayan
ASPİRİN	a.,tıp	Ağrı kesici, ateş düşürücü, kan sulandırıcı ve yangı giderici olarak kullanılan hap
ASRİLİK	a.	► çağdaşlık
ASTARLI	sf.	Astar geçirilmiş, astarlanmış
ASTARYA	a.	Bir gemiye yükleme veya boşaltma için tanınan süre
ASTASIM	a.,man.	Öncüllerinden biri önceki tasımın vargısı durumunda olan bir ek tasım
ASTATİN	a.,kim.	► astat
ASTIMLI	sf.	Astımı olan, astım hastalığına tutulmuş olan
ASTIRMA	a.	Astırmak işi
AŞAMALI	sf.	Aşaması olan
AŞÇILIK	a.	Aşçının yaptığı iş
AŞERMEK	nsz.	Hamilelikte bazı yiyeceklere karşı aşırı düşkünlük göstermek, çok arzulamak veya nefret etmek, tiksinmek
ÂŞIKANE	sf.	Âşığa yaraşır bir biçimde olan
ÂŞIKLIK	a.	Âşık olanın durumu
ÂŞIKTAŞ	a.,tkz.	Aralarında ciddi bir sevgi olmadan birbirleriyle gönül eğlendiren erkek ve kadından her biri
AŞILAMA	a.	Aşılamak işi; ilkah, telkih
AŞILMAK	nsz.	Aşma işine konu olmak
AŞINMAK	nsz.	Birbirine sürtünerek incelmek
AŞINMAZ	sf.	Kolaylıkla yıpranmayan, aşınmayan
AŞIRICI	sf.	Beklenenin üstünde aşırı davranan
AŞIRMAK	-i,-den	Yüksek veya geçilmesi güç bir yerin üstünden diğer yanına geçirmek; aşırtmak
AŞIRTMA	a.	Aşırtmak işi
AŞİKÂRE	zf.	► açıkça
AŞKINCI	sf.,fel.	Aşkıncılık yanlısı olan
AŞTIRMA	a.	Aştırmak işi
ATAERKİ	a.,top. b.	Soyda temel olarak babayı alan ve ailede çocukları baba soyuna mal eden topluluk düzeni
ATAKLIK	a.	Atak olanın durumu veya atak bir biçimde yapılan iş, davranış
ATANMAK	-e	Bir göreve getirilmek; tayin edilmek
ATANMIŞ	sf.	Atama ile işbaşına gelen
ATASÖZÜ	a.	Uzun deneme ve gözlemlere dayanılarak söylenmiş ve halka mal olmuş, öğüt verici nitelikte söz; deme, mesel, sav, darbımesel
ATAVİZM	a.,ant.	► atacılık
ATÇILIK	a.	Atçının yaptığı iş
ATEŞBAZ	a.	Ateşle hüner gösteren oyuncu
ATEŞKES	a.,ask.	Savaşan iki kuvvetin karşılıklı olarak savaşı durdurması; bırakışma, mütareke
ATEŞLİK	a.	Ateş yakılan veya konulan yer
ATEŞSİZ	sf.	Ateşi olmayan; odsuz
ATFEDİŞ	a.	Atfetmek işi
ATFETME	a.	Atfetmek işi; isnat
ATILGAN	sf.	Çekinip korkmadan kendini tehlike veya güçlüklere atan; acar
ATILMAK	-den	Atma işine konu olmak
ATIMLIK	sf.	Silahı doldurmaya yetecek veya en az bir defa atış yapabilecek miktarda olan (barut, saçma vb.)
ATIŞMAK	-le	Birbirine karşılıklı söz söyleyerek tartışmak
ATİKLİK	a.	► çabukluk
ATLAMAK	-den	Bir engeli sıçrayarak veya fırlayarak aşmak
ATLANMA	a.	Atlanmak işi
ATLATIŞ	a.	Atlatmak işi
ATLATMA	a.	Atlatmak işi
ATLAYIŞ	a.	Atlamak işi
ATLETİK	sf.	Vücudu gelişmiş, biçimli, atlet gibi
ATROPİN	a.,tıp	Güzelavrat otundan çıkarılıp hekimlikte kullanılan zehirli bir madde
ATTIRIŞ	a.	Attırmak işi
ATTIRMA	a.	Attırmak işi
AVALLIK	a.	Aval olma durumu
AVANTAJ	a.	► üstünlük
AVANTÜR	a.	► macera
AVCILIK	a.	Avcının yaptığı iş
AVLAMAK	-i	Bir avı diri veya ölü olarak ele geçirmek; tutmak
AVLANIŞ	a.	Avlanmak işi
AVLANMA	a.	Avlanmak işi
AVLATMA	a.	Avlatmak işi
AVLAYIŞ	a.	Avlamak işi
AVOKADO	a.,bit. b.	Defnegillerden, tropik iklime sahip bölgeler yanında, subtropikal iklime veya Akdeniz iklimine sahip çeşitli bölgelerde yetiştirilen, sıralı yapraklı, çiçekleri yeşilimsi sarı renkte olan bir ağaç; Amerikan armudu (Persea americana)
AVROVİL	a.,ekon.	Avrupa Birliği dışındaki ülkeler tarafından çıkarılan ve tutulan avroya dayalı borç senedi
AVRUPAİ	sf.	Avrupalılara özgü, Avrupalılara benzer, Avrupalılar gibi
AVUNMAK	nsz.	Bir şeyle uğraşarak acısını unutmak, sıkıntılardan uzaklaşmak; aldanmak, teselli bulmak, müteselli olmak
AVURTLU	sf.	Avurdu olan
AVUTMAK	-i	Bir kimsenin acısını veya sıkıntısını yatıştırmak; avundurmak, teselli etmek
AYAKÇAK	a.,ağz.	Merdiven basamağı
AYAKÇIN	a.	Dokuma tezgâhlarında atkı ipliklerini hareket ettirmek için ayakla basılan tahta ayaklık
AYAKLIK	a.	► pedal
AYAKSIZ	sf.	Ayağı olmayan
AYAKTAŞ	a.,ağz.	► omuzdaş
AYAKUCU	a.,gök b.	Yeryüzünde bir noktada çekülün gösterdiği doğrultunun Dünya merkezine doğru olan yönü
AYANDON	a.	18 Ocak'ta başlayan bir fırtına
AYARSIZ	sf.	Ayarı yapılmamış
AYARTIŞ	a.	Ayartmak işi
AYARTMA	a.	Ayartmak işi
AYAZLIK	a.	► teras
AYDEMİR	a.	Yüzü yay biçiminde bir keser türü
AYDINCA	zf.	Aydına yaraşır bir biçimde
AYETLİK	a.	Seccade ve bazı halılara işlenen dikdörtgen şeklindeki çerçeve
AYIKLIK	a.	Ayık olma durumu
AYIKMAK	nsz.,ağz.	► ayılmak
AYILMAK	nsz.	Sarhoşluk, baygınlık vb. bir durumdan kurtulmak, kendine gelmek; ayıkmak, aymak
AYILTMA	a.	Ayıltmak işi
AYIPSIZ	sf.	Ayıbı, kusuru olmayan
AYIRICI	sf.	Ayırma özelliği veya gücü olan
AYIRMAÇ	a.	Bir şeyi benzerlerinden ayırt etmeye yarayan durum veya öge; farika
AYIRMAK	-e,-i	Bir bütünü kendi içinde parçalara bölmek
AYIRTAÇ	a.,fiz.	Bir dalga biçimindeki sıklık veya evre değişmelerini genlik değişmeleri olarak ortaya çıkaran alet
AYIRTMA	a.	Ayırtmak işi
AYLAKÇI	a.	Temelli işi olmayan işçi
AYLAMAK	ağz.,-de	Bir aylık süreyi geçirmek
AYLANMA	a.	Aylanmak işi
AYLARCA	zf.	Çok uzun bir süre
AYLIKÇI	a.	Aylıkla çalışan kimse
AYLIKLI	sf.	Aylık alan (kimse); maaşlı
AYNAGÖZ	sf.,mec.	► açıkgöz
AYNAKOL	a.	Bisiklette hareketi arka tekerleğe ulaştıran dişli takımı
AYNALIK	a.	Çeşitli boy ve biçimlerde, içerisine ayna konulan çerçeve
AYNASIZ	sf.	Aynası olmayan
AYNILIK	a.	Aynı olma durumu; özdeşlik, ayniyet
AYNIYLA	zf.	► aynen
AYNİYAT	a.	İş yerlerinde eşya ve malzeme işleriyle ilgilenen bölüm; özdek
AYNİYET	a.,esk.	► aynılık
AYRANCI	a.	Ayran yapan veya satan kimse
AYRIKLI	sf.	► istisnai
AYRIKSI	sf.,top. b.	Alışılagelmiş töre ve davranışlara aykırı olan; eksantrik
AYRILIK	a.	Ayrı olma durumu
AYRILIŞ	a.	Ayrılmak işi
AYRILMA	a.	Ayrılmak işi; infirak, terk
AYRIMCI	a.	Ayrım yapan kimse
AYRIMLI	sf.	► farklı
AYRINTI	a.	Bir bütünün önemce ikinci derecede olan ögelerinden her biri; teferruat, tafsilat, detay
AYRIŞIK	sf.	Ayrışmış olan
AYRIŞIM	a.	Ayrışmak işi
AYRIŞMA	a.	Ayrışmak işi
AYSBERG	a.,coğ.	► buz dağı
AYSFİLT	a.,coğ.	► buzla
AYTIŞMA	a.	► atışma
AYVALIK	a.	Ayva ağaçlarının çok bulunduğu yer
AZALMAK	nsz.	Az denecek bir miktara inmek; daralmak
AZALTIM	a.	Azaltmak işi
AZALTIŞ	a.	Azaltmak işi
AZALTMA	a.	Azaltmak işi; azlaştırma
AZAPSIZ	sf.	Sıkıntı, acı vermeyen
AZATLIK	a.	Azat olma durumu
AZATSIZ	sf.	Azat edilemeyen
AZDIRIŞ	a.	Azdırmak işi
AZDIRMA	a.	Azdırmak işi
AZIKLIK	a.,ağz.	Azık olarak ayrılan veya hazırlanan yiyecekler
AZIKSIZ	sf.	Azığı olmayan
AZINLIK	a.	Bir toplulukta kendine özgü nitelikler bakımından ayrı ve ötekilerden sayıca az olanlar; azlık, ekalliyet, çoğunluk karşıtı
AZIŞMAK	nsz.	Gittikçe kızışmak, gitgide şiddetlenmek
AZITMAK	-i	Azgın duruma getirmek
AZİMKÂR	sf.,esk.	Bir işteki engelleri yenme kararlılığında olan
AZİMSİZ	sf.	Azmi olmayan
AZİZİYE	a.,tar.	Sultan Abdülaziz'in ve devlet adamlarının kulak hizasına kadar indirerek giydiği, tepesi dar, alt kısmı geniş, kalın püsküllü fes
AZİZLİK	a.	Aziz olma durumu
AZLEDİŞ	a.	Azletmek işi
AZLETME	a.	Azletmek işi
AZMETME	a.	Azmetmek işi
AZNAVUR	a.	İri yarı, kırıcı, sinirli, asık suratlı, sert kimse
AZOTSUZ	sf.	İçinde azot olmayan
BABACAN	sf.,mec.	Olgun, hoşgörülü, iyi kalpli, güvenilir (erkek); babayani
BABACIK	a.	Babalara sevgiyle yaklaşıldığını belirten bir söz
BABACIL	sf.	Babasını çok seven, babasına çok düşkün olan
BABAÇKO	sf.,argo	Güçlü, gösterişli, iri yarı (kadın)
BABAEVİ	a.,mec.	► baba ocağı
BABAKÖŞ	a.,hay. b.	Ayaksız olduğu için yılan sanılan, solucanla beslenen bir tür kertenkele (Anguis fragilis)
BABALIK	a.	Baba olma durumu
BABASIZ	sf.	► yetim
BACAKLI	sf.	Bacağı olan
BACANAK	a.	Eşleri kardeş olan erkeklerin birbirine göre durumu
BACASIZ	sf.	Bacası olmayan
BACILIK	a.	Bacı olma durumu
BADEMCİ	a.	Badem satan kimse
BADEMLİ	sf.	İçinde badem bulunan (yiyecek)
BADEMSİ	sf.	Bademi andıran, bademe benzeyen, badem gibi
BADERNA	a.,den.	Halatın aşınabilecek yerine sarılan bez
BADIÇLI	sf.	Badıcı olan
BAGETLİ	sf.	Bageti olan
BAĞDADİ	sf.	Ağaç direkler üzerine çakılmış çıtalara sıva vurularak yapılan (duvar veya tavan)
BAĞDAMA	a.	Bağdamak işi
BAĞIMLI	sf.	Başka bir şeyin istemine, gücüne veya yardımına bağlı olan, özgürlüğü, özerkliği olmayan; tabi (I)
BAĞINTI	a.	Bir nesne veya olayı bir başkası ile ilgili kılan bağ; bağlılaşım
BAĞIRIŞ	a.	Bağırmak işi
BAĞIRMA	a.	Bağırmak işi
BAĞIRTI	a.	Bağırırken çıkarılan sesin adı
BAĞIŞÇI	a.	Bağış yapan kimse
BAĞIŞIK	sf.	Herhangi bir ödevin veya yükümlülüğün dışında kalan
BAĞITÇI	sf.	Bir işi karşılıklı olarak kararlaştırıp üstlerine alan taraflardan her biri, sözleşme yapan; âkit
BAĞITLI	sf.	Sözleşme ile bağlanmış olan
BAĞLAMA	a.	Bağlamak işi
BAHADIR	a.	Savaşlarda gücü ve yılmazlığıyla üstünlük kazanan veya yiğitlik gösteren kimse; batur
BAHARAT	a.	Yiyecek ve içeceklere hoş koku ve tat vermek için kullanılan tarçın, karanfil, zencefil, karabiber vb. maddeler; bahar (II)
BAHARCI	a.	► baharatçı
BAHARLI	sf.	► baharatlı
BAHÇECİ	a.	Çiçek, ağaç ve sebze yetiştirme işiyle uğraşan kimse
BAHÇELİ	sf.	Bahçesi olan
BAHİSÇİ	a.	► müşterek bahisçi
BAHNAME	a.,esk.	İçinde cinsel konularla ilgili açık saçık yazıların, resimlerin bulunduğu eser
BAHRİYE	a.	Bir devletin deniz güçlerinin ve kuruluşlarının bütünü
BAHTSIZ	sf.	Yazgısı kötü olan; talihsiz, bedbaht, bibaht
BAHUSUS	zf.,esk.	► özellikle
BAKALİT	a.,kim.	Formaldehit ile bir fenolün yoğunlaşması sonucu elde edilen yapay reçine
BAKANAK	a.,ağz.	Geviş getiren hayvanların ayaklarının arkasındaki körelmiş tırnak veya kemik çıkıntısı
BAKARAK	e.	► göre
BAKILIŞ	a.	Bakılmak işi
BAKILMA	a.	Bakılmak işi
BAKILSA		işin gerçeği, aslında
BAKIMCI	a.	Bakım işini yapan kimse
BAKIMLI	sf.	İyi bakılmış, iyi korunmuş olan
BAKINDI	ünl.,hlk.	`Bak hele, olacak şey mi?` anlamlarında şaşma bildiren bir söz
BAKINIŞ	a.	Bakınmak işi
BAKINMA	a.	Bakınmak işi
BAKINTI	a.	Temel gereksinimleri karşılama
BAKIRCI	a.	Bakır işleyen veya bakır kap kacak satan kimse
BAKIRLI	sf.	Bakır içeren (maddeler)
BAKIRSI	sf.	Bakırı andıran, bakıra benzeyen, bakır gibi; bakırımsı
BAKIŞIM	a.	İki veya daha çok şey arasında konum, biçim ve belirli bir eksene göre ölçü uygunluğu; simetri
BAKIŞLI	sf.	Herhangi bir biçimde bakışı olan
BAKIŞMA	a.	Bakışmak işi
BAKİLİK	a.	► ölümsüzlük
BAKLALI	sf.	Baklası olan
BAKLAVA	a.	Çok ince yufkadan yapılarak arasına kaymak, fıstık, ceviz, badem vb. konulup pişirilen ve üzerine şeker şerbeti dökülen bir tatlı türü
BAKTERİ	a.	Toprakta, suda, canlılarda bulunan, çürüme, mayalanma veya hastalıklara yol açan, küresel, silindirimsi, kıvrık biçimli olan, bölünerek çoğalan, klorofilsiz, tek hücreli canlı
BALABAN	sf.,ağz.	İri, büyük olan
BALALIK	a.	Bala olma durumu
BALERİN	a.	Bale yapan kadın sanatçı; balerina
BALHANE	a.	Bal süzme ve paketleme işlemlerinin yapıldığı yer
BALIKLI	sf.	Balığı olan
BALKIMA	a.	Balkımak işi
BALLAMA	a.	Ballamak işi
BALONCU	a.	Balon satan kimse
BALOTAJ	a.	Adaylardan hiçbirinin gerekli oyu sağlayamaması dolayısıyla seçimin sonuçsuz kalması
BALSIRA	a.	Yaprakların üzerinde oluşan bir küf türü
BALTACI	a.	Balta yapan veya satan kimse
BALTALI	sf.	Baltası olan
BALTRAP	a.	Yivsiz tüfek atışı yarışması
BANDANA	a.	Başı değişik biçimlerde bağlamak amacıyla kullanılan büyük mendil
BANDIRA	a.	Bir geminin hangi devlete ait olduğunu gösteren bayrak
BANDOCU	a.	Bandoda görevi olan kimse; mızıkacı
BANDROL	a.	Yırtılınca, koparılınca açıldıkları anlaşılsın diye veya süs olarak paketlere, içi dolu şişelerin ağızlarına konulan şerit veya etiket; denetim pulu
BANİLİK	a.	Bani olma durumu
BANKACI	a.	Bankacılık işlemleri ile uğraşan veya bankada görevli kimse
BANKNOT	a.	► kâğıt para
BANKOCU	sf.	İplik fabrikasında pamuk ipliği yapan (kimse)
BANLAMA	a.	Banlamak işi
BANLİYÖ	a.	Genellikle oturma alanı niteliğinde olan, şehir merkezinden uzakta veya sınırlarına yakın yerlerde bulunan şehir yöresi; yörekent
BANYOLU	sf.	İçinde banyo bölümü olan
BAPTİST	a.	Protestan mezhebine bağlı kimse
BARANTA	a.,tar.	Orta Asya Türk topluluklarında bir hukuksuzluğa karşı örf ve âdetler çerçevesinde yağma maksatlı yapılan akın
BARBAŞI	a.	Bar oyunlarında sıranın sağ başında yer alan ve oyunun düzenini sağlayan kimse
BARBATA	a.	► kale korkuluğu
BARBEKÜ	a.	Izgara et pişirmekte kullanılan, genellikle balkonlarda duvar içerisine gömülmüş ocak
BARFİKS	a.	Çeşitli beden hareketleri yapmaya elverişli 1-1,5 metre yüksekliğinde, kendi ağırlığınızı yukarı çekmenizi sağlayan, iki ayak üzerine tutturulmuş çubuklu jimnastik aracı
BARHANA	a.,ağz.	► barhane (II)
BARHANE	a.,esk.	► berhane
BARINAK	a.	Barınılacak yer
BARINIŞ	a.	Barınmak işi
BARINMA	a.	Barınmak işi
BARIŞÇI	sf.	► barışsever
BARIŞIK	sf.	Başkası ile barış durumunda bulunan, dargın veya düşman olmayan
BARIŞMA	a.	Barışmak durumu, uzlaşma, anlaşma
BARİKAT	a.	Bir yolu veya geçidi kapamak için her türlü araçtan yararlanılarak yapılan engel
BARİTİN	a.,kim.	► barit
BARİTLİ	sf.	İçinde barit bulunduran
BARİTON	a.,müz.	Tenor ve bas arasındaki erkek sesi
BARİYER	a.	► engel
BAROKÇU	a.	Barokçuluk yanlısı olan kimse
BARSAMA	a.,bit. b.	Güzel kokulu yaprakları yemeklere konulan, nane ve yaban kekiğinin ortak adı
BARUTÇU	a.,tar.	Barut yapan veya alıp satan kimse
BASAKLI	sf.	Merdiveni olan
BASAMAK	a.	Bir yere çıkarken veya bir yerden inerken basılan ve art arda gelen, birbirine belirli aralıkları olan düz yüzeylerden her biri; ayak, sekmen
BASARNA	a.	► kaldıraç
BASILIŞ	a.	Basılmak işi
BASILMA	a.	Basılmak işi; tabedilme, tabolunma
BASIMCI	a.	Basımevi işleten kimse; matbaacı
BASİRET	a.	Gerçekleri yanılmadan görebilme yeteneği, uzağı görüş; sağgörü, vizyon
BASİTÇE	zf.	Basit olarak, kolay tarafından
BASKICI	a.	Kumaş üzerine resim veya desen basan kimse
BASKILI	sf.	Baskısı olan
BASMACI	a.	Basma yapan veya satan kimse
BASMALI	sf.	Basması olan
BASTİKA	a.,den.	Bir yelken serenine veya herhangi bir ağaca halat veya ip geçirmek için açılan delik
BASURLU	sf.	Basuru olan; hemoroitli
BAŞAĞAÇ	a.,bit. b.	Boyuna dikey yönden kesilmiş olan ve yıl halkaları çember biçiminde görüntü veren ağaç
BAŞAKÇI	a.	Tarlalarda kalmış başakları veya bağlarda dökülmüş meyveleri toplayan kimse
BAŞAKLI	sf.	Başağı olan (ekin)
BAŞALTI	a.,den.	Gemilerde tayfa ve erlerin ön güverte altındaki koğuşları
BAŞARIM	a.	Elde edilen bir başarı
BAŞARIŞ	a.	Başarmak işi
BAŞARMA	a.	Başarmak işi
BAŞBAYİ	a.	► ana bayi
BAŞESER	a.	► şaheser
BAŞESKİ	a.	Bir yerde çalışanların en kıdemlisi
BAŞIBOŞ	sf.	Bir şeye veya kimseye bağlı olmayan
BAŞİMAM	a.	Birden çok imam bulunan büyük camilerde yetkili imam
BAŞKACA	zf.	► ayrıca
BAŞKASI	zm.	Diğer bir kişi, herhangi bir kimse; bir başkası, bir diğeri, ötekisi
BAŞKENT	a.	Bir devletin yönetim merkezi olan şehir; hükûmet merkezi, başşehir, payitaht
BAŞKİŞİ	a.,ed.	► başkahraman
BAŞKÖŞE	a.	Bir yerde en saygın kişinin veya büyüklerin oturması için ayrılan yer; tör
BAŞLAMA	a.	Başlamak işi; iftitah
BAŞLICA	sf.	En önemli, başta gelen
BAŞÖRTÜ	a.	► başörtüsü
BAŞUYAK	a.,ed.	► başkafiye
BAŞÜLKE	a.	Sömürge imparatorluklarında sömürgelere egemen olan ülke
BAŞÜSTÜ	a.,den.	Geminin ön bölümünde çıpanın bulunduğu yer
BAŞVURU	a.	Başvurmak işi; müracaat
BAŞYAZI	a.	Gazete ve dergilerde ilk sütuna veya birinci sayfaya konulan önemli yazı; başmakale
BATAĞAN	a.	► bataklık
BATAKÇI	sf.	Borcunu ödememeyi alışkanlık edinmiş (kimse)
BATARYA	a.,ask.	En küçük topçu birliği
BATIRIK	a.	Köftelik bulgur, dövülmemiş ceviz içi, soğan, domates, nane, maydanoz, tahin ve limon suyu kullanılarak yapılan, taze asma yaprağı veya lahanaya sarılarak yenilen bir salata türü
BATIRIŞ	a.	Batırmak işi
BATIRMA	a.	Batırmak işi
BATİYAL	a.,coğ.	► batyal
BAVLIMA	a.	Bavlımak işi
BAVULCU	a.	Bavul yapan veya satan kimse
BAVULLU	sf.	Bavulu olan
BAYATSI	sf.,ağz.	Bayatlamaya başlamış
BAYILIŞ	a.	Bayılmak işi
BAYILMA	a.	Bayılmak durumu
BAYİLİK	a.	Ana firmanın bir malın veya hizmetin satışı için başka bir firma veya bireye verdiği yetki
BAZASIZ	sf.	Bazası olmayan
BAZİTLİ	sf.	Baziti olan
BAZLAMA	a.	Sacda pişirilmiş yuvarlak ekmek; bazlamaç
BAZOFİL	a.,bit. b.	Baz veya bazik alkali özelliği üstün olan bitki
BEBECİK	a.	Bebeklere sevgiyle yaklaşıldığını belirten bir söz
BEBEKÇE	sf.	Bebeğe yakışan
BECAYİŞ	a.	Karşılıklı yer değiştirme
BECERİŞ	a.	Becermek işi
BECERME	a.	Becermek işi
BEDAHET	a.,esk.	► muayyenlik
BEDASIL	sf.	Soyu bozuk (kimse)
BEDBAHT	sf.	► bahtsız
BEDELCİ	a.	► bedelli
BEDELLİ	sf.	Bedeli olan, bedeli ödenen
BEDENCE	zf.	Beden bakımından; fiziken
BEDENCİ	a.	Beden eğitimi öğretmeni
BEDENEN	zf.	Beden bakımından
BEDENLİ	sf.	Bedeni olan
BEDİRİK	a.,ağz.	Temizlenip taranmış ve eğrilmeye hazır duruma getirilmiş yün veya pamuk topağı
BEGAYET	zf.,esk.	► son derece
BEGONYA	a.,bit. b.	Begonyagillerden, dekoratif yaprakları ve renkli çiçekleri olan, pek çok çeşidi bulunan sıcak ülke bitkisi (Begonia)
BEĞENCE	a.,ed.	► takriz
BEĞENİR	sf.	Beğenme duygusu olan
BEĞENİŞ	a.	Beğenmek işi veya durumu
BEĞENME	a.	Beğenmek işi veya durumu
BEKÂRET	a.	► kızlık
BEKİNİŞ	a.	Bekinmek işi
BEKİNME	a.	► direnme
BEKİTME	a.	► tıkama
BEKLEME	a.	Beklemek işi; bekleyiverme
BELAGAT	a.	İyi konuşma, sözle inandırma yeteneği
BELAHET	a.,esk.	► alıklık
BELASIZ	sf.	Bela içermeyen
BELEMEK	-e,-i,ağz.	Çocuğu kundaklamak
BELEMİR	a.,bit. b.	► mavikantaron
BELENME	a.	► kundaklanma
BELERME	a.	Belermek işi
BELEŞÇİ	a.	► bedavacı
BELETME	a.	► kundaklatma
BELEYİŞ	a.	Belemek işi
BELGECİ	a.	Belge toplayan, belge biriktiren kimse
BELGELİ	sf.	Belgesi olan (kimse)
BELGİLİ	sf.	Belgiye dayanan, belirli olan
BELİRGE	a.,tıp	Birlikte bulunduklarında belli bir hastalığı işaret eden belirti ve bulgular bütünü; sendrom
BELİRİŞ	a.	Belirmek işi
BELİRLİ	sf.	Açık ve kesin olarak sınırlanmış veya kararlaştırılmış olan; belli  (II), muayyen
BELİRME	a.	Belirmek işi; tebarüz, tebellür, tecessüm
BELİRTİ	a.	Bir olayın veya durumun anlaşılmasına yardım eden şey; alamet, emare, nişan, tezahür
BELKİLİ	sf.	► muhtemel
BELLEME	a.	Bellemek işi
BENCESİ	zm.	Bana göre olanı
BENEKLİ	sf.	Benekleri bulunan
BENİMKİ	sf.	Benim olan, benimle ilgili olan
BENİZLİ	sf.	► yüzlü
BENMARİ	a.	Bir kabı kaynar suya oturtmak yolu ile içindekini ısıtma veya eritme yöntemi
BENZEME	a.	Benzemek işi
BENZERİ	a.	► benzer
BENZETİ	a.,ed.	► benzetme
BERABER	zf.	Birlikte, bir arada; bir
BERHANE	a.,esk.	Yıkık dökük, kullanışsız ve büyük ev; barhane (I)
BERHAVA	sf.,esk.	Havaya atılmış, uçurulmuş
BERKİME	a.	► sağlamlaşma
BERKLİK	a.	► sertlik
BERMUDA	a.	Dizlere kadar inen dar ve kısa pantolon
BERTMEK	nsz.,ağz.	► bertilmek
BESALET	a.,esk.	► yiğitlik
BESEREK	a.,ağz.	İki hörgüçlü deve ile boz devenin melezi olan tülü devenin erkeği
BESİNLİ	sf.	Besini olan; gıdalı
BESLEME	a.	Beslemek işi
BESMELE	a.	"Esirgeyen ve bağışlayan Allah'ın adı ile" anlamına gelen ve bir işe başlarken söylenilen bismillahirrahmanirrahim cümlesinin adı; bismillah
BESTECİ	a.,müz.	Beste yapan kimse; bestekâr, kompozitör, maestro
BESTELİ	sf.	Bestesi olan, bestelenmiş
BEŞAMEL	a.	► beşamel sos
BEŞARET	a.,esk.	► muştu
BEŞERLİ	sf.	Beşer beşer sıralanmış
BEŞİKÇİ	a.	Beşik yapan veya satan kimse
BEŞİNCİ	sf.	Beş sayısının sıra sıfatı, sırada dördüncüden sonra gelen
BEŞİZLİ	sf.	Beş tanesi bir arada olan
BEŞLEME	a.	Beşlemek işi
BETİSİZ	sf.	► nonfigüratif
BETONCU	a.	Yapılarda beton dökme işleriyle uğraşan usta veya işçi
BETONLU	sf.	İçinde beton bulunan
BETONSU	sf.	Betonu andıran, betona benzeyen, beton gibi; betonumsu
BEVLİYE	a.,tıp	► üroloji
BEYABAN	a.,esk.	► çöl
BEYANAT	a.	► demeç
BEYAZLI	sf.	Beyazı bulunan
BEYBABA	a.	Çocukların babaları için kullandığı saygı sözü
BEYHUDE	sf.	► yararsız
BEYİNLİ	sf.	İçinde beyin bulunan
BEYİNSİ	sf.	Beyni andıran, beyne benzeyen, beyin gibi
BEYİTLİ	sf.	Beyti bulunan, içinde beyit olan
BEYYİNE	a.,esk.	Bir olayın doğruluğunu ortaya koyabilen yöntem
BEYZADE	a.	Beyin oğlu
BEYZBOL	a.,sp.	Dokuzar kişilik iki takım arasında oynanan, sahada savunma yapan takımdan bir oyuncusu atıcı olmak üzere dokuz oyuncunun, hücum eden takımdan ise vurucu olmak üzere sadece bir oyuncunun bulunduğu, vurucuların sopayla atıcıdan gelen topa vurarak sayı yapmasına dayalı bir tür oyun
BEZDİRİ	a.	İş yerlerinde, okullarda vb. topluluklar içinde belirli bir kişiyi hedef alıp, çalışmalarını sistemli bir biçimde engelleyip huzursuz olmasına yol açarak yıldırma, dışlama, gözden düşürme
BEZEKÇİ	a.	► nakkaş
BEZEKLİ	sf.	► süslü
BEZELYE	a.,bit. b.	Baklagillerden, yurdumuzun her yanında yetiştirilen, tazeyken kabuğuyla birlikte taneleri, kuruyunca yalnız taneleri yenen, bakla cinsinden tırmanıcı bitki (Pisum sativum)
BEZEMEK	-i	► süslemek
BEZENİŞ	a.	Bezenmek işi
BEZENME	a.	► süslenme
BEZENTİ	a.	Herhangi bir şeyi ona uygun nitelikte tamamlayan nesne; garnitür
BEZETME	a.	► süsletme
BEZEYİŞ	a.	Bezemek işi
BEZİKÇİ	a.	Bezik oynayan kimse
BEZİLME	a.	Bezilmek işi
BEZİMSİ	sf.	► bezsi
BEZLEME	a.	Bezlemek işi
BICIRIK	a.	Küçük çocuklar için kullanılan sevgi sözü
BIÇAKÇI	a.	Bıçak vb. kesici araçlar yapan veya satan kimse
BIÇAKLI	sf.	Bıçağı olan
BIÇKICI	a.	Bıçkı ile ağaç ve tahta kesen kimse
BIKILMA	a.	Bıkılmak durumu
BIKIŞMA	a.	Bıkışmak işi
BILKIMA	a.	Bılkımak işi
BIRAKIM	a.	Bırakmak işi
BIRAKIŞ	a.	Bırakmak işi
BIRAKIT	a.,huk.	► miras
BIRAKMA	a.	Bırakmak işi
BIYIKLI	sf.	Bıyığı olan
BİBEHRE	sf.,esk.	► kısmetsiz
BİBERCİ	a.	Biber yetiştiren veya satan kimse
BİBERLİ	sf.	İçine biber katılmış
BİBERON	a.	Genellikle süt çocuklarına süt ve sulu yiyecekleri içirmekte kullanılan emzikli şişe
BİBERSİ	sf.	Biberi andıran, bibere benzeyen, biber gibi; biberimsi
BİBİLİK	a.	► halalık
BİÇENEK	a.	Biçilmek üzere korunan otlak
BİÇİLİŞ	a.	Biçilmek işi
BİÇİLME	a.	Biçilmek işi
BİÇİMCE	zf.	Biçim bakımından, biçim yönünden
BİÇİMCİ	sf.	Biçime sıkı sıkıya bağlılık yanlısı olan
BİÇİMLİ	sf.	Herhangi bir biçimde olan; şekilli
BİÇKİCİ	a.	Kumaşı belli bir modele göre biçen kimse
BİDAYET	a.,esk.	► başlangıç
BİDONCU	a.	Bidon satan kimse
BİGÜNAH	sf.,esk.	► günahsız
BİHABER	sf.	► habersiz
BİKARAR	sf.,esk.	► kararsız
BİLAKİS	zf.	► tersine
BİLANÇO	a.,ekon.	Bir kuruluşun, bir ticarethanenin belirli bir dönem sonundaki veya belirli bir gündeki taşınır ve taşınmaz varlıkları ile bunları sağlamak için kullanılan öz ve yabancı kaynakları dengeli olarak gösteren çizelge; dengelem
BİLARDO	a.	Çuha kaplı bir masa üzerinde, fil dişi toplarla ve isteka ile oynanan bir oyun
BİLDİRİ	a.	Resmî bir makam, kurum veya resmî olmayan bir örgüt, topluluk tarafından herhangi bir durumu ilgililere duyurmak için yazılan yazı; tebliğ, manifesto
BİLECEN	sf.,ağz.	Her şeyi bilen, her şeyden anlayan
BİLEMEK	-i	Kesici aletlerin ağzını çark, zımpara, eğe, bileği taşı vb.ni kullanarak keskinleştirmek, keskin duruma getirmek; bileğilemek, bileylemek
BİLENİŞ	a.	Bilenmek işi; bileğileniş, bileğileyiş, bileyleniş
BİLENME	a.	Bilenmek işi; bileğilenme, bileylenme
BİLEREK	zf.	Yaptığı işin doğuracağı sonuçların farkında olarak; bile bile, kasten
BİLEŞEN	a.,fiz.	Bir bileşke oluşturan kuvvetlerin her biri
BİLEŞİK	sf.	Birleşerek oluşmuş, basit olmayan; mürekkep (I)
BİLEŞİM	a.	Bileşmek işi
BİLEŞKE	a.	Bir araya gelme
BİLEŞME	a.	Bileşmek işi; terekküp
BİLETÇİ	a.	Bilet satan görevli
BİLETİŞ	a.	Biletmek işi
BİLETLİ	sf.	Bileti olan
BİLETME	a.	Biletmek işi
BİLEYİŞ	a.	Bilemek işi; bileyleyiş
BİLEYLİ	sf.	Bilenmiş (bıçak, ustura vb.); bileğili
BİLEZİK	a.	Genellikle altın, gümüş vb. elementlerden yapılan ve bileğe süs için takılan halka
BİLFARZ	bağ.,esk.	► söz gelişi
BİLFİİL	zf.	► fiilen
BİLGECE	sf.	Bilgeye yaraşır
BİLGİCE	zf.	Bilgi bakımından
BİLGİCİ	sf.,fel.	Sofizmden yana olan (kimse, düşünce vb.); sofist
BİLGİLİ	sf.	Bilgi sahibi olan; malumatlı, malumattar, malumat sahibi, agâh, danişment
BİLİMCİ	a.	► bilim adamı
BİLİNEN	sf.,mat.	Değeri belli olan (nicelik); bilindik, malum
BİLİNİŞ	a.	Bilinmek işi
BİLİNME	a.	Bilinmek işi
BİLİSİZ	sf.	► bilgisiz
BİLİŞİM	a.	İnsanoğlunun teknik, ekonomik ve toplumsal alanlardaki iletişiminde kullandığı ve bilimin dayanağı olan bilginin özellikle elektronik makineler aracılığıyla düzenli ve akla uygun bir biçimde işlenmesi bilimi; enformatik
BİLİŞME	a.	Bilişmek işi
BİLLAHİ	ünl.	► vallahi
BİLLURİ	sf.,esk.	Billura benzer, billur gibi
BİLMECE	a.	Bir şeyin adını anmadan niteliklerini üstü kapalı söyleyerek o şeyin ne olduğunu bulmayı dinleyene veya okuyana bırakan oyun; muamma
BİLUMUM	sf.,esk.	► bütün
BİLYELİ	sf.	Bilyesi olan
BİNBAŞI	a.,ask.	Orduda rütbesi yüzbaşı ile yarbay arasında bulunan ve asıl görevi tabur komutanlığı olan subay
BİNERLİ	sf.	Biner biner sıralanmış
BİNİLME	a.	Binilmek işi
BİNİNCİ	sf.	Bin sayısının sıra sıfatı, sırada dokuz yüz doksan dokuzuncudan sonra gelen
BİNİŞME	a.	Binişmek durumu
BİPERVA	sf.,zf.,esk.	► pervasız
BİRADER	a.	Erkek kardeş
BİRALIK	sf.	Bira yapmakta kullanılan
BİRBİRİ	zm.	Karşılıklı olarak bir diğeri
BİRÇOĞU	zm.	Çok sayıda olan kimse veya şey; çokları
BİREBİR	sf.	Etkisi kesin olan
BİRERLİ	sf.	Birer birer sıralanmış
BİREŞİM	a.	Parçaların veya ögelerin bir araya getirilip bir bütün olarak birleştirilmesi
BİREYCİ	sf.	Kişi haklarını savunan (kimse); individüalist
BİRİCİK	sf.	Eşi, benzeri olmayan ve çok sevilen; bir tane
BİRİKİM	a.	Birikme, bir yerde toplanıp yığılma
BİRİKİŞ	a.	Birikmek işi
BİRİKME	a.	Birikmek işi; teraküm
BİRİNCİ	sf.	Bir sayısının sıra sıfatı
BİRKAÇI	zm.	Az sayıda olan kimse veya şey
BİRLEME	a.	Bir etme, tek duruma getirme
BİSKÜVİ	a.	Un, süt, şeker veya tuzla yapılan ince, gevrek bir tür kuru pasta
BİSTURİ	a.	► neşter
BİTARAF	sf.,esk.	► tarafsız
BİTELGE	a.	Toprağın bitki yetiştirme gücü
BİTİMLİ	sf.	► sonlu
BİTİRİM	sf.,argo	Çok hoşa giden (kimse)
BİTİRİŞ	a.	Bitirmek işi
BİTİRME	a.	Bitirmek işi
BİTİŞİK	sf.	Yan yana olan; muttasıl
BİTİŞİŞ	a.	Bitişmek işi
BİTİŞME	a.	Bitişmek işi; ittisal
BİTKİCİ	a.	Bitki yetiştiren kimse
BİTMİŞİ	a.,ağz.	Bir şeyin son fiyatı
BİTTABİ	zf.	Doğal olarak
BİTÜMLÜ	sf.	İçinde bitüm bulunan
BİYESİZ	sf.	Biyesi olmayan, biye geçirilmemiş olan
BİYOGAZ	a.	► gübre gazı
BİYOLOG	a.	Biyoloji ile uğraşan kimse; dirim bilimci
BİYONİK	sf.	Biyoloji ve elektronikle ilgili olan; dirim kurgusal
BİYOPSİ	a.,tıp	Mikroskop altında incelemek, çeşitli testler yapmak ve tanı koymak amacıyla vücudun herhangi bir bölümünden doku veya hücre parçası alma işlemi
BİYOTİT	a.,jeol.	Siyah renkli, parlak, demir bakımından zengin bir tür mika
BİYOTOP	a.	► biyolojik ortam
BİZCESİ	zm.	Bize göre olanı
BİZİMKİ	sf.	Bizim olan, bizimle ilgili olan
BİZLEME	a.	Bizlemek işi
BLENDER	a.	343 karıştırıcı
BLOKNOT	a.	Yaprakları kolayca çıkartılabilecek bir biçimde yapılmış not defteri
BLOKSUZ	sf.	► bağlantısız
BOBİNAJ	a.,fiz.	Bir filmi veya mıknatıslı kuşağı bir makaradan başka bir makaraya sarma
BOĞALIK	a.	Boğa olarak kullanılmak için ayrılan bir yaşından yukarı erkek sığır
BOĞANAK	a.,ağz.	► sağanak
BOĞASAK	a.,ağz.	Boğaya gelmiş veya boğa isteyen inek
BOĞAZLI	sf.	Boğazı olan
BOĞMACA	a.,tıp	Genellikle çocuklarda öksürük nöbetleriyle kendisini gösteren bulaşıcı bir hastalık
BOĞULMA	a.	Boğulmak işi
BOĞULUŞ	a.	Boğulmak işi
BOĞUMLU	sf.	Boğumu olan
BOĞUNTU	a.	Zor soluk alma
BOĞUNUK	sf.,ağz.	► boğuk
BOĞUŞMA	a.	Boğuşmak işi
BOHÇACI	a.	Gezerek bohça içinde dokuma eşya satan kadın; bohçacı kadın, basmacı
BOKLAMA	a.	Boklamak işi
BOLALMA	a.	► bollaşma
BOLARMA	a.	Bolarmak işi veya durumu
BOMBACI	a.	Bomba yapan kimse
BOMBELİ	sf.	Bombesi olan
BONFİLE	a.	Kasaplık hayvanlarda bel kemiğinin iki yanında bulunan ve yumuşaklığı dolayısıyla beğenilen et bölümü
BOPSTİL	a.	Züppece giyiniş biçimi
BORASİT	a.,min.	Sert billur veya yumuşak beyaz kütle durumunda bulunan magnezyum boratı
BORAZAN	a.,müz.	Üfleyerek çalınan, perdesiz çalgı; boru
BORÇSUZ	sf.	Borcu olmayan
BORİKLİ	sf.	İçinde borik asit bulunan
BORSACI	a.,ekon.	Senet, bono, tahvil, hisse senedi vb. taşınır değerlerin alım satımı ve değişimi işiyle uğraşan kimse
BORUMSU	sf.	Boruyu andıran, boruya benzeyen
BORUSUZ	sf.	Borusu olmayan
BOSTANA	a.,ağz.	Domates, soğan, yeşilbiber ve pul biberin nar ekşisi ve sirke ile karışımından yapılan sulu salata
BOŞALIM	a.	Boşalmak işi
BOŞALIŞ	a.	Boşalmak işi
BOŞALMA	a.	Boşalmak işi; inhilal
BOŞALTI	a.	► boşaltım
BOŞAMAK	-i	Eşlerden biri diğeriyle nikâhı bozup aile ilişkisini kesmek; bırakmak
BOŞANIŞ	a.	Boşanmak işi
BOŞANMA	a.	Boşanmak işi
BOŞATMA	a.	Boşatmak işi
BOŞLAMA	a.	Boşlamak işi; ihmal
BOTANİK	a.	► bitki bilimi
BOVLİNG	a.	Özel olarak üretilmiş topla, bir bant üzerinde arkalı önlü dizilmiş kukaları uzaktan devirme amacına dayalı bir oyun türü
BOYAMAK	-i	Boya sürerek veya boyaya batırarak renk vermek
BOYANIŞ	a.	Boyanmak işi
BOYANMA	a.	Boyanmak işi
BOYASIZ	sf.	Boya sürülmemiş, boyanmamış olan
BOYATIŞ	a.	Boyatmak işi
BOYATMA	a.	Boyatmak işi
BOYAYIŞ	a.	Boyamak işi
BOYLAMA	a.	Boylamak işi
BOYLUCA	sf.	Uzun boylu
BOYUNCA	zf.	Boyu veya uzunluğu kadar
BOYUNLU	sf.	Boynu olan
BOYUTLU	sf.	Boyutu olan; buutlu
BOZALIK	a.	İçinde boza bulunan veya boza dağıtmaya yarayan özel kap
BOZARIK	sf.	Bozarmış olan
BOZARIŞ	a.	Bozarmak işi
BOZARMA	a.	Bozarmak işi
BOZKURT	a.	Mitolojide Göktürk hanedanının kökü olan Asena’nın türemiş olduğu söylenen efsanevi dişi kurt
BOZLAMA	a.	Bozlamak eylemi
BOZMACI	a.,ağz.	Bozma işini yapan kimse
BOZUKÇA	sf.	Biraz bozuk, bozuk gibi
BOZULMA	a.	Bozulmak işi; arıza, infisah, zeval
BOZULUŞ	a.	Bozulmak işi
BOZUMCA	a.,ağz.	Kurşun renginde iri bir kertenkele
BOZUMSU	sf.	Rengi bozu andıran, boza benzeyen
BOZUNMA	a.	Bozunmak işi
BOZUNTU	a.	Bozulmuş bir şeyin kalan bölümleri; döküntü
BOZUNUM	a.,kim.	Birleşik bir maddenin daha yalın bileşiklere veya bileşenlere tek yönlü olarak ayrılması; dejenerasyon
BOZUŞMA	a.	Bozuşmak işi
BOZUŞUK	sf.	Araları açılmış, bozulmuş olan
BÖBÜRTÜ	a.	► böbürlenme
BÖCEKÇİ	a.	Böcek üretip satan kimse
BÖCEKLİ	sf.	İçinde veya üstünde böcek bulunan, böceklenmiş
BÖĞÜRME	a.	Böğürmek işi
BÖĞÜRTÜ	a.	Böğürme sırasında çıkan sesin adı
BÖĞÜRÜŞ	a.	Böğürmek işi
BÖKELİK	a.	► şampiyonluk
BÖLGECİ	a.	Belli bir bölgenin çıkarları için çalışan kimse
BÖLMELİ	sf.	Bölme ile ayrılmış
BÖLÜMLÜ	sf.	Bölümü olan
BÖLÜNEN	a.,mat.	Bir bölme işleminde eşit bölümlere ayrılması gereken miktar veya sayı
BÖLÜNGÜ	a.,top. b.	► hizip
BÖLÜNME	a.	Bölünmek işi
BÖLÜNTÜ	a.	Bölünmüş parça
BÖLÜNÜŞ	a.	Bölünmek işi
BÖLÜŞME	a.	► paylaşma
BÖLÜŞÜM	a.	► paylaşım
BÖLÜTLÜ	sf.	Bölütlere ayrılmış olan
BÖREKÇİ	a.	Börek yapan veya satan kimse
BÖRTMEK	-i,ağz.	Et rengi değişinceye kadar pişmek, hafifçe kavrulmak
BÖRÜLCE	a.,bit. b.	Baklagillerden, fasulyeye benzer bir bitki; böğrülce (Vigna sinensis)
BÖYLECE	zf.	Tam böyle; bu biçimde, böylecene, bu şekilde, öyle öyle
BÖYLESİ	zm.	Bunun gibisi, bu biçimde olanı
BRİFİNG	a.	► bilgilendirme
BRİZBİZ	a.	Pencerelerin çerçevesine, içeriden tutturulan bir tür ince perde
BROKOLİ	a.,bit. b.	İki çeneklilerden, kalın saplarındaki yeşil yumrularla minyatür bir ağaca benzeyen, haşlanarak yenen bir sebze (Brassica oleracea)
BRONŞİT	a.,tıp	Bronşun iltihaplanmasıyla oluşan hastalık
BUCAKLI	sf.	Bucağı olan
BUÇUKLU	sf.	Tam olmayıp kesri bulunan
BUDAKLI	sf.	Budağı olan; düğümlü
BUDAMAK	-i	Yeni filiz sürmesini sağlamak, daha çok ürün almak veya düzgün bir biçim vermek amacıyla ağaç, asma vb.nin dallarını kesmek, kısaltmak; dallamak
BUDANIŞ	a.	Budanmak işi
BUDANMA	a.	Budanmak işi
BUDATMA	a.	Budatmak işi
BUDAYIŞ	a.	Budamak işi
BUGÜNKÜ	sf.	Bugüne özgü, bugün olan, bugün yapılan
BUĞUEVİ	a.	Hastalık dolayısıyla mikroplu sayılan eşyanın sıcak buğu ile temizlendiği yer; tephirhane
BUHARLI	sf.	Buharı olan
BUKANAK	a.,hlk.	Ayak
BUKLELİ	sf.	Kıvrım kıvrım olan (saç)
BULAMAÇ	a.	Sulu, cıvık hamur
BULAMAK	-e,-i	Bir nesnenin her yanını bir şeye değdirerek üstünü onunla kaplamak; belemek
BULANIK	sf.	Bulanmış olan, duru olmayan
BULANIŞ	a.	Bulanmak işi
BULANMA	a.	Bulanmak işi
BULANTI	a.	Midede duyulan ve insana kusacak gibi bir duygu veren durum
BULAŞIK	a.	Yiyecek veya içecekle kirletilmiş mutfak eşyası veya kap kacak
BULAŞLI	sf.,tıp	Hastalık bulaşmış olan; enfekte
BULAŞMA	a.	Bulaşmak işi; sıvaşma, sıvışma
BULATMA	a.	► bulaştırma
BULGARİ	a.	Dört telli bağlama
BULMACA	a.	Çeşitli alanlara dair sorulara ait cevapların kare veya dikdörtgen biçimdeki bir tabloda dikey ve yatay olarak yer alan boş karelerden her birine tek harf yazılması suretiyle oynanan bir tür oyun
BULUNAK	a.	► adres
BULUNMA	a.	Bulunmak işi
BULUNTU	a.	Kazı veya araştırmalarla ortaya çıkarılmış olan, bazen de rast gelinerek bulunan eski çağlardan kalma eşya
BULUNUŞ	a.	Bulunmak işi
BULUŞMA	a.	Buluşmak işi; telaki
BULUTLU	sf.	Bulutlarla kaplanmış, bulutlanmış
BULUTSU	a.,gök b.	Uzayda gaz ve toz bulutu; nebülöz
BUMLAMA	a.	Bumlamak işi
BUNAKÇA	zf.	Bunak gibi, bunağa yakışır biçimde
BUNALIM	a.	Yolunda giden bir süreçte ani olarak beliren aykırılık; bunluk, buhran, kriz
BUNALIŞ	a.	Bunalmak işi
BUNALMA	a.	Bunalmak işi; darlanma, boğuntu
BUNALTI	a.	Sıkıntı, iç sıkıntısı
BUNAMAK	nsz.	Çeşitli sebeplerle zihin gücünü yitirerek ne yaptığını bilemez duruma gelmek; ateh getirmek
BUNAYIŞ	a.	Bunamak işi
BUNCASI	zm.	Bu kadarı
BURACIK	a.	Yakın ve belirli bir yer
BURADAN	zf.	Bu yerden
BURAĞAN	a.	Kısa süreli olup çok şiddetli esen rüzgâr
BURCUMA	a.	Burcumak işi
BURGATA	a.,den.	Tel ve bitkisel halatların inç olarak çevresini belirten, 2,54 santimetreye eşit olan birim
BURGULU	sf.	Burgusu olan; sarımlı
BURJUVA	sf.	Orta sınıftan olan; kent soylu
BURKMAK	-i	Bir şeyi burar gibi ekseni etrafında döndürmek, döndürerek çevirmek
BURLESK	a.	Sanat alanında ve özellikle edebiyatta rastlanan, komikliğe dayanan bir tür
BURSSUZ	sf.	Burs almayan, bursu olmayan
BURTLAK	a.,ağz.	Taşlık, çalılık yer
BURUKÇA	sf.	Tadı biraz buruk olan
BURUKSU	sf.	Buruğa benzer, buruk gibi
BURULMA	a.	Burulmak işi
BURUNLU	sf.	Herhangi bir biçimde burnu olan
BURUNTU	a.,ağz.	► sancı
BURUŞMA	a.	Buruşmak işi
BURUŞUK	sf.	Gerginliği, düzgünlüğü kalmamış, buruşmuş olan; potur
BUSELİK	a.,müz.	Klasik Türk müziğinde on üç basit makamdan biri
BUTAFOR	a.,tiy.	Oyun için gerekli sahne eşyası
BUTİKÇİ	a.	Butik işleten kimse
BUTONLU	sf.	Butonu olan
BUUTSUZ	sf.	► boyutsuz
BUYURMA	a.	► emretme
BUYURUŞ	a.	► emrediş
BUZHANE	a.	Buz yapılan yer
BUZULLU	sf.	Buzulu olan
BÜĞELEK	a.	► büve
BÜĞEMEK	-i,ağz.	Önüne bent yaparak suyu toplamak
BÜKÜLME	a.	Bükülmek işi
BÜKÜLÜŞ	a.	Bükülmek işi
BÜKÜMLÜ	sf.	Bükülmüş olan, bükümü olan
BÜKÜNLÜ	sf.,db.	Türetmede ve çekimde kelime kökleri değişikliğe uğrayan, bükülgen, insirafi
BÜKÜNME	a.	Bükünmek işi
BÜKÜNTÜ	a.	Bükme sonucu oluşan biçim veya iz
BÜNYECE	zf.	Bünye olarak, bünye bakımından
BÜRGÜLÜ	sf.	Bürgüsü olan
BÜRUDET	a.,esk.	► soğukluk
BÜRÜKLÜ	sf.	Bürük giyinmiş olan
BÜRÜMEK	-i	► kaplamak
BÜRÜNME	a.	Bürünmek işi
BÜRÜNÜŞ	a.	Bürünmek işi
BÜRÜYÜŞ	a.	Bürümek işi
BÜTÜNCE	a.	► derlem
BÜTÜNCÜ	sf.	Bütün olarak düşünmeye önem veren (kimse veya görüş)
BÜYÜCEK	sf.	Biraz büyük, büyüğe yakın
BÜYÜKÇE	sf.	Biraz büyük
BÜYÜKSÜ	sf.	Büyüğü andıran, büyüğe benzeyen, büyük gibi
BÜYÜMEK	nsz.	Organizmanın bütününde veya bu bütünün bir bölümünde boyutlar artmak, irileşmek, eskisinden büyük duruma gelmek
BÜYÜREK	sf.,ağz.	Biraz büyük
BÜYÜSEL	sf.	Büyü ile ilgili olan
BÜYÜSÜZ	sf.	Büyüsü olmayan; sihirsiz
BÜYÜTEÇ	a.,fiz.	Cisimleri büyüterek gösteren alet; pertavsız
BÜYÜTME	a.	Büyütmek işi; büyültme
BÜYÜTÜŞ	a.	Büyütmek işi
BÜYÜYÜŞ	a.	Büyümek işi
BÜZGÜLÜ	sf.	Büzgüsü olan, büzülerek dikilmiş olan
BÜZÜLME	a.	Büzülmek işi
BÜZÜLÜŞ	a.	Büzülmek işi
BÜZÜŞME	a.	Büzüşmek işi
BÜZÜŞÜK	sf.	Büzülerek yüzey veya hacmi küçülmüş olan, büzüşmüş
CABADAN	zf.	► bedava
CADALOZ	sf.	Karşısındakini ağız kalabalığı ile yıldıran (kimse)
CADILIK	a.	Cadıya yakışır davranış
CAHİLCE	zf.	► bilgisizce
CAKASIZ	sf.	► gösterişsiz
CAMADAN	a.	Çapraz düğmeli, ipek veya sırma işlemeli bir tür kısa yelek
CAMEKÂN	a.	► vitrin
CAMLAMA	a.	Camlamak işi
CANAVAR	a.	Masallarda sözü geçen yabani, yırtıcı hayvan
CANFEZA	a.,müz.	Türk müziğinde çok az kullanılmış bir birleşik makam
CANİLİK	a.	Cani olma durumu; kıyıcılık
CANLAR!		yakınlık duygusuyla söylenen bir seslenme sözü
CANLICI	sf.,fel.	Canlıcılık yanlısı olan
CARLAMA	a.	Carlamak işi
CASTİNG	a.	343 oyuncu kadrosu
CAVLAMA	a.	Cavlamak işi
CAYIRTI	a.	Şiddetli yanma, yırtılma, silahla ateş etme vb. sırasında çıkan sesin adı
CAZBANT	a.	Caz müziği çalan orkestra
CAZIRTI	a.	Cazırdama sırasında çıkan sesin adı
CEBERUT	sf.	Acımasız, merhametsiz, zorba (kimse)
CEBRİYE	a.,esk.,fel.	► yazgıcılık
CEDELCİ	a.	Karşısındakini susturmak için tartışan kimse
CEDİTÇİ	sf.	► yenilikçi
CEFAKÂR	sf.	Eziyet eden, eziyet veren
CEFAKEŞ	sf.	Cefa çeken, sıkıntıya katlanan; cefakâr
CEFASIZ	sf.	Sıkıntı olmayan, eziyet etmeyen
CEHALET	a.	► bilgisizlik
CEHTSİZ	a.	► çabasız
CEKETLİ	sf.	Ceketi olan
CELADET	a.,esk.	► yiğitlik
CELALLİ	sf.	Sert ve öfkeli (kimse)
CELEPÇİ	a.	► celep
CEMADAT	a.,esk.	Cansızlar, cansız varlıklar
CEMBİYE	a.,esk.	Bir tür eğri kama
CEMETME	a.	► toplama
CEMİYET	a.	► dernek
CENABET	sf.,din b.	► cünüp
CENDERE	a.,tek.	► pres
CENİNLİ	sf.	Cenin bulunan
CEPHANE	a.,ask.	Ateşli silahlarla atılmak için hazırlanan her türlü patlayıcı madde; mühimmat
CEPHELİ	sf.	Cephesi olan
CEPLEME	a.	Ceplemek işi
CERAHAT	a.,esk.	► irin
CERBEZE	a.,esk.	Güzel, inandırıcı ve etkileyici konuşma yeteneği
CEREYAN	a.	Bir yöne doğru akma
CERRAHİ	sf.	Cerrahlıkla ilgili
CESAMET	a.,esk.	► büyüklük
CESURCA	sf.	Cesura yakışan
CEVABEN	zf.	Cevap olarak, karşılık olarak
CEVAHİR	a.	Elmas, yakut vb. değerli taşlar; mücevher
CEVAPLI	sf.	İçinde cevap bulunan; yanıtlı
CEVELAN	a.,esk.	► gezinme
CEVİZLİ	sf.	Cevizi olan, ceviz katılmış
CEZAEVİ	a.	Hükümlülerin cezalarını çekmeleri için tutuldukları yapı; delik, demir parmaklık, dipdam, içeri, hapishane, kafes, mahpus, mahpushane, mapus, mehterhane, dam (I), kodes, mahbes, tekke
CEZASIZ	sf.	Cezaya çarptırılmamış, cezalandırılmamış
CEZBELİ	sf.	Cezbesi olan
CEZERYE	a.	Ezilmiş havuç içine fındık veya ceviz parçaları eklenerek yapılan bir tatlı türü
CHARTER	a.	343 dolmuş uçak
CILKAVA	sf.,ağz.	Kurdun veya tilkinin ense postundan yapılan (kürk)
CILKLIK	a.	Cılk olma durumu
CIRBOĞA	a.,hay. b.	Asya ve Kuzey Afrika'da yaşayan, fareye benzeyen, ön ayakları kısa, arka ayakları uzun ve ince, tüyleri uzun, yumuşak ve ipeksi olan kemirgen (Dipus Caegyptius)
CIRILTI	a.	"Cır cır" diye çıkan sesin adı
CIRLAMA	a.	Cırlamak işi
CIRTLAK	sf.	Hoşa gitmeyen, keskin ve çiğ, tiz (ses)
CIVADRA	a.,den.	Geminin baş tarafından havaya doğru biraz kalkık olarak uzatılmış bulunan direk
CIVIKLI	a.	Çift bıçakla küçük parçalar hâline getirilmiş koyunun bel ve kaburga etlerinin domates, biber ve ince kıyılmış soğanla harmanlanıp hamurun üzerine serilerek fırında pişirilmesiyle yapılan bir tür etli pide
CIVILTI	a.	Kuşların ötüşürken çıkardıkları sesin adı
CIVIMAK	nsz.	Cıvık duruma gelmek
CIVITMA	a.	Cıvıtmak işi
CIYIRTI	a.	Bez, kâğıt vb. şeylerin yırtılırken, bir şeyin gıcırdarken veya kuşların kanatlarını çırparken çıkardığı ince ses
CIZGARA	a.	Toplu olarak Türk müziği icra edilirken kullanılan bir yaylı saz türü
CIZILTI	a.	► cızırtı
CIZIRTI	a.	Cızırdama sırasında çıkan sesin adı; cızıltı
CIZLAMA	a.	Cızlamak durumu
CİDALCİ	a.	► savaşçı
CİĞERCİ	a.	Kesilmiş hayvanların ciğerini satan kimse
CİĞERLİ	sf.	İçerisinde ciğer bulunan
CİLASIZ	sf.	Cila sürülmemiş veya cilası kalmamış olan
CİLASUN	a.	Yiğit kimse
CİLBENT	a.,esk.	Kâğıt, evrak, nota, plan vb.ni korumak ve saklamak için kullanılan, kapağın iç tarafında gözler bulunan, deriden yapılmış büyük dosya
CİLDİYE	a.,tıp	Hekimliğin deri hastalıkları ile ilgili dalı; dermatoloji
CİLTEVİ	a.	Cilt işleri yapılan dükkân; ciltçi, mücellithane
CİLTLİK	a.	Cilt yapmaya yarayan malzeme
CİLTSİZ	sf.	Ciltlenmemiş olan
CİLVELİ	sf.	Cilvesi olan, cilve yapan; cilvekâr, cilvebaz, fettan, işveli, işvebaz, cilve kutusu, şivekâr
CİMCİME	a.,bit. b.	Küçük ve tatlı bir tür karpuz
CİMRİCE	zf.	Cimri gibi, cimriye yakın bir biçimde
CİNASLI	sf.,ed.	Cinası olan, cinas sanatı bulunan; ündeşli
CİNAYET	a.	Bir canlıyı öldürme; kıya
CİNSAÇI	a.	► küsküt otu
CİNSLİK	a.,biy.	► cinsiyet
CİNYOLU	a.,ağz.	Tarlaların arasında görülen verimsiz topraklar
CİRANTA	a.,tic.	Bir senedi ciro eden kimse
CİRİTÇİ	a.	Cirit oynayan kimse
CİSMANİ	sf.	Cisimle, bedenle ilgili
CİVARLI	sf.	Belli bir civardan olan
CİVELEK	sf.	Canlı, neşeli ve sokulgan
COĞRAFİ	sf.	Coğrafya ile ilgili
CONTALI	sf.	Contası olan
COPLAMA	a.	Coplamak işi
COŞKULU	sf.	Coşkusu olan; coşkun, hararetli
COŞUMCU	a.	► romantik
COŞUNTU	a.	Coşkulu, heyecanlı davranış
COZUTMA	a.	Cozutmak işi
CUMASIZ	sf.,mec.	Cuma namazı kılmayan (kimse)
CUMBALI	sf.	Cumbası olan (yapı)
CUNTACI	a.	Cunta üyesi
CURCUNA	a.	Gürültülü, karışık durum
CURNATA	a.	Bıldırcın akını
CÜBBECİ	a.	Cübbe yapan ve satan kimse
CÜBBELİ	sf.	Cübbe giymiş olan
CÜCELİK	a.	Cüce olma durumu
CÜCÜKLÜ	sf.	Cücüğü olan
CÜMLESİ	zm.	► hepsi
CÜRETLİ	sf.	Kendini bilmez biçimde davranan (kimse); cüretkâr
CÜSSELİ	sf.	İri yapılı, iri gövdeli, iri yarı olan
ÇABASIZ	sf.	Çaba göstermeyen, çabalamayan
ÇABUCAK	zf.	Çok çabuk olarak, kısa sürede; aceleten, acilen, alelacele, anında, bir anda, bir çırpıda, bir hamlede, bir koşu, bir lahzada, çabucacık, çabukça, çarçabuk, derakap, derhâl, hemen, hemencecik, hemencek, hızla, hızlı, hızlı hızlı, hoppadak, müstacelen, serian, süratle, şipşak, takkadak, tez beri, tezce, tezelden, vakit kaybetmeden, yellim yelalim
ÇABUKÇA	zf.	► çabucak
ÇAÇALIK	a.	Çaçanın işi
ÇAÇARON	sf.	Yüksek sesle, şirretçe ve karşısındakini bezdirip yıldıracak biçimde konuşan (kimse); yandan çarklı
ÇADIRCI	a.	Çadır diken veya satan kimse
ÇADIRLI	sf.	Çadırı olan
ÇAĞANAK	a.	Zilli tef veya dansözlerin kullandığı zil
ÇAĞANOZ	a.,hay. b.	Kabukluların ön ayaklılar alt takımından, eti için avlanan, pavuryaya benzer küçük su hayvanı (Carcinus)
ÇAĞILTI	a.	Suyun, akarken taşlara, kayalara çarparak çıkardığı sesin adı
ÇAĞIRIM	a.	Çağırmak işi
ÇAĞIRIŞ	a.	Çağırmak işi
ÇAĞIRMA	a.	Çağırmak işi; davet
ÇAĞIRTI	a.	Çağırma sesi
ÇAĞLAMA	a.	Çağlamak işi
ÇAĞRICI	a.	Çağırma işini yapan, çağırmak için giden kimse; davetçi
ÇAĞRILI	a.	Bir toplantıya, bir yere veya birinin yanına çağrılmış kimse; davetli
ÇAKALOZ	a.,ask.	Mermi olarak çakıl taşı atan bir top türü
ÇAKARLI	sf.	Üzerinde çakar lamba bulunan (araç)
ÇAKILIŞ	a.	Çakılmak işi
ÇAKILLI	sf.	Çakılı olan
ÇAKILMA	a.	Çakılmak işi
ÇAKILTI	a.	Çakıl taşı vb. kımıldatıldığında çıkan ses
ÇAKINTI	a.	Şimşek, yıldız, güneş, ışık vb.nin birdenbire ve geçici olarak verdiği aydınlık durumu
ÇAKIRCI	a.	Avcı çakırdoğan yetiştiren ve avda kullanan kimse
ÇAKISIZ	sf.	Çakısı olmayan
ÇAKIŞIK	sf.,mat.	Çakışmış olan
ÇAKIŞMA	a.	Çakışmak işi
ÇAKMACI	a.	Çakma işini yapan kimse
ÇALACAK	a.,ağz.	Yoğurt mayası
ÇALARMA	a.	Çalarmak işi
ÇALÇENE	sf.	Durup dinlenmeden konuşan, çenesi düşük (kimse); geveze
ÇALGICI	a.	Çalgı çalmayı kendine meslek edinmiş kimse; kerizci
ÇALGILI	sf.	İçinde çalgı çalınan
ÇALILIK	a.	Çalısı çok olan yer
ÇALIMCI	a.	Çalım yapan kimse
ÇALIMLI	sf.	Çalımı olan; havalı, pozlu, zambırlı
ÇALINIŞ	a.	Çalınmak işi
ÇALINMA	a.	Çalınmak işi
ÇALINTI	sf.	Çalınmış olan
ÇALISIZ	sf.	Çalısı olmayan
ÇALIŞAN	a.	Çalışma işini yapan kimse
ÇALIŞIM	a.,sp.	► idman
ÇALIŞMA	a.	Çalışmak işi; faaliyet
ÇALKAĞI	a.,ağz.	► çalkar
ÇALKAMA	a.	► çalkalama
ÇALMACI	a.	Maden üzerine çalma işi yapan usta
ÇALPARA	a.	Parmaklara takılıp çalınan zil veya buna benzer ses çıkarıcı araç
ÇALYAKA	zf.	Yakasına yapışıp sıkıca tutarak
ÇAMAŞIR	a.	İç giysisi
ÇAMURLU	sf.	Çamur bulaşmış, üstünde veya içinde çamur bulunan
ÇANAKÇI	a.	Çanak yapan veya satan kimse
ÇANAKSI	sf.	Çanağı andıran, çanağa benzeyen, çanak gibi
ÇANTACI	a.	Çanta yapan veya satan kimse
ÇANTALI	sf.	Çantası olan
ÇAPAÇUL	sf.	► pasaklı
ÇAPAKLI	sf.	Çapağı olan
ÇAPARIZ	a.,ağz.	İçinden çıkılamayacak kadar güç olan, karışık iş; paçarız
ÇAPASIZ	sf.	Çapalanmamış (yer)
ÇAPKIMA	a.	Çapkımak işi
ÇAPLAMA	a.	Çaplamak işi
ÇAPULCU	a.	Düzene aykırı davranışlarda bulunan, düzeni bozan; plaçkacı
ÇARESİZ	sf.	Çaresi bulunmayan, onulmaz; umarsız, devasız
ÇAREVİÇ	a.	Çarın oğlu
ÇARHACI	a.,tar.	Ordunun düşman kuvvetlerini çevirme hareketinde görevli asker; çarkacı
ÇARIKÇI	a.	Çarık yapan veya satan kimse
ÇARIKLI	sf.	Ayağına çarık giymiş
ÇARKACI	a.,tar.	► çarhacı
ÇARKSIZ	sf.	Çarkı olmayan
ÇARPICI	sf.	Etkili, dikkat çeken; sansasyonel
ÇARPILI	sf.	Çarpı işareti konmuş
ÇARPMAK	-e	Hızla değmek, vurmak
ÇARŞILI	a.	Çarşı esnafı
ÇATALLI	sf.	Çatalı olan
ÇATAPAT	a.	Ayakla çiğnendiğinde veya bir yere sürtüldüğünde "çat pat" diye patlayan bir eğlence fişeği; çatpat, çıtpıt
ÇATILIK	sf.	Çatı yapımına gerekli olan
ÇATILIŞ	a.	Çatılmak işi
ÇATILMA	a.	Çatılmak işi
ÇATINMA	a.	Çatınmak işi
ÇATIRTI	a.	Çatırdama sesi
ÇATISIZ	sf.	Çatısı olmayan, üstü açık (ev, kulübe)
ÇATIŞIK	sf.	► çelişkili
ÇATIŞKI	a.,fel.	Yasaların veya önermelerin kendi aralarında çelişikliği; antinomi
ÇATIŞMA	a.	Çatışmak işi
ÇATKILI	sf.	Çatkısı olan
ÇATLAMA	a.	Çatlamak işi
ÇATMACI	a.	Çatma işini yapan kimse
ÇAVALYE	a.,den.	► çavela
ÇAYHANE	a.,esk.	► çayevi
ÇAYIRLI	sf.	Çayırı olan
ÇAYKARA	a.,ağz.	Çay kenarında çıkan göze; kaynak, pınar
ÇEHRECE	zf.	Çehre bakımından
ÇEHRELİ	sf.	► yüzlü
ÇEKBERİ	a.	► gelberi
ÇEKECEK	a.	Ayakkabı ile topuk arasına sokularak ayağın ayakkabıya kolay girmesini sağlayan, maden, boynuz veya plastik maddeden yapılmış alet; kerata
ÇEKELEZ	a.,ağz.	► sincap
ÇEKEMEZ	a.	Kıskanç kimse
ÇEKİKÇE	sf.	Çekiğe yakın, biraz çekik
ÇEKİLİŞ	a.	Çekilmek işi
ÇEKİLME	a.	Çekilmek işi
ÇEKİMCİ	a.	► yapımcı
ÇEKİMLİ	sf.	Çekimi olan, alımlı olan; cazibeli
ÇEKİNCE	a.	Herhangi bir konuda ileriyi düşünerek çekinmeyi gerektiren sebep veya durum; rezerv, ihtiraz
ÇEKİNİK	sf.,biy.	Birkaç kuşak sonra ortaya çıkan ve o zamana kadar aradaki döllerde gizli kalan (soya çekim nitelikleri); resesif
ÇEKİNİŞ	a.	Çekinmek işi
ÇEKİNME	a.	Çekinmek işi; ihtiraz, imtina, taharrüs
ÇEKİNTİ	a.	Duraksama, kararsızlık, tereddüt
ÇEKİRGE	a.,hay. b.	Düz kanatlılardan, uzun olan art bacaklarına dayanarak uzağa sıçrayabilen, birçok türü olan bir böcek (Acridium)
ÇEKİŞLİ	sf.	Çekme gücünü ön veya arka tekerleklerden alan (araç)
ÇEKİŞME	a.	Çekişmek işi; dırıltı, muaraza, mübareze
ÇEKİŞTE	a.,ağz.	Tuzla terbiye edilmiş yeşil zeytin
ÇEKMECE	a.	Masa, dolap vb. şeylerin dışarıya çekilen bölümü; göz, çekme
ÇEKMELİ	sf.	Çekmesi olan
ÇEKTİRİ	a.,den.	Yelkenleri olmakla birlikte kürekle de yol alan eski zaman gemisi; çektirme
ÇELİKLİ	sf.	Çeliği olan, çelik içeren
ÇELİKSİ	sf.	Çeliğe benzeyen, çeliği andıran, çelik gibi
ÇELİMLİ	sf.	Güçlü olan
ÇELİŞİK	sf.	► çelişkili
ÇELİŞKİ	a.	Sözlerin veya davranışların birbirini tutmaması; tenakuz, paradoks
ÇELİŞME	a.	Çelişmek durumu
ÇELLİST	a.,müz.	► viyolonselci
ÇELMECE	zf.	Aklı karıştıracak biçimde
ÇEMBALO	a.,müz.	► klavsen
ÇEMENLİ	sf.	Çemeni olan veya çemen sürülmüş olan
ÇEMREME	a.	Çemremek işi
ÇENEBAZ	sf.	Çok konuşan; çenesi kuvvetli, çeneli
ÇENEKLİ	sf.	Çeneği olan
ÇENESİZ	sf.	Çenesi olmayan
ÇENETLİ	sf.,biy.	İki veya daha çok çenedi bulunan
ÇENTMEK	-i	Bir şeyin kenarında çentik açmak; kertmek
ÇEPELLİ	sf.	İçinde sap, taş, toprak vb. yabancı madde bulunan
ÇEPERLİ	sf.	Çeperi olan, çeperle çevrili bulunan
ÇERÇEVE	a.	Resim, yazı, ayna vb.ni süslemek veya bir yere asılabilecek duruma getirmek için bunlara geçirilen kenarlık
ÇEREZCİ	a.	Çerez satan kimse
ÇERGECİ	a.,tar.	Padişah çadırını beklemekle görevli yeniçeri
ÇERGİCİ	a.	Pazarlarda sergi açan gezginci esnaf
ÇEŞİTLİ	sf.	Çeşidi çok olan; muhtelif, mütenevvi
ÇEŞNİCİ	a.,esk.	Saraylarda ve büyük konaklarda yemek ve sofra işlerini yöneten kimse
ÇEŞNİLİ	sf.	Çeşni katılmış olan
ÇETİNCE	sf.	► çetin
ÇEVİKÇE	zf.	Çevik bir biçimde
ÇEVİRGE	a.,bl.	Sayısal sinyalleri telefon hatları üzerinden göndermek üzere dönüştüren ve bu hatlardan gelen sinyalleri sayısal biçime çeviren, iki yönlü çalışabilen aygıt; modem
ÇEVİRGİ	a.	Anahtar, tokmak vb. çevrilebilen araç
ÇEVİRİM	a.	Çevirmek işi
ÇEVİRİŞ	a.	Çevirmek işi
ÇEVİRME	a.	Çevirmek işi; tedvir
ÇEVRECİ	a.	Çevre kirliliği sorunlarıyla uğraşan kimse veya topluluk
ÇEVRİLİ	sf.	Etrafı çevrilmiş, çevresi kuşatılmış olan
ÇEYİZCİ	a.	Çeyiz hazırlayan veya satan kimse
ÇEYİZLİ	sf.	Çeyizi olan
ÇIĞILTI	a.	Çığlıkla karışık ses
ÇIĞIRIŞ	a.	Çığırmak işi
ÇIĞIRMA	a.	Çığırmak işi
ÇIĞIRTI	a.	Çığırma sesi
ÇIKACAK	a.	► çıkma
ÇIKARCI	sf.	Yalnız kendi çıkarını düşünen, çıkarını kollayan (kimse); çıkarsever, menfaatçi, menfaat düşkünü, menfaatperest, menfaatperver, menfaattar
ÇIKARIM	a.	Çıkarmak işi
ÇIKARIŞ	a.	Çıkarmak işi
ÇIKARMA	a.	Çıkarmak işi; emisyon
ÇIKARTI	a.	Boşaltım ile vücuttan dışarı çıkan madde, ıtrah maddesi
ÇIKIKÇI	a.	Çıkıkları düzelten kimse
ÇIKILMA	a.	Çıkılmak işi
ÇIKINTI	a.	Bir yüzeyde ileri doğru çıkan bölüm
ÇIKIŞLI	sf.	Belli bir okulu, bölümü veya öğrenim kademesini bitirmiş olan; mezun
ÇIKIŞMA	a.	Çıkışmak işi
ÇIKMALI	sf.	Çıkma durumunda olan
ÇINARLI	sf.	Çınarı olan
ÇINAYAZ	a.	Açık, mehtaplı, çok soğuk hava
ÇINLAMA	a.	Çınlamak işi
ÇIRAKMA	a.,ağz.	► şamdan
ÇIRALIK	sf.	Çıra olarak kullanılmaya elverişli (ağaç, tahta)
ÇIRAMOZ	a.	Balıkçıların, ateş balığı avlarken üzerinde çıra ve funda yaktıkları veya ucuna lamba koydukları ızgara
ÇIRASIZ	sf.	Çırası olmayan
ÇIRPICI	a.	Çırpma işini yapan kimse veya şey
ÇIRPMAK	-i	Halı, kilim vb. şeyleri hızla ve kesik kesik silkelemek; dövmek
ÇITIRTI	a.	Çıtırdama sırasında çıkan sesin adı
ÇITLAMA	a.	Çıtlamak işi
ÇİÇEKÇİ	a.	Çiçek yetiştiren, satan veya yapma çiçek işiyle uğraşan kimse
ÇİÇEKLİ	sf.	Çiçeği veya çiçek resimleri olan
ÇİÇEKSİ	sf.	Çiçeği andıran, çiçeğe benzeyen, çiçek gibi; çiçeğimsi
ÇİFTELİ	sf.	Çiftesi bulunan
ÇİFTLİK	a.	Tarım yapılan, hayvan yetiştirilen, çalışanlarının da oturması için evler bulunan geniş toprak parçası
ÇİĞİTLİ	sf.	Çiğit karışmış olan
ÇİĞNEME	a.	Çiğnemek işi
ÇİLEKÇİ	a.	Çilek yetiştiren veya satan kimse
ÇİLEKEŞ	sf.	Hayatı boyunca birçok sıkıntı ve üzüntü çekmiş (kimse)
ÇİLEKLİ	sf.	İçinde çilek bulunan (pasta, dondurma vb.)
ÇİLEKSİ	sf.	Çileği andıran, çileğe benzeyen, çilek gibi; çileğimsi
ÇİLEMEK	nsz.,ağz.	Yağmur çiselemek
ÇİLENTİ	a.	► serpinti
ÇİLESİZ	sf.	Çilesi olmayan, sıkıntısı olmayan
ÇİMADAM	a.	İçine çim tohumu ve talaş doldurulan naylon çoraba insan kafası biçimi verilerek meydana getirilen bir tür eğlencelik bitki
ÇİMBALİ	a.,müz.	► klavsen
ÇİMENLİ	sf.	Çimeni olan
ÇİMENTO	a.	Killi kalkerleri özel fırınlarda pişirip ezmekle elde edilen, çamuru çarçabuk katılaşıp sertleşen ve yapılarda harç malzemesi olarak kullanılan kül renginde veya beyaz toz
ÇİMLEME	a.	Çimlemek işi
ÇİNAKOP	a.	343 çinekop
ÇİNEKOP	a.,hay. b.	Lüferin küçüğü (Temnodon altator)
ÇİNİSİZ	sf.	Çinisi olmayan
ÇİNKOLU	sf.	İçinde çinko bulunduran
ÇİPİLTİ	a.,hlk.	Yağmur serpintisi
ÇİRİŞÇİ	a.	Çiriş yapan ve satan kimse
ÇİRİŞLİ	sf.	Çiriş sürülmüş
ÇİSEMEK	nsz.	► çiselemek
ÇİSENTİ	a.	Yavaş ve ince ince yağan yağmur; ahmakıslatan, çise
ÇİTİLME	a.	Çitilmek işi
ÇİTİMEK	-i	► çitmek
ÇİTLEME	a.	Çitlemek işi
ÇİVİSİZ	sf.	Çivisi olmayan veya çivilenmemiş olan; mıhsız
ÇİVİTLİ	sf.	İçinde çivit bulunan
ÇİYLEME	a.	Çiylemek işi
ÇİZECEK	a.	Ağacı çizmeye yarayan, çember kesitli, ucu sivri ve ağaç saplı el aracı
ÇİZELGE	a.	Çizgilerle bölümlere ayrılmış kâğıt
ÇİZGİLİ	sf.	Üzerinde çizgi bulunan; tahrirli
ÇİZİKLİ	sf.	Çizikleri olan
ÇİZİLİŞ	a.	Çizilmek işi
ÇİZİLME	a.	Çizilmek işi
ÇİZİMCİ	a.	Çizim yapan kimse
ÇİZİNTİ	a.	Ufak sıyrık
ÇİZMECİ	a.	Çizme yapan veya satan kimse
ÇİZMELİ	sf.	Çizmesi olan
ÇOCUKÇA	sf.	Çocuğa yakışan, çocuk gibi
ÇOCUKÇU	a.	► çocuk doktoru
ÇOCUKLU	sf.	Çocuğu olan
ÇOCUKSU	sf.	Çocuk gibi, çocukça olan, çocuğa benzeyen
ÇOĞALIŞ	a.	Çoğalmak işi
ÇOĞALMA	a.	Çoğalmak işi; fazlalaşma, ziyadeleşme, tekessür
ÇOĞULCU	sf.,top. b.	Çoğulculukla ilgili olan (kimse veya görüş); plüralist
ÇOKLARI	zm.	► birçoğu
ÇOKSAMA	a.	Çoksamak işi
ÇOMAKLI	sf.	Elinde veya üstünde çomak bulunan
ÇORAPÇI	a.	Çorap ören veya satan kimse
ÇORBACI	a.	Çorba pişirip satan kimse
ÇOTANAK	a.,ağz.	Üzerinde birçok fındık bulunan dal
ÇÖĞÜNME	a.	Çöğünmek işi
ÇÖĞÜRCÜ	a.	Çöğür (I) çalan kimse
ÇÖKELEK	a.	Yağı alınmış süt veya yoğurdun kaynatılmasıyla elde edilen bir peynir türü; kesik, ekşimik, torak
ÇÖKELGE	a.,ağz.	Batak ve çamurlu yer
ÇÖKELME	a.,kim.	Bir sıvının içinde erimiş durumda olan katı maddenin bir ayıracın yardımıyla sıvının dibine çökmesi, tortu oluşması; teressüp, sedimantasyon
ÇÖKELTİ	a.,kim.	Çökelme sonunda bir sıvının dibine çöken katı madde; çökel, çökelek, tortu, toput, rüsup
ÇÖKERME	a.	Çökermek işi
ÇÖKERTİ	a.,coğ.	Su içinde yüzer veya erimiş durumda bulunan maddelerin dibe çökerek tortullaşması
ÇÖKÜNTÜ	a.	► çökme
ÇÖKÜŞME	a.	Çöküşmek işi
ÇÖMELİŞ	a.	Çömelmek işi
ÇÖMELME	a.	Çömelmek işi; çömme
ÇÖPLEME	a.	Çöplemek işi
ÇÖREKÇİ	a.	Çörek yapan veya satan kimse
ÇÖREOTU	a.,bit. b.	Çörek otu
ÇÖZELTİ	a.,kim.	Çözünme sonucu ortaya çıkan madde
ÇÖZÜLME	a.	Çözülmek işi
ÇÖZÜLÜM	a.	Çözülmek işi; dağılım, bozgun
ÇÖZÜLÜŞ	a.	Çözülmek işi
ÇÖZÜMCÜ	a.	Çözüm getiren kimse
ÇÖZÜNME	a.	Çözünmek işi
ÇÖZÜNTÜ	a.	Çözülme, dağılma durumu
ÇÖZÜŞME	a.	Çözüşmek işi
ÇUBUKÇU	a.	Çubuk yapıp satan kimse
ÇUBUKLU	sf.	Çubuğu olan
ÇUHADAR	a.	Osmanlı Devleti'nde padişahın hizmetinde bulunan sarayın büyük memurlarından her biri
ÇUHASIZ	sf.	Çuhası olmayan
ÇUKURCA	sf.	Biraz çukur, az çukur
ÇUKURLU	sf.	Çukuru olan
ÇULLAMA	a.	Çullamak işi
ÇUVALCI	a.	Çuval yapan veya satan kimse
ÇUVALLI	sf.	Çuvallanmış veya çuvalı olan
ÇÜNKÜLÜ	sf.	Herhangi bir açıklamaya gerek duyan
ÇÜRÜKLÜ	sf.	Çürüğü olan
ÇÜRÜMEK	nsz.	Genellikle mikroorganizmaların etkisiyle, kimyasal değişikliğe uğrayarak bozulup dağılmak; ufunet
ÇÜRÜTME	a.	Çürütmek işi
ÇÜRÜTÜŞ	a.	Çürütmek işi
ÇÜRÜYÜŞ	a.	Çürümek işi
DADAİST	sf.	► Dadacı
DADANIŞ	a.	Dadanmak işi
DADANMA	a.	Dadanmak işi
DADILIK	a.	Dadının yaptığı iş; tayalık
DAĞBAŞI	a.,mec.	Yasaların veya toplum kurallarının uygulanamadığı yer
DAĞDAĞA	a.	Gürültü, patırtı, telaş, karmakarışık durum
DAĞILIM	a.	Dağılarak birbirinden ayrılma
DAĞILIŞ	a.	Dağılmak işi
DAĞILMA	a.	Dağılmak işi; infisah, inhilal
DAĞINIK	sf.	Geniş bir alana yayılmış olan
DAĞINTI	a.	Karışık, gelişigüzel atılmış öteberi
DAĞITIK	sf.	Kendinden geçmiş, sarhoş olan
DAĞITIM	a.	Dağıtmak işi
DAĞITIŞ	a.	Dağıtmak işi
DAĞITMA	a.	Dağıtmak işi; tefviz, tevzi
DAĞLAĞI	a.	Dağlama aracı
DAĞLAMA	a.	Dağlamak işi
DÂHİLEN	zf.	İç taraftan
DÂHİLİK	a.	► deha
DAİMLİK	a.	► süreklilik
DAİRELİ	sf.	Dairesi olan
DAİREVİ	sf.	► dairesel
DAKTİLO	a.	► yazı makinesi
DALALET	a.,esk.	Sapkınlık, doğru yoldan ayrılma
DALAMAK	-i	Köpek, kurt vb. hayvanlar dişlemek, ısırmak; haşlamak
DALANCI	a.	► lobici
DALANIŞ	a.	Dalanmak işi
DALANMA	a.	Dalanmak işi
DALAŞMA	a.	Dalaşmak işi
DALAYIŞ	a.	Dalamak işi
DALGACI	sf.	İşine gereken önem ve dikkati göstermeyen (kimse)
DALGALI	sf.	Dalgası olan
DALLAMA	a.	Dallamak işi
DALÖĞLE	zf.	Tam öğle vaktinde; dalöğlen
DALUYKU	a.	► derin uyku
DAMAKLI	sf.	Damağı olan
DAMAKSI	sf.,db.	Boğumlanma noktası damakta bulunan (ses)
DAMARLI	sf.	Damarı olan
DAMASKO	a.	Çoğunlukla döşemelik olarak kullanılan, keten ve ipek karışımı bir kumaş türü
DAMGACI	a.	Damga vurmakla görevli kimse
DAMGALI	sf.	Damgası olan, damgalanmış olan
DAMITIK	sf.,kim.	Damıtma yoluyla, damıtılarak elde edilmiş olan; mukattar
DAMITIM	a.	Damıtmak işi
DAMITIŞ	a.	Damıtmak işi
DAMITMA	a.,kim.,fiz.	Damıtmak işi; taktir
DAMLAMA	a.	Damlamak işi
DANCİNG	a.	343 dans salonu
DANDİNİ	sf.	(da'ndini) Düzensiz, karışık, darmadağınık olan
DANIŞAN	a.	Herhangi bir güçlük veya sorunun çözümü için alanın uzmanlarından yardım isteyen kimse
DANIŞIK	a.	Olmayan bir durumu varmış gibi göstermek veya olduğundan başka anlatmak için önceden yapılan anlaşma; muvazaa
DANIŞMA	a.	Danışmak işi; müşavere, istişare, meşveret
DANİSKA	sf.,tkz.	Çok iyi, en iyi, en güzel, en seçkin
DANSİTE	a.,kim.	► özgül ağırlık
DANSSIZ	sf.	Dans edilmeyen
DARABAN	a.,esk.	Kalp vuruşu, kalp atışı
DARACIK	sf.	Çok dar
DARALIŞ	a.	Daralmak işi
DARALMA	a.	Daralmak işi; darlaşma
DARALTI	a.	Dar gibi görünme veya olma
DARASIZ	sf.	Darası alınmamış
DARBECİ	a.	Vuran, çarpan kimse
DARBUKA	a.,müz.	Toprak veya madenden yapılan, bir yanı açık, vurmalı çalgı
DARILMA	a.	Darılmak işi
DARLAMA	a.	► bunaltma
DAVADAŞ	a.	Aynı düşüncelere sahip, aynı davayı güdenlerden her biri
DAVALIK	sf.	Davayı gerektiren
DAVETÇİ	a.	Çağrıda bulunan kimse; çağrıcı
DAVETLİ	a.	► çağrılı
DAVGANA	a.,ağz.	İnce, dar boyunlu küçük testi, toprak sürahi
DAVULCU	a.,müz.	Davul çalan kimse
DAYAKLI	sf.	Dayak atılan
DAYAMAK	-e,-i	► yaslamak
DAYANAK	a.	Dayanılacak şey; dayanç, istinatgâh, mesnet
DAYANIM	a.	Bir varlığın dış etkilere karşı direnme özelliği
DAYANIŞ	a.	Dayanmak işi
DAYANMA	a.	Dayanmak işi; irtifak, istinat, metanet
DAYANTI	a.,ağz.	► dayanıklılık
DAYATIŞ	a.	Dayatmak işi
DAYATMA	a.	Dayatmak işi
DAYAYIŞ	a.	Dayamak işi
DAYILIK	a.	Dayı olma durumu
DAZLAMA	a.	Dazlamak işi
DEALİNG	a.,tic.	343 satım
DEBAGAT	a.,esk.	► sepicilik
DEBDEBE	a.,esk.	► görkem
DEDELİK	a.	Dede olma durumu; büyükbabalık
DEDİNDİ		“daha önceden söylemiştin” anlamında kullanılan bir söz
DEDİRME	a.	Dedirmek işi
DEFAKTO	sf.	Uygulamada olan
DEFATEN	zf.	► bir defada
DEFEDİŞ	a.	► kovuş
DEFETME	a.	► kovma
DEFİGAM	a.,esk.	Üzüntüyü, sıkıntıyı atma
DEFLEME	a.	► kovma
DEFOLMA	a.	Defolmak işi
DEFOLUŞ	a.	Defolmak işi
DEFORME	sf.	Biçimsizleşmiş
DEFOSUZ	sf.	Defosu olmayan
DEĞERLİ	sf.	Değeri olan veya değeri yüksek olan; ağır, kıymetli, kıymettar, muteber, zikıymet
DEĞİMLİ	sf.	► liyakatli
DEĞİNİŞ	a.	Değinmek işi
DEĞİNME	a.	Değinmek işi; değini
DEĞİNTİ	a.	► dokunma (I)
DEĞİRME	a.	Değirmek işi
DEĞİRMİ	sf.	Yuvarlak olan
DEĞİŞİK	sf.	Değiştirilmiş olan; muaddel
DEĞİŞİM	a.	Bir zaman dilimi içindeki değişikliklerin bütünü; değişme
DEĞİŞİŞ	a.	Değişmek işi
DEĞİŞKE	a.,db.	Bir dil içindeki her türlü çeşitlenme; varyant
DEĞİŞME	a.	Değişmek işi
DEHALET	a.,esk.	Birinin merhametine sığınma
DEHLEME	a.	Dehlemek işi
DEKADAN	a.	XIX. yüzyıl sonlarında Fransa'da natüralistlere karşı çıkan sembolizm akımına öncülük etmiş olan sanatçı
DEKLARE	sf.	Gümrüklerde vergi konusu olacak eşya vb.ni resmî makama bildirme
DEKODER	a.	► çözücü
DEKOLTE	a.	► açık giyim
DEKORCU	a.	Mesleği dekor yapmak olan sanatçı
DEKOVİL	a.	Ray aralığı 60 santimetre veya daha az olan, araçları buhar, hayvan veya insan gücüyle yürütülen küçük demir yolu
DELALET	a.,esk.	► kılavuzluk
DELECEK	a.,ağz.	► delgeç
DELEPME	a.	► parlama
DELİBAŞ	a.,ağz.	Koyunlarda ve danalarda görülen tehlikeli bir hastalık
DELİCOŞ	sf.	Hareketlerinde ve sözlerinde ölçülü olmayan, kabına sığmayan, çok coşkulu
DELİKLİ	sf.	Deliği veya delikleri olan
DELİLİK	a.	Deli olma durumu; çatlaklık, cinnet, cünun
DELİLLİ	sf.	Delili olan
DELİNİŞ	a.	Delinmek işi
DELİNME	a.	Delinmek işi
DELİRİŞ	a.	Delirmek işi
DELİRME	a.	Delirmek işi
DELMECE	zf.	Delecek biçimde
DEMAGOG	a.	► laf cambazı
DEMARKE	sf.,sp.	Sıyrılmış, boşta kalmış
DEMEMEK		koşullar ne olursa olsun aldırış etmemek
DEMETÇİ	a.	Demet yapan kimse
DEMETLİ	sf.	Demet biçiminde olan
DEMİNKİ	sf.	Biraz önce adı geçen, biraz önce olan, biraz önce yapılan
DEMİRCİ	a.	Demir satan, demir eşya yapan veya onaran kimse
DEMİRLİ	sf.	İçinde metal veya karışım durumunda demir bulunan
DEMİRSİ	sf.	Demiri andıran, demire benzeyen, demir gibi; demirimsi
DEMLEME	a.	Demlemek işi; demlendirme
DENEMEK	-i	Değerini anlamak, gerekli niteliği taşıyıp taşımadığını bulmak için bir insanı, bir nesneyi veya bir düşünceyi sınamak; tecrübe etmek
DENENME	a.	Denenmek işi
DENETÇİ	a.	Denetlemeyle görevli kimse; kontrolcü, murakıp, kontrolör
DENETİM	a.	Denetlemek işi
DENETME	a.	Denetmek işi
DENEYCİ	sf.,fel.	Deneycilik yanlısı olan; görgücü, ampirist
DENEYİM	a.	Bir kimsenin belli bir sürede veya hayat boyu edindiği bilgilerin tamamı; deney, tecrübe, eksperyans
DENEYİŞ	a.	Denemek işi
DENEYLİ	sf.	Deneye başvurulan
DENGECİ	sf.	Denge ögesini ön planda tutan
DENGELİ	sf.	Dengesi olan; kararlı, muvazeneli, stabil
DENİLME	a.	Denilmek işi
DENİZCİ	a.	Denizle ilgili işlerde çalışan kimse
DENKLEM	a.,mat.	İçinde yer alan bazı niceliklere ancak uygun bir değer verildiği zaman sağlanabilen eşitlik; muadele
DENKLİK	a.	Denk olma durumu; teadül, akreditasyon
DENKTAŞ	sf.	Denk, eşit olan
DEPLASE	sf.	"Yerini değiştirmek" anlamındaki deplase etmek, "yeri değişmek." anlamındaki deplase olmak birleşik fiillerinde geçen bir söz
DEPOZİT	a.,ekon.	► güvence akçesi
DEPREME	a.	Depremek işi
DERAKAP	zf.,esk.	Hemen arkasından
DERBENT	a.,esk.	► geçit
DERDEST	a.	Aranan birini veya kaçma ihtimali bulunan kişiyi yakalama, ele geçirme
DERECİK	a.	Küçük dere
DEREOTU	a.,bit. b.	Maydanozgillerden, ince yapraklı, bazı yemeklere konulan güzel kokulu bir bitki (Anethum)
DERGİCİ	a.	Dergi yayımıyla uğraşan kimse
DERİLME	a.	Derilmek işi
DERİMSİ	sf.	Deriye benzeyen, deriyi andıran
DERİNCE	sf.	Biraz derin
DERİNTİ	a.,ağz.	► toplantı
DERİŞİK	sf.,kim.	Derişmiş olan; mütemerkiz, mütekâsif, konsantre, seyreltik karşıtı
DERİŞİM	a.,kim.	► konsantrasyon
DERİŞME	a.	Derişmek işi
DERLEME	a.	Derlemek işi; tedvin
DERRACE	a.,esk.	► bisiklet
DERSİAM	a.,tar.	Osmanlılar döneminde müderrislerin camilerde verdikleri ders
DERSLİK	a.	Öğrencilerin, bir öğretmenin gözetimi altında, anlatma, araştırma, küme çalışması vb. yollarla ve türlü eğitim araç ve gereçlerinden de yararlanarak ders yaptıkları yer; sınıf, dershane
DERTSİZ	sf.	Derdi olmayan
DERUHTE	a.,esk.	► üstlenme
DESENCİ	a.	Desen ile uğraşan kimse
DESENLİ	sf.	Üzerinde desen bulunan
DESİBEL	a.,fiz.	Ses şiddetini gösteren birimin onda biri
DESİMAL	a.,mat.	► ondalık sistem
DESTANİ	sf.,ed.	► destansı
DESTARİ	sf.,esk.	Sarıkla ilgili
DESTECİ	a.	► desteleyici
DEŞİFRE	sf.	Çözülmüş, açıklanmış
DEŞİLME	a.	Deşilmek işi
DETAYLI	sf.	► ayrıntılı
DEVALÜE	sf.	"Değerini düşürmek" anlamındaki devalüe etmek, "değeri düşürülmek" anlamındaki devalüe olmak birleşik fiillerinde geçen bir söz
DEVAMCI	a.	► müdavim
DEVAMLI	sf.	Sürekli, bitmeyen, kesintiye uğramayan
DEVASIZ	sf.	İyileştirilemeyen, ilacı bulunamayan
DEVELİK	a.,ağz.	Özellikle Güneydoğu Anadolu'daki evlerin alt katında bulunan, develerin korunduğu veya bağlandığı bölüm
DEVERAN	a.,esk.	► dönme
DEVİMLİ	sf.,zf.	► devinimli
DEVİNİM	a.	Devinmek işi; hareket
DEVİNİŞ	a.	Devinmek işi
DEVİNME	a.	Devinmek işi
DEVİRİŞ	a.	Devirmek işi
DEVİRLİ	sf.,fiz.	Eşit zaman aralıkları ile ardışık olarak tekrarlanan (hareket); devrî
DEVİRME	a.	Devirmek işi
DEVİTME	a.	Devitmek işi
DEVRİSİ	sf.,hlk.	Bir sonraki, ertesi (gün, hafta, ay, yıl)
DEVRİYE	a.	► kolluk (II)
DEYİŞME	a.,ed.	Âşıklık geleneğinde âşıkların yarışma amacı gütmeden karşılıklı saz eşliğinde şiir söylemesi
DIĞDIĞI	sf.,ağz.	Konuşurken "r" leri "ğ" gibi söyleyen (kimse)
DIMIŞKİ	a.,bit. b.	Sarımtırak yeşil renkte, çok iri ve uzun tanelerinin uçları koni biçiminde olan bir tür üzüm
DIRILTI	a.	► dırdır
DIŞINDA		-den başka, sayılmazsa
DIŞINLI	sf.,fel.	Bir şeyin, bir düşüncenin aslında ve gerçeğinde olmayıp onun dışında kalan, öze bağlı olmayıp arızi olan; öz dışı, özünlü karşıtı
DIŞLAMA	a.	Dışlamak işi; burunlama, ötekileştirme
DIZLAMA	a.	Dızlamak işi
DİALKOL	a.,kim.	► glikol
DİDEBAN	a.,esk.,huk.	► gümrük kolcusu
DİDİLME	a.	Didilmek işi
DİDİNİŞ	a.	Didinmek işi
DİDİNME	a.	Didinmek işi
DİDİNTİ	a.	► didişme
DİDİŞİM	a.,fel.	Konuşma ve tartışmayı bir araç değil, bir amaç sayan felsefe yöntemi; eristik
DİDİŞME	a.	Didişmek işi
DİFTERİ	a.,tıp	Çoğunlukla çocuklarda görülen, burun, boğaz, yutak çeperine yerleşen mikropların yol açtığı bulaşıcı hastalık; kuşpalazı
DİFTONG	a.,db.	► ikiz ünlü
DİJİTAL	sf.	► sayısal
DİKELİŞ	a.	Dikelmek işi
DİKELME	a.	Dikelmek işi
DİKENCE	a.,hay. b.	Dikenli balıkgillerden bir tür küçük tatlı su balığı (Gasterostsus pungitius)
DİKENLİ	sf.	Dikenli olan
DİKENSİ	sf.	Dikene benzer, dikeni andıran, diken gibi; dikenimsi
DİKİLİŞ	a.	Dikilmek işi
DİKİLME	a.	Dikilmek işi
DİKİŞÇİ	a.	► terzi
DİKİŞLİ	sf.	Dikişi olan, dikiş yapılmış
DİKİZCİ	a.	► gözetleyici
DİKTACI	sf.	Yönetimde dikta yanlısı olan
DİLALTI	a.,tıp	Genellikle kalp hastalıklarında hızlı ve kesin etki sağlamak için dilin altına konularak emilen ilaç
DİLAVER	a.	► yiğit
DİLEKÇE	a.	Bir dileği bildirmek için resmî makamlara sunulan, imzalı ve adresli, pullu veya pulsuz yazı; istida, arzuhâl
DİLEMEK	-i	Birinden bir şeyin yapılmasını istemek; rica etmek
DİLEMMA	a.,esk.,man.	► ikilem
DİLENCİ	a.	Geçimini dilenerek sağlayan kimse; geda
DİLENİŞ	a.	Dilenmek işi
DİLENME	a.	Dilenmek işi
DİLETME	a.	Diletmek işi
DİLEYİŞ	a.	Dilemek işi
DİLİNİM	a.,jeol.	► dilinme
DİLİNİŞ	a.	Dilinmek işi
DİLİNME	a.	Dilinmek işi
DİNAMİK	sf.	► canlı
DİNAMİT	a.,kim.	Nitrogliserin ile yapılan patlayıcı bir madde
DİNÇLİK	a.	Dinç olma durumu
DİNELME	a.	Dinelmek işi
DİNLEME	a.	Dinlemek işi
DİNLETİ	a.	Sanat eserlerini bir topluluğa çalma veya söyleme
DİNOZOR	a.,hay. b.	Dinozorlar takımından, boyu 20 metre kadar olabilen, ilk çağlarda yaşamış, günümüze fosilleri kalmış bir sürüngen
DİPDİNÇ	sf.	Çok sağlıklı, çok canlı
DİPDİRİ	sf.	Çok diri, çok canlı
DİPFRİZ	a.	► derin dondurucu
DİPLEME	a.	Diplemek işi
DİPLOİT	a.,biy.	İki kromozom takımı taşıyan hücre veya organizma
DİPLOMA	a.	Bir kimseye herhangi bir okulu veya öğrenim programını başarıyla tamamladığını, bir derece veya ünvanı kullanmaya hak kazandığını, bir iş, sanat veya meslek dalında çalışabilme yetkisi elde ettiğini belirtmek için bir öğretim kurumu tarafından düzenlenip verilen resmî belge; icazet, icazetname, şehadetname
DİRAYET	a.,ruh b.	İnce şeyleri kavrayış
DİREKÇİ	a.,den.	Alamana kayıklarında direğe çıkarak gözcülük yapan kimse
DİREKLİ	sf.	Direği olan
DİREMEK	-i,ağz.	Bir şeyi dikine koymak, dayamak, durdurmak
DİRENİM	a.	Direnmek işi
DİRENİŞ	a.	Direnmek işi
DİRENME	a.	Direnmek işi; bekinme
DİREŞME	a.	► sebat
DİRETİŞ	a.	Diretmek işi
DİRETME	a.	Diretmek işi
DİRİLİK	a.	Diri olma durumu; zindelik
DİRİLİŞ	a.	Dirilmek işi
DİRİLME	a.	Dirilmek işi
DİRİMLİ	sf.	Hayatı olan (canlı)
DİSFAZİ	a.,tıp	Sinir merkezlerindeki bir bozukluktan dolayı konuşma bozukluğu veya güçlüğü
DİŞEMEK	nsz.,ağz.	Diş çıkarmak
DİŞİLİK	a.	Dişi cinsten olma durumu; müenneslik
DİŞİSEL	sf.	Şuh olan
DİŞLEME	a.	Dişlemek işi
DİTİLME	a.	Ditilmek işi
DİVANÇE	a.	Küçük divan
DİVİTİN	a.	Bir yüzü havlı, pamuklu veya yünlü kumaş
DİYABAZ	a.,jeol.	Feldspatlardan bir plajiyoklaz ile ojitten oluşmuş yeşil renkli bir kütle
DİYABET	a.,tıp	► şeker hastalığı
DİYAFON	a.	İş yerlerinde, apartmanlarda, taksi duraklarında kısa süreli karşılıklı konuşmayı sağlayan araç
DİYAKOZ	a.,din b.	Hristiyanlıkta papazın yardımcısı olan din adamı
DİYALAJ	a.,jeol.	Piroksen cinsinden, doğal kalsiyum, magnezyum ve demir silikatı
DİYALEL	a.,man.	Bir önermeyi başka bir önerme ile tanıtlamak yoluyla yapılan sofizm, üstü örtülü bir tür kısır döngü
DİYALİZ	a.,kim.	Vücut sıvılarındaki istenmeyen maddelerin yarı geçirgen zar aracılığıyla vücuttan uzaklaştırılması temeline dayanan bir çözümleme veya arıtma yöntemi
DİYALOG	a.	Karşılıklı konuşma
DİYANET	a.,din b.	Din kurallarına tam bağlı olma durumu
DİYETLİ	sf.	İçinde diyet bulunan
DİYORİT	a.,jeol.	Özellikle plajiyoklazdan oluşan, saydam, üstü tanecikli derinlik kayacı
DİZELGE	a.	► liste
DİZELİK	sf.	Dizeden oluşan
DİZEMLİ	sf.	► ritimli
DİZGELİ	sf.	► sistemli
DİZGİCİ	a.	Basımevinde dizgi işiyle uğraşan kimse; dizici, dizmen, mürettip
DİZİLİŞ	a.	Dizilmek işi
DİZİLME	a.	Dizilmek işi
DİZİMLİ	sf.	Dizilmiş olan
DİZLEME	a.	Dizlemek işi
DİZÜSTÜ	a.	► dizüstü bilgisayar
DOGMACI	sf.	Dogmacılık yanlısı olan; inakçı
DOĞALCI	sf.	Doğalcılık yanlısı olan; tabiiyeci, tabiiyun, natüralist
DOĞANCI	a.	Avcı doğan yetiştiren ve avda kullanan kimse
DOĞMACA	zf.	► doğaçlama
DOĞRAMA	a.	Doğramak işi
DOĞRUCA	sf.	Doğruya yakın
DOĞRUCU	sf.	Her şeyin doğrusunu söylemeyi huy edinmiş olan; harbici
DOĞRULU	sf.,mat.	Bir doğru boyunca olan; müstakim
DOĞRUSU	zf.	Gerçeği söylemek gerekirse, gerçek şu ki
DOĞUMLU	sf.	... yılında doğmuş; tevellütlü
DOĞURGU	a.	Ortaya çıkan sonuç
DOĞURMA	a.	Doğurmak işi; tevlit
DOĞURUŞ	a.	Doğurmak işi
DOKTORA	a.	Bir fakülte veya yüksekokulu bitirdikten sonra o bilim dalında sınav ve bilimsel bir eserle erişilen derece, basamak
DOKTRİN	a.	► öğreti
DOKUMAK	-i	Tezgâhta ipliği, çözgü ve atkı durumunda kullanarak kumaş yapmak
DOKUNAÇ	a.,hay. b.	Birçok omurgasız hayvanın başında bulunan, dokunmaya, tutmaya yarayan hareketli uzantı
DOKUNCA	a.	Kötülüğe yol açan, sağlığı bozan şey
DOKUNMA	a.	Dokunmak (I) işi; değinti, temas
DOKUNUM	a.,biy.	Çevremizdeki nesnelerin sıcaklık, soğukluk, sertlik, yumuşaklık vb. niteliklerini derimiz aracılığıyla bildiren duyarlık yeteneği; lamise
DOKUNUŞ	a.	Dokunmak (I) işi
DOKUSUZ	sf.	Dokusu olmayan
DOKUTMA	a.	Dokutmak işi
DOKUYUŞ	a.	Dokumak işi
DOKUZAR	sf.	Dokuz sayısının üleştirme sayı sıfatı
DOKUZLU	sf.	Dokuz parçadan oluşan, kendinde herhangi bir şeyden dokuz tane bulunan
DOKÜMAN	a.	► belge
DOLAMAÇ	a.	Dolambaçlı yol
DOLAMAK	-e,-i	İplik, şerit, tel vb. nesneleri bir şeyin üzerine döndürerek sarmak
DOLAMIK	a.	Bir tür avcı tuzağı
DOLANIK	sf.	Birbirine dolanmış
DOLANIM	a.,ekon.	Mal veya paranın elden ele dolaşması; dolaşım, sirkülasyon, para dolaşımı
DOLANIŞ	a.	Dolanmak işi
DOLANMA	a.	Dolanmak işi
DOLANTI	a.	Gezip dolaşılan yer, alan
DOLAPÇI	a.	Dolap yapan veya satan kimse
DOLAPLI	sf.	Dolabı olan
DOLAŞIK	sf.	Karışık olan (saç, ip vb.)
DOLAŞIM	a.	Dolaşmak işi; sirkülasyon
DOLAŞMA	a.	Dolaşmak işi; tur
DOLAYIŞ	a.	Dolamak işi
DOLAYLI	sf.	Doğrudan doğruya olmayan, dolayısıyla olan; vasıtalı, bilvasıta, endirekt
DOLGULU	sf.	İçinde dolgu maddesi olan, doldurulmuş
DOLMACI	a.	Dolma yapan veya satan kimse
DOLOMİT	a.,jeol.	Kalsiyum ve magnezyumlu karbonat birleşiminde bir mineral
DOLUKMA	a.	Dolukmak işi
DOLULUK	a.	Dolu olma durumu
DOLUNAY	a.	Ay'ın tam bir daire olarak dolgun, parlak görüldüğü evre; ayın on dördü, bedir
DOLUNMA	a.	► doluşulma
DOLUŞMA	a.	Doluşmak işi
DOMALAN	a.,bit. b.	Bozkır ve benzeri arazilerde ilkbahar aylarında yetişen, gelişimini toprak altında tamamlayan, gövdesi yumru biçiminde, asklı bir tür mantar; yer mantarı, keme (Terfezia arenaria)
DOMALIŞ	a.	Domalmak işi
DOMALMA	a.	Domalmak işi
DOMATES	a.,bit. b.	Patlıcangillerden, yaprakları tüylü, çiçekleri salkım durumunda, vitamince zengin bir bitki (Lycopersion esculentum)
DONAMAK	-i	► süslemek
DONANIM	a.,den.	Bir gemi direğine, bir yelkene veya başka bir parçaya bağlı bulunan halat ve makara vb. manevra araçları
DONANIŞ	a.	Donanmak işi
DONANMA	a.	Donanmak işi
DONATAN	a.,den.	► armatör
DONATIM	a.	Donatmak işi
DONATIŞ	a.	Donatmak işi
DONATMA	a.	Donatmak işi; teçhiz
DOPDOLU	sf.	Büsbütün dolu
DORUKLU	sf.	Doruğu belli bir biçimde olan
DOSTANE	zf.,esk.	► dostça
DOSTLUK	a.	Dost olma durumu; mihribanlık, ülfet
DOSTSUZ	sf.	Dostu olmayan
DOYULMA	a.	Doyulmak durumu
DOYUMLU	sf.	Doymuş, doyumu olan
DOYUNMA	a.	► doyma
DOYURAN	sf.,fiz.	Bir sıvının içinde eriyerek onu doyma durumuna getiren (madde)
DOYURMA	a.	Doyurmak işi
DOYURUŞ	a.	Doyurmak işi
DÖKMECİ	a.	► dökümcü
DÖKÜLME	a.	Dökülmek işi
DÖKÜLÜŞ	a.	Dökülmek işi
DÖKÜMCÜ	a.	Döküm işleri yapan kimse; dökmeci
DÖKÜMLÜ	sf.	Niteliğinden ötürü kolayca istenilen biçim verilebilen (kumaş); dökük
DÖKÜNME	a.	Dökünmek işi
DÖKÜNTÜ	a.	Dökülmüş, saçılmış şeyler
DÖKÜNÜŞ	a.	Dökünmek işi
DÖLLEME	a.	Döllemek işi; ilkah
DÖNBABA	a.,bit. b.	► turnagagası
DÖNEKÇE	sf.	Dönek gibi
DÖNELME	a.	Dönelmek işi
DÖNEMEÇ	a.	Bir yolun yön değiştirdiği yer; bük (I), büklüm, büküntü, kıvrım, kıvrıntı, viraj
DÖNENCE	a.,gök b.,coğ.	Güneş ışınlarının yılda bir kez dik açı ile geldiği Ekvator’un 23° 27’ kuzey ve güneyinden geçtiği varsayılan iki çemberden her biri; medar, tropika
DÖNENME	a.	Dönenmek işi
DÖNERCİ	a.	Döner yapıp satan kimse
DÖNMELİ	a.	Bir tür halı motifi
DÖNÜLME	a.	Dönülmek işi
DÖNÜŞLÜ	sf.	Dönüşü olan; mutavaat
DÖNÜŞME	a.	Dönüşmek işi
DÖNÜŞÜM	a.	Bir durumdan başka bir duruma geçme; şekil değiştirme, tahavvül, transformasyon
DÖPİYES	a.	Etek ceketten oluşan iki parçalı kadın giysisi
DÖRTGEN	a.,geom.	Dört kenarlı çokgen; dörtkenar
DÖRTLÜK	a.,mat.	Birbirine dik iki çap boyunca dörde bölünmüş dairenin her bir dilimi
DÖRTNAL	a.	Atın en hızlı koşma biçimi
DÖRTTEK	a.,sp.	Kürek yarışlarında sancak ve iskelesinde ikişer tek küreği olan tekne
DÖŞEKLİ	sf.	Döşeği olan
DÖŞEMCİ	a.	► tesisatçı
DÖŞEMEK	-i	Bir tabanı, tahta, karo, mermer vb. yapı gereçleriyle kaplamak
DÖŞEMLİ	sf.	Döşemi olan
DÖŞENİŞ	a.	Döşenmek işi
DÖŞENME	a.	Döşenmek işi
DÖŞETME	a.	Döşetmek işi
DÖŞEYİŞ	a.	Döşemek işi
DÖŞGÖMÜ	a.	Hayvanın ön iki bacağı ile göbek arasındaki etten yapılan pastırma
DÖVMECİ	a.	Kullanılmadan önce dövülmesi gereken maden filizlerini veya diğer maddeleri döven işçi
DÖVMELİ	sf.	Dövmesi olan
DÖVÜLME	a.	Dövülmek işi; pataklanma, sopalanma
DÖVÜLÜŞ	a.	Dövülmek işi
DÖVÜNME	a.	Dövünmek işi
DÖVÜNÜŞ	a.	Dövünmek işi
DÖVÜŞÇÜ	a.	Dövüşmeyi seven kimse
DÖVÜŞME	a.	Dövüşmek işi
DRAHOMA	a.	Hristiyan ve Musevilerde gelinin damada verdiği para veya mal
DRETNOT	a.,den.	XX. yüzyılın başlarında kullanılan bir zırhlı tipi
DROSERA	a.,bit. b.	Droseragillerden, topuz biçimindeki yapraklarının üst yüzeyi, böcekleri yakalayan yapışkan tüyler ile örtülü otsu bir bitki (Drosera rotundifolia)
DUBLEKS	sf.	► iki katlı
DUDAKLI	sf.	Dudağı olan
DUKALIK	a.,tar.	Bir dukanın yönetiminde bulunan ülke
DULDALI	sf.	Duldası olan
DUMANLI	sf.	Dumanı olan, duman çıkaran
DUMPİNG	a.,ekon.	343 düşürüm
DUPDURU	sf.	Çok duru
DURADUR	sf.	Çok uzak
DURAĞAN	sf.	Yerini değiştirmeyen; hareketsiz, sabit
DURAKLI	sf.	Durağı olan
DURULMA	a.	Durulmak durumu
DURULUK	a.	Duru olma durumu
DURUŞMA	a.,huk.	Davacı ile davalının yargıç karşısında hazır bulundukları yargılama evresi; dava, murafaa
DUVAKÇI	a.	Duvak yapan veya satan kimse
DUVAKLI	sf.	Başı ve yüzü duvakla örtülü
DUVARCI	a.	Duvar ören nitelikli işçi
DUVARLI	sf.	Duvarı olan
DUYARGA	a.	Önceden belirlenmiş ışığı veya nesneyi algılayıp gerekli hareketi başlatan aygıt; sensör
DUYARLI	sf.	Dış etkenlere karşı duyarlığı olan; duygun, hassas
DUYGUCA	zf.	Duygu bakımından
DUYGULU	sf.	Duygusu, duyarlığı çok olan, kolay duygulanan; içli, duyar, inceden, hisli
DUYULMA	a.	Duyulmak durumu
DUYULTU	a.	► şayia
DUYULUŞ	a.	Duyulmak işi
DUYUMCU	a.,ruh b.	Duyumculuk yanlısı
DUYUMLU	sf.	Duyumu olan
DUYURMA	a.	Duyurmak işi
DUYURUM	a.	Duyurmak işi; sirküler
DUYURUŞ	a.	Duyurmak işi
DUYUSAL	sf.	Duyu ile ilgili
DÜALİST	sf.,fel.	► ikici
DÜALİZM	a.,fel.	► ikicilik
DÜDÜKÇÜ	a.	Düdük yapan veya satan kimse
DÜDÜKLÜ	sf.	Düdüğü olan
DÜĞMECİ	a.	Düğme, fermuar, boncuk vb. yapan veya satan kimse
DÜĞMELİ	sf.	Düğmesi olan
DÜĞÜMLÜ	sf.	Düğümlenmiş olan
DÜĞÜNCÜ	a.	Düğün sahibi; toycu
DÜMENCİ	a.,den.	Gemilerde dümeni kullanan kimse
DÜNÜRCÜ	a.	Kız istemeye giden kimse
DÜNYACI	a.,fel.	Dünyacılık yanlısı kimse; seküler (II), sekülarist
DÜNYADA	zf.	Hiçbir zaman, hiçbir biçimde
DÜNYALI	sf.	Dünyaya ait olan
DÜNYEVİ	sf.,fel.	Bu dünya ile ilgili; dünyasal, uhrevi karşıtı
DÜPEDÜZ	zf.	Çok düz ve doğru bir biçimde, dümdüz olarak
DÜRMECE	a.,hay. b.	Bağlarda, tomurcuk, yaprak ve salkım yiyerek yaşayan, sarımsı gece kelebeği (Sparganothis pilleriana)
DÜRTMEK	-i	Ucu sivri bir şeyle veya elle hafifçe itmek
DÜRÜLME	a.	Dürülmek işi
DÜRÜLÜŞ	a.	Dürülmek işi
DÜRÜMCÜ	a.	Dürüm yapan veya satan kimse
DÜŞLEME	a.	Düşlemek işi
DÜŞÜNCE	a.	Uzay ve zamanın ötesinde, öznenin dışında, kendiliğinden var olan, duyularla değil, yalnızca ruhen algılanabilen asıl gerçeklik; mütalaa, fikir, ide, idea, mülahaza
DÜŞÜNME	a.	Düşünmek işi; tefekkür
DÜŞÜNÜM	a.	► düşün
DÜŞÜNÜR	a.	Genel sorunlar üzerine yeni ve kendine özgü düşünceleri olan kimse; düşünücü, mütefekkir
DÜŞÜNÜŞ	a.	Düşünmek işi
DÜŞÜRME	a.	Düşürmek işi
DÜŞÜRÜM	a.	Düşürmek işi
DÜŞÜRÜŞ	a.	Düşürmek işi
DÜTTÜRÜ	a.	Dar ve kısa giysi
DÜVENCİ	a.	Harman zamanı düven sürmek için tutulan çocuk
DÜZAYAK	sf.	İçinde merdiven veya inilip çıkılacak bölüm bulunmayan (ev, yol)
DÜZELİŞ	a.	Düzelmek işi
DÜZELME	a.	Düzelmek durumu
DÜZELTİ	a.	Düzeltme işi; tashih
DÜZEMEK	-i,kim.	Herhangi bir karışımı istenilen orana göre hazırlamak, karışımın dozunu belirlemek
DÜZENCE	a.	► disiplin
DÜZENCİ	sf.	► düzenbaz
DÜZENEK	a.	Belli bir sonuca ulaşmak için karmaşık bir biçimde düzenlenmiş organ veya parçalar birleşimi; tertibat, mekanizma, sistem
DÜZENLİ	sf.	Yerli yerinde, kararlı, tertipli olan; muntazam, ıttıratlı
DÜZENTİ	a.,mec.	Bir şeyi, bir durumu olduğundan değişik göstermek amacıyla hazırlanan düzen; mizansen
DÜZEYLİ	sf.	Düzeyi, değeri olan; seviyeli
DÜZGÜLÜ	sf.	Düzgüye uygun
DÜZLEME	a.	► tesviye
DÜZMECE	sf.	► sahte
DÜZMECİ	sf.	► sahtekâr
DÜZÜLME	a.	Düzülmek işi
DÜZYAZI	a.,ed.	Şiir olmayan söz ve yazı; nesir, mensur, inşa
EBELEME	a.	Ebelemek işi
EBEVEYN	a.	Anne ve baba
EDEPSİZ	sf.	Utanılacak işleri sıkılmadan yapan, utanmaz, sıkılmaz, terbiyesiz (kimse)
EDİBANE	sf.,esk.	Terbiyeli, nazik olan
EDİLGEN	sf.	Yapılan işten etkilenen; pasif, etken karşıtı
EDİLGİN	sf.	Hareketi ve etkisi olmayan; pasif
EDİLMEK	yar.	Etme işine konu olmak; yapılmak
EDİMSEL	sf.,fel.	Edim niteliğinde olan, gerçek olarak var olan; fiilî, aktüel, gizli ve tasarımlı karşıtı
EDİMSİZ	sf.	Edimi olmayan
EDİNMEK	nsz.	Kendini bir şeye sahip kılmak, bir şeyi elde etmek; iktisap etmek
EDİSYON	a.	► bası
EFEKTİF	a.,ekon.	► nakit para
EFEMİNE	sf.	► kadınsı
EFENDİM	ünl.	Bir sesleniş karşısında "buradayım, buyurun" anlamında kullanılan bir söz
EFİLEME	a.	Efilemek işi
EFKÂRLI	sf.	Herhangi üzüntülü bir olay sebebiyle hüzünlenmiş olan
EFLATUN	a.	Mavi, kırmızı ve çok az beyazın karışımından ortaya çıkan açık mor renk; lila rengi, eflatuni
EFSUNCU	a.	► büyücü
EFSUNLU	sf.	► büyülü
EGOTİZM	a.,fel.	► benlikçilik
EGZOTİK	sf.	► yabancıl
EGZOZCU	a.	Egzozu yapan, satan veya onaran kimse
EĞDİRİŞ	a.	Eğdirme işi
EĞDİRME	a.	Eğdirmek işi
EĞELEME	a.	Eğelemek işi
EĞİKLİK	a.	Eğik olma durumu; eğim, yamukluk, meyil
EĞİLMEK	nsz.	Bir yana doğru eğik duruma gelmek
EĞİMSİZ	sf.	Eğimi olmayan
EĞİNMEK	-e	Gönül vermek
EĞİRMEK	-i	Yün, pamuk vb.ni iğ ile büküp iplik durumuna getirmek
EĞİRMEN	a.	Elde yün eğirmeye yarayan, iki yassı ve silindirik bir çubuktan oluşan, üst ucu ip bağlamak için çentikli olan, döndürülerek bükülen iplerin çapraz şekilde sarılmasıyla yumak oluşturan, ağaçtan yapılmış araç; kirmen
EĞİRTME	a.	Eğirtmek işi
EĞİTİCİ	sf.	Eğitimi sağlayan, eğitmeye elverişli veya eğiten değerleri bulunan; eğitsel
EĞİTMEK	-i	Birinin akla uygun, fiziksel ve moral gelişmesi üzerine etki yaparak çeşitli davranış yatkınlıkları, bilgi ve görgü aşılayarak önceden tespit edilmiş amaçlara göre onun belirli bir yönde gelişmesini sağlamak; terbiyelemek, terbiye etmek
EĞİTMEN	a.	Eğitim işiyle uğraşan kimse
EĞİTSEL	sf.	► eğitici
EĞLEMEK	-i	► durdurmak
EĞLENCE	a.	Eğlenme işi; âlem, cümbüş, sefahat, zevk
EĞLENİŞ	a.	Eğlenmek işi
EĞLENME	a.	Eğlenmek işi
EĞLENTİ	a.	Neşeli ve hoşça vakit geçirilen toplantı
EĞLEŞME	a.	Eğleşmek, oyalanmak işi; tevakkuf
EĞMEÇLİ	sf.	Eğmeci olan; kavisli, mukavves
EĞRELTİ	a.,bit. b.	► eğrelti otu
EĞRİLİK	a.	Eğri olma durumu
EĞRİLİŞ	a.	Eğrilmek işi
EĞRİLME	a.	Eğrilmek işi; inhina
EĞRİTME	a.	► eğriltme
EHLİDİL	a.,esk.	► gönül eri
EHLİYET	a.	► sürücü belgesi
EJDERHA	a.	Türlü biçimlerde tasarlanan korkunç bir masal canavarı; ejder, dragon
EJEKTÖR	a.	► fışkırtıcı
EKİLMEK	nsz.	Ekme işi yapılmak
EKİNLİK	a.	Ekin ekilmiş yer
EKİNOKS	a.,gök b.	► gün tün eşitliği
EKİNSEL	sf.	► kültürel
EKİNSİZ	sf.	Ekini olmayan
EKİPMAN	a.	► takım
EKLEMEK	-i	Bir şeyi ekle tamamlamak; beslemek, koymak, ulamak, ilave etmek
EKLEMLİ	sf.	Eklemi olan
EKLENİŞ	a.	Eklenmek işi
EKLENME	a.	Eklenmek işi
EKLENTİ	a.	Bir şeye eklenmiş olan, ek durumunda bulunan parça
EKLESİL	a.	Üniversitelerde öğrencilerin ders seçme veya bırakma işlemi
EKLEŞME	a.	Ekleşmek işi
EKLETME	a.	Ekletmek işi
EKLEYİŞ	a.	Eklemek işi
EKMEKÇİ	a.	Ekmek yapan veya satan kimse
EKMEKSİ	sf.	Ekmeği andıran, ekmeğe benzeyen, ekmek gibi; ekmeğimsi
EKOLALİ	a.,ruh b.	► yankılı konuşma
EKOLOJİ	a.	Canlıların hem kendi aralarındaki hem de çevreleriyle olan ilişkilerini tek tek veya birlikte inceleyen bilim dalı
EKONOMİ	a.	İnsanların yaşayabilmek için üretme, ürettiklerini bölüşme biçimlerinin ve bu faaliyetlerden doğan ilişkilerin bütünü; iktisat
EKSENLİ	sf.	Ekseni olan
EKSİKLİ	sf.	Eksiği olan
EKSİLEN	a.,mat.	Çıkarma işleminde kendisinden çıkarma yapılan sayı
EKSİLİŞ	a.	Eksilmek işi
EKSİLME	a.	Eksilmek işi; tenakus
EKSİLTİ	a.,dil b.	Bir kelime grubunun veya cümlenin, içinden kelime çıkarılarak kullanılması; eksiltim, elips: saban ağacı > saban, cep telefonu > cep; - Nereye gidiyorsun? - Eve
EKSPOZE	a.	"Sergilemek, gözler önüne sürmek" anlamındaki ekspoze etmek birleşik fiilinde geçen bir söz
EKSPRES	a.	Yalnız belirli duraklarda duran tren, otobüs veya gemi
EKSTREM	sf.	► aşırı
EKŞİLİK	a.	Ekşi olma durumu
EKŞİMEK	nsz.	Ekşi duruma gelmek
EKŞİMİK	a.,ağz.	► çökelek
EKŞİMSİ	sf.	Tadı ekşiyi andıran; ekşimtırak
EKŞİTME	a.	Ekşitmek işi
EKTİLİK	a.	Ekti olma durumu
EKTİRME	a.	Ektirmek işi
EKVATOR	a.	Fındık, ceviz vb. meyvelerin ölçümünde kullanılan bir birim
ELASTİK	sf.	► esnek
ELBETTE	zf.	► tabii
ELÇEKLİ	sf.	Elçeği olan
ELÇİLİK	a.	Elçi olma durumu
ELDESİZ	sf.,mat.	Toplamı ve çarpımı dokuzdan büyük olmayan
ELEBAŞI	a.	Kötü, olumsuz iş veya hareketlerde önder olan kimse; sergerde
ELEKLİK	a.	Keçi kılından veya at yelesinden yapılmış iplikle dokunan ve sanayide bazı sıvıları süzmekte kullanılan özel dokuma türü
ELEKTRO	a.	► elektrokardiyografi
ELEMELİ	sf.	Eleme yapılan
ELEMENT	a.,kim.	Kimyasal yöntemlerle ayrıştırılamayan veya bileşim yoluyla elde edilemeyen madde
ELEMSİZ	sf.	Kederi olmayan
ELENMEK	nsz.	Eleme işine konu olmak veya eleme işi yapılmak; silkelenmek
ELETMEK	-i	Eleme işini yaptırmak
ELHASIL	zf.	► kısacası
ELİMİNE	sf.,sp.	"Elemek" anlamındaki elimine etmek, "elenmek" anlamındaki elimine olmak (veya edilmek) birleşik fiillerinde geçen bir söz
ELİNDEN		yüzünden, -den dolayı
ELİPTİK	sf.,mat.	Elips ile ilgili, elips biçiminde olan
ELİTLİK	a.	Elit olma durumu
ELLEMEK	-i	Elle dokunmak
ELLENME	a.	Ellenmek işi
ELLEŞME	a.	Elleşmek işi
ELLETME	a.	Elletmek işi
ELLEYİŞ	a.	Ellemek işi
ELLİBİR	a.	Eldeki dizili kâğıtların sayısal toplamı elli bir olduğunda açılmasına ve geri kalan kâğıtların elden çıkarılmasına dayalı bir tür iskambil oyunu
ELLİLİK	sf.	Elli tanesi bir arada olan veya içinde aynı şeyden elli tane bulunan
ELLİNCİ	sf.	Ellinin sıra sıfatı, sırada kırk dokuzuncudan sonra gelen
ELLİŞER	sf.	Elli sıfatının üleştirme sayı sıfatı
ELMABAŞ	a.,hay. b.	► tepeli dalgıç
ELMACIK	a.,anat.	► elmacık kemiği
ELMALIK	a.	Elma bahçesi
ELMAMSI	sf.	Elmayı andıran, elmaya benzeyen, elma gibi
ELMASLI	sf.	Elmas takmış olan
ELTİLİK	a.	Elti olma durumu
ELVERME	a.	Elvermek durumu
EMBESİL	sf.	Zekâ ve düşünceden tamamen yoksun olan
EMBRİYO	a.,anat.	► oğulcuk
EMDİRME	a.	Emdirmek işi
EMEKSİZ	sf.	Emek harcanmadan elde edilen
EMEKTAR	sf.	Bir görevde uzun süre kalıp o işe emeği geçmiş olan (kimse)
EMÎRLİK	a.	► beylik
EMİLMEK	nsz.	Emme işine konu olmak
EMİNLİK	a.	Emin olma durumu
EMİRBER	a.,esk.,ask.	► emir eri
EMİRCİK	a.,hay. b.	► yalıçapkını
EMİSYON	a.	► çıkarma
EMİŞMEK	nsz.	Karşılıklı olarak emmek
EMLAKÇI	a.	Emlak alıp satma işini yapan kimse
EMLEMEK	-i,ağz.	İlaç sürmek, ilaç vermek
EMMİLİK	a.	► amcalık
EMNİYET	a.	► güvenlik
EMPİRME	a.	Değişik renkte boya kullanılarak kumaş üzerine desen ve zemin basma işlemi; emprime
EMPRİME	a.	Değişik renkte boya kullanılarak kumaş üzerine desen ve zemin basma işlemi
EMREDİŞ	a.	Emretmek işi; buyuruş
EMRETME	a.	Emretmek işi; buyurma, emreyleme
EMRİHAK	a.,esk.	► ölüm
EMZİKLİ	sf.	Emziği olan
EMZİRİŞ	a.	Emzirmek işi
EMZİRME	a.	Emzirmek işi
ENAYİCE	zf.	Enayiye yakışır bir biçimde; enayicesine
ENCÜMEN	a.	► alt kurul
ENDAMLI	sf.	Boyu uzun olan
ENDEMİK	sf.,bit. b.	Sadece bir bölgede yetişen veya yaşayan (bitki, hayvan)
ENDERUN	a.,tar.	Klasik dönem Osmanlı saraylarında sultanın hayatını geçirdiği, harem ve hazine dairelerinin bulunduğu iç bölüm
ENENMEK	nsz.	İğdiş edilmek
ENERJİK	sf.	Enerji ile ilgili
ENFEKTE	sf.,tıp	► bulaşlı
ENGELLİ	sf.	Engeli olan; mânialı
ENGEREK	a.,hay. b.	Engerekgillerden, başı üç köşeli, rengi siyah veya siyaha yakın, taşlık ve güneşli yerlerde yaşayan zehirli bir yılan (Vipera aspis)
ENGİNAR	a.,bit. b.	Birleşikgillerden çok yıllık, dikenli bitki (Cynara scolymus)
ENİKONU	zf.	İyiden iyiye, iyice, oldukça
ENJEKTE	sf.,tıp	İç itilmiş
ENLİLİK	a.	Enli olma durumu
ENSEFAL	a.,tıp	► beyin
ENSTİTÜ	a.	Bir üniversiteye bağlı veya bağımsız bir kuruluş olarak genellikle araştırma yapan ve bazı durumlarda öğretime de yer veren eğitim kurumu
ENTEGRE	sf.	Bütünleşmiş
ENTERİT	a.,tıp	İnce bağırsak yangısı
ENTERNE	sf.	"Gözaltına almak" anlamındaki enterne etmek birleşik fiilinde geçen bir söz
ENTİMEM	a.,fel.	Bir veya birden çok öncülü, önceden bilindiği varsayılarak kaldırılmış olan tasımsal çıkarım
ENTRİKA	a.	Bir işi sağlamak veya bozmak için girişilen gizli çalışma; oyun, desise, dek (II)
ENTROPİ	a.	İstatistik kurallarına göre yönlendirilen bir haber kaynağının haber içeriklerinin oranı
EPEYİCE	zf.	► epey
EPİDEMİ	a.,tıp	► salgın
EPİDERM	a.,bit. b.,anat.	► üst deri
EPİGRAM	a.,ed.	Her türlü konuda yapılmış kısa manzume
EPİKRİZ	a.,tıp	► hikâye
EPRİMEK	nsz.,ağz.	Bozulmak, ekşiyip çürümek
EPSİLON	a.	Yunan alfabesinin beşinci harfi (e)
ERBİYUM	a.,kim.	Atom numarası 68, atom ağırlığı 167,2 olan, tabiatta çok az bulunan, uygulama alanı olmayan bir element (simgesi Er)
ERCECİK	zf.	► erkenden
ERDEMLİ	sf.	Erdemi olan; yüksek, faziletli, faziletkâr, efdal
ERDİRME	a.	Erdirmek işi
EREKSEL	sf.	Erek niteliğinde olan
ERGANUN	a.,müz.	► org
ERGİLİK	a.	Ergi durumu
ERGİMEK	nsz.	Dokuma aşınıp incelerek dağılmak
ERGİTME	a.	Ergitmek işi
ERGUVAN	a.,bit. b.	Baklagillerden, eflatunla kırmızı arası renkte çiçek açan, güzel bir süs ağacı; deliboynuz (Cercis siliquastrum)
ERGÜRME	a.	Ergürmek işi
ERİKLİK	a.	Erik yetiştirilen bahçe
ERİLLİK	a.	Bazı dillerde kelimelerin eril olma durumu; müzekkerlik
ERİNCEK	sf.,ağz.	Tembel, üşenen (kimse)
ERİNÇLİ	sf.	Erinci olan
ERİNLİK	a.	Erin olma durumu
ERİNMEK	-e,nsz.	► üşenmek
ERİRLİK	a.,fiz.	Eriyebilme niteliği veya derecesi
ERİSTİK	a.,fel.	► didişim
ERİŞKİN	sf.,biy.	Beden gelişimi tamamlanmış olan; kâhil
ERİŞMEK	-e	Varılması zamana, emeğe bağlı olan veya uzakta bulunan bir amaca varmak, ulaşmak
ERİTİCİ	a.,fiz.	Bir başka maddeyi eriten, çözündüren cisim
ERİTMEK	-i	Erimesini sağlamak, erimesine yol açmak
ERKEKÇE	zf.	Erkek gibi, erkeğe yakışır bir biçimde
ERKEKLİ	sf.	Erkeği olan
ERKEKSİ	sf.	Erkeği andıran, erkeğe benzeyen, erkek gibi; erkeğimsi, maskülen
ERKENCE	zf.	Oldukça erken
ERKENCİ	sf.	Erken davranan (kimse)
ERKİNCİ	sf.,fel.	► liberal
EROİNCİ	a.	Eroin bağımlısı kimse; eroinman
EROTİZM	a.	Cinsel duygu ve isteklerine çok düşkün olma durumu; kösnüllük, erosçuluk, şehvaniyet
EROZYON	a.,jeol.	Yer kabuğunu oluşturan kayaçların, başta akarsular olmak üzere türlü dış etmenlerle yıpratılıp yerinden koparılarak eritilmeleri veya bir yerden başka bir yere taşınması olayı; aşınma, aşınım, itikâl
ERSELİK	sf.,biy.	► erdişi
ERSEMEK	nsz.,ağz.	Erkek istemek
ESASKIZ	a.,mec.	Filmin kadın başkarakteri
ESASSIZ	sf.	Sağlam bir temele dayanmayan, köksüz, asılsız olan
ESASTAN	zf.	Aslına dayalı olarak
ESATİRÎ	sf.,esk.	► mitolojik
ESENLİK	a.	Esen olma durumu; selamet, hastalık karşıtı
ESERMEK	-i,ağz.	► bakmak
ESERSİZ	sf.	Eseri olmayan
ESİRLİK	a.	► tutsaklık
ESİRMEK	nsz.,ağz.	Sarhoş olmak
ESKALOP	a.	İnce dövülmüş, yağsız, sinirsiz tavuk veya dana eti
ESKİCİL	sf.	Konuşulan ve yazılan dilde kullanımdan düşmüş olan (söz veya deyim); arkaik
ESKİDEN	zf.	Geçmiş zamanlarda, geçmiş çağlarda; geçmişte, zamanında, evveli, mukaddema
ESKİLER	a.	Geçmişte yaşayıp belli bir konu hakkında bilgi ve görgü sahibi olan kişiler; kudema
ESKİLİK	a.	Eski olma durumu; antikite
ESKİMEK	nsz.	Eski duruma gelmek; eskileşmek, köhnemek
ESKİMSİ	sf.	Eskiyi andıran, eskiye benzeyen, eski gibi
ESKİTME	a.	Eskitmek işi
ESKİYİŞ	a.	Eskimek işi
ESLEMEK	-i,ağz.	Önem vermek, aldırış etmek
ESMERCE	sf.	Esmere yakın, biraz esmer olan
ESNEMEK	nsz.	Uykulu, sıkıntılı veya yorgunluk duyulan bir anda ağzı genişçe açarak soluk alıp vermek
ESNETME	a.	Esnetmek işi
ESNEYİŞ	a.	Esnemek işi
ESPASLI	sf.	Espası olan
ESPRİLİ	sf.	Esprisi olan
ESRARCI	a.	Esrar yapan, satan veya esrar çeken kimse
ESRARLI	sf.	► gizemli
ESRİMEK	nsz.,esk.	Herhangi bir sebeple kendinden geçmek; gaşyolmak
ESRİTME	a.	Esritmek işi
ESTETİK	a.	Sanatsal yaratının genel yasalarıyla sanatta ve hayatta güzelliğin kuramsal bilimi; güzel duyu, bedii, bediiyat
ESTİRME	a.	Estirmek işi
ESVAPLI	sf.	► giysili
EŞEKLİK	a.,kaba	Anlayışsızlık ve kaba davranış
EŞELEME	a.	Eşelemek işi
EŞEYSEL	sf.	► cinsel
EŞEYSİZ	sf.,biy.	Eşeyi olmayan; cinsliksiz
EŞİLMEK	nsz.	Eşme işine konu olmak
EŞİNMEK	nsz.	Hayvan, ayağıyla yeri kazmak
EŞİTLİK	a.	İki veya daha çok şeyin eşit olması durumu; müsavilik, uygunluk, müsavat, muadelet
EŞİTSİZ	sf.	Eşit olmayan; müsavatsız
EŞKENAR	sf.,geom.	Kenarları eşit olan
EŞKİNCİ	a.,ask.	Savaşa giden eyalet askeri
EŞKİNLİ	sf.	Hızlı ve düzenli giden (at)
EŞLEMEK	-i	Benzer iki şeyi bir araya getirmek
EŞLENİK	sf.,mat.	Herhangi bir biçimde birbiriyle oranlı bulunan (nokta, çizgi, sayı)
EŞLENME	a.	Eşlenmek işi
EŞLEŞME	a.	Eşleşmek işi
EŞLİKÇİ	sf.	Eşlik eden
EŞLİLİK	a.	Eşli olma durumu
EŞOFMAN	a.	Genellikle spor çalışmalarında giyilen, pamuklu veya sentetik kumaştan, iki parçalı giysi
EŞTİRME	a.	Eştirmek işi
EŞYASIZ	sf.	Eşyası olmayan
ETÇİLİK	a.	► kasaplık
ETEKLİK	a.	► etek
ETENELİ	sf.	Etenesi olan
ETKİMEK	-e,kim.	Etkide bulunmak; tesir etmek
ETKİNCİ	a.	Toplumsal veya politik değişim meydana getirmek, belirli sorunlara dikkat çekmek için özel amaçlı etkinlik gerçekleştiren kimse; aktivist
ETKİSİZ	sf.	Etkisi olmayan; kuvvetsiz, tesirsiz, nötr
ETLENME	a.	Etlenmek işi
ETLİLİK	a.	Etli olma durumu
ETNOLOG	a.	► ırk bilimci
ETOLOJİ	a.	Hayvanların davranışlarını kendi doğal çevrelerinde ve deney düzeneğine sokmadan karşılaştırmalı olarak inceleyen bilim dalı
ETRAFLI	sf.	Ayrıntılı, eksiksiz, kapsayıcı olan
ETTİRME	a.	Ettirmek işi
ETYARAN	a.,ağz.	Genellikle parmaklarda olan, derinlere kadar işleyen dolama; kurlağan
ETYEMEZ	a.	Genellikle et ve et türevlerini yemeyen kimse; vejetaryen
EVCİLİK	a.	Genellikle kız çocuklarının ev işlerini örnek alarak oynadıkları oyun
EVCİMEN	sf.	Evine, ailesine çok bağlı (kimse)
EVERMEK	-i,ağz.	► evlendirmek
EVHAMLI	sf.	► kuruntulu
EVİNSİZ	sf.,ağz.	Boş, kof olan
EVİRGEN	sf.,ağz.	İşini bilen, ölçülü ve hesaplı iş gören
EVİRMEK	-i	Döndürmek, çevirmek
EVİRTİK	sf.,kim.,fiz.	Evirtime uğramış
EVİRTİM	a.,kim.,fiz.	Evirtmek işi; evirme, akis
EVİRTME	a.	Evirtmek işi
EVLATLI	sf.	Evladı olan
EVLENİŞ	a.	Evlenmek işi
EVLENME	a.	Evlenmek işi; izdivaç, teehhül, tezevvüç
EVLİLİK	a.	Evli olma durumu; dünyaevi, destiizdivaç
EVRİLİM	a.	Evrilmek işi
EVRİLİR	sf.,man.	Konu ile yüklemin birbirinin yerine geçmesiyle doğruluğu bozulmayan (önerme): "Her insan güler" evrilir bir önerme sayılır çünkü "her gülen insandır" yargısı yanlış olmaz
EVRİLME	a.	Evrilmek işi
EVRİMCİ	sf.,fel.	Evrimcilik yanlısı olan kimse
EVRİŞİK	sf.,man.	Evirme yoluyla elde edilen (önerme): "Her insan güler" önermesinin evrişiği, "her gülen insandır" biçiminde olur
EVSEMEK	nsz.	Evini, yurdunu özlemek
EVVELCE	zf.	► önceden
EVVELKİ	sf.	► önceki
EVVELSİ	sf.	Önce olan
EYERSİZ	sf.	Eyer vurulmamış, sırtına eyer konulmamış (at)
EYİTMEK	nsz.,esk.	► demek
EYLEMCİ	a.	Eylem yapan ve eylemlere katkılan kişi
EYLEMEK	-den	Bir kişiden veya bir şeyden yoksun bırakmak
EYLEMLİ	sf.	Eylem durumunda olan; fiilî
EYLEMSİ	a.,db.	► fiilimsi
EYTİŞİM	a.	► diyalektik
EYYAMCI	a.	Gününü dilediğince geçiren, gününü gün eden kimse
EZANSIZ	sf.	Ezan okunmayan (yer)
EZBERCİ	a.	Dersini veya herhangi bir konuyu anlamadan kelime kelime belleğinde tutan kimse
EZCÜMLE	zf.,esk.	Özet olarak
EZDİRME	a.	Ezdirmek işi
EZGİNCE	sf.	Ezgin bir biçimde olan
EZGİSEL	sf.	Ezgiye özgü
EZİKLİK	a.	Ezik olma durumu
EZİLGEN	sf.	Kolayca ezilip toz durumuna gelen
EZİLMEK	nsz.	Ezme işine konu olmak
EZİLMİŞ	sf.	Ezik duruma gelmiş
EZİMEVİ	a.,ağz.	Tohumların ezilip yağının çıkarıldığı yer
EZOFORİ	a.,tıp	İki gözde görme bozukluğu
FAALLİK	a.	► etkinlik
FABRİKA	a.	İşlenmemiş veya yarı işlenmiş maddelerin makine, araç vb. ile işlenerek tüketime hazır duruma getirildiği sanayi kuruluşu; üretimevi, üretimlik
FACİALI	sf.	Facia içeren, facia gibi karşılanan
FAGOSİT	a.,biy.	► yutar hücre
FAĞFURİ	sf.	Çin’de yapılmış olan (kâse, tabak, vazo vb. porselen eşya)
FAHRİYE	a.,ed.	Divan edebiyatında şairlerin kendi özelliklerinden övünerek söz ettikleri manzume veya manzumenin bir bölümü
FAİKLİK	a.	► üstünlük
FAİLLİK	a.	Fail olma durumu
FAİZSİZ	sf.	Faizi olmayan (para)
FAKATLI	sf.	Herhangi bir bahane, şart ileri süren
FAKİRCE	sf.	Yoksula benzer
FAKÜLTE	a.	Bir üniversitenin, öğrenim alanı veya uzmanlık konusu bakımından ayrılmış kollarından her biri; medrese
FALANCA	sf.,zm.	► falan
FALÇATA	a.	Eğri kunduracı bıçağı
FALNAME	a.,esk.	Fala bakmanın inceliklerini ve yorumlama yöntemlerini anlatan kitap
FALSOLU	sf.	Yanlış, hatalı, kusurlu olan
FAMİLYA	a.	► aile
FANATİK	sf.	► bağnaz
FÂNİLİK	a.	► ölümlülük
FANTEZİ	a.	Sonsuz, sınırsız hayal; fantazya (II)
FANUSLU	sf.	Fanusu olan
FANYALI	sf.	Fanyası bulunan, fanya eklenmiş olan
FARBALA	a.	► fırfır
FARBALI	sf.	► fırfırlı
FARFARA	sf.	Çok konuşan
FARIMAK	nsz.	Güçsüz düşmek, yorulmak
FARKSIZ	sf.	Farkı olmayan; ayrımsız
FASARYA	sf.,argo	Boş, anlamsız olan (söz)
FASİKÜL	a.	Büyük eserlerin ayrı ayrı bölümler hâlinde yayımlanan parçalarından her biri; cüz
FASULYE	a.,bit. b.	Fasulyegillerden, barbunya, çalı, ayşekadın, horoz vb. türleri bulunan bitki (Phaseolus vulgaris)
FAŞİZAN	sf.	Faşist eğilimli
FAULSÜZ	sf.	Faulü olmayan, faul yapmayan
FAYDACI	sf.,fel.	► yararcı
FAYDALI	sf.	► yararlı
FAZİLET	a.	► erdem
FAZLACA	zf.	► çokça
FEDAİCE	zf.	Fedai gibi, fedaiye yakışır bir biçimde
FEDAKÂR	sf.	► özverili
FEDERAL	sf.	Federasyon durumunda birleşmiş olan
FEHAMET	a.,esk.	Büyük, ulu olma durumu
FELAKET	a.	Büyük zarar, üzüntü ve sıkıntılara yol açan olay veya durum; yıkım, katastrof
FELSEFE	a.	Varlığın ve bilginin bilimsel olarak araştırılması
FELSEFİ	sf.	Felsefe ile ilgili, felsefeye ilişkin
FEMİNEN	sf.	► kadınsı
FENALIK	a.	► kötülük
FENERCİ	a.	Fener yapan veya satan kimse
FENERLİ	sf.	Feneri olan
FENOMEN	a.	Herhangi bir özelliğiyle dikkat çeken, kitleleri etkileme gücü olan kimse veya nesne
FERAGAT	a.	Hakkından kendi isteğiyle vazgeçme
FERAHLI	sf.	► ferah (II)
FERASET	a.,esk.,ruh b.	► anlayış
FERDASI	sf.	► ertesi
FERHANE	a.,esk.	Birden çok mağazası bulunan eski hanların tipinde, avlulu geniş bina, büyük han veya kervansaray
FERİBOT	a.	► arabalı vapur
FERİŞTE	a.,esk.,din b.	► melek
FERMENE	a.,esk.	Türlü nakışlarla işlemeli, önü kavuşmayan, yeleğe benzeyen bir giysi
FERMENT	a.,kim.	► maya (I)
FERMUAR	a.	Giysi, çanta vb. yerlerde kullanılan, karşılıklı dişler ve bunların üzerinde yürüyen kapatıcıdan oluşan düzenek; cırcır, carcur (II)
FERSUDE	sf.,esk.	Eskimiş, yıpranmış, aşınmış
FESAHAT	a.,ed.	Kurallı, etkileyici, heyecan verici, inandırıcı, sanatlı söz söyleme
FESATÇI	a.	► arabozan
FETTANE	sf.,esk.	Cilveli, gönül alıcı (kadın)
FETVACI	a.	Fetva veren kimse
FEVERAN	a.	Kaynayıp fışkırma
FEVKANİ	sf.,esk.	Üstte olan, üstteki
FEVVARE	a.,esk.	► fıskiye
FEYEZAN	a.,esk.	► su baskını
FEYİZLİ	sf.	Çok ürün veren, verimli olan
FEZLEKE	a.	Bir kararın kısaca yazılması
FIKIRTI	a.	Hafif kaynamayı anlatan yansıma sesinin adı
FIKRACI	a.	Fıkra anlatan kimse
FIKRAMA	a.	Fıkramak işi; fışlama
FINDIKİ	a.	► fındıkkabuğu
FIRÇACI	a.	Fırça yapıp satan kimse
FIRÇALI	sf.	Fırçası olan
FIRINCI	a.	Fırın işleten kimse
FIRINLI	sf.	Fırınlanmış
FIRKACI	a.	Parti üyesi
FIRKATA	a.,esk.,ask.	10-15 çift kürekli, hızlı bir savaş gemisi
FIRLAMA	a.	Fırlamak işi
FIRTINA	a.,meteor.	Rüzgâr çizelgesinde hızı 34-40 deniz mili olan ve kuvveti 8 ile gösterilen, genellikle yağmur getiren güçlü rüzgâr
FISILTI	a.	Fısıldarken çıkan, güçlükle duyulan sesin adı; fısırtı
FISIRTI	a.	► fısıltı
FISKİYE	a.	Suyu yukarıya doğru, türlü biçimlerde fışkırtan ağızlık; fışkırık, fevvare
FISLAMA	a.	Fıslamak işi
FISTIKİ	a.	► fıstık rengi
FIŞILTI	a.	Fışırdama sırasında çıkan sesin adı
FIŞIRTI	a.	Fışırdama sırasında çıkan sesin adı
FIŞLAMA	a.	► fıkrama
FITIKLI	sf.	Fıtığı olan
FITRİYE	a.,esk.,ruh b.	► doğuştancılık
FİCTİON	a.,sin.,TV	343 kurgu
FİDANCA	sf.	Fidana benzeyen, fidanı andıran
FİDEİST	sf.,din b.	► inancı
FİDEİZM	a.,din b.	► inancılık
FİDELİK	a.	Fide yetiştirilen yer
FİGÜRAN	a.,sin.,tiy.	Genellikle tiyatro ve sinemada, konuşması olmayan veya konuşması çok az olan rollere çıkan kimse
FİGÜRLÜ	sf.	Figürü olan
FİHRİST	a.	► içindekiler
FİKİRCİ	a.	Sürekli düşünce üreten kimse
FİKİRLİ	sf.	Herhangi bir konu üzerinde düşüncesi olan; düşünceli
FİKSTÜR	a.,sp.	Yarışma veya karşılaşmaların zamanını ve sırasını belirleyen çizelge
FİLAMAN	a.	Elektrik ampullerinden akım geçtiğinde akkor duruma gelen ince iletken tel
FİLARİZ	a.	Keten dövmeye yarayan tokmak
FİLARLI	sf.	Fiları olan
FİLDİŞİ	a.	Fil dişinin kırık beyaz rengi; fildişi rengi
FİLİNTA	a.	Namlusu kısa, kurşun atan bir tür küçük tüfek
FİLİZLİ	sf.	Filizi olan
FİLOLOG	a.	► dil bilimci
FİLOZOF	a.	Felsefe ile uğraşan ve felsefenin gelişmesine katkıda bulunan kimse; felsefeci, feylesof
FİLVAKİ	zf.,esk.	► gerçekten
FİNANSE	sf.,ekon.	"Akçalanmak" anlamındaki finanse edilmek, "akçalamak" anlamındaki finanse etmek birleşik fiillerinde geçen bir söz
FİRAKLI	sf.	Üzüntülü, dokunaklı, içe işleyen
FİRAVUN	a.,tar.	Eski Mısır hükümdarlarına verilen ünvan
FİRFİRİ	a.	Parlak kızıl renk
FİRKETE	a.	Kadınların saçlarını tutturmak için kullandıkları U biçimindeki naylon veya telden saç tokası
FİSTOLU	sf.	Üzerine fisto dikilmiş olan
FİŞEKÇİ	a.	Fişek yapan veya satan kimse
FİŞEKLİ	sf.	İçinde fişek bulunan
FİŞLEME	a.	Fişlemek işi
FİTİLCİ	a.	Fitil yapan veya satan kimse
FİTİLLİ	sf.	Fitili olan veya fitille ateşlenen
FİTLEME	a.	Fitlemek işi
FİTNECİ	sf.	Fitne çıkaran, ara bozuculuk yapan; cazgır, karıştırıcı, fettan, fitne fücur, fitne kumkuması
FİTNESS	a.	343 sağlıklı yaşam
FİYASKO	a.	Bir girişimde başarısız sonuç; katastrof
FİYATLI	sf.	Fiyatı olan
FİYONGO	a.	► fiyonk
FİZİKÇE	zf.	Fizik bakımından
FİZİKÇİ	a.	Fizik bilgini veya fizikle uğraşan kimse
FİZİKEN	zf.	Fizik bilimine göre
FLAMACI	a.	Flama kullanarak anlaşmayı sağlayan kimse
FLANDRA	a.,den.	Genellikle ince bezden yapılmış, uçkurluk bölümü dar, kurdele biçiminde bayrak
FLEGMON	a.,tıp	Deri altındaki veya organlar arasındaki katılgan dokunun iltihaplanması
FLORIŞI	a.,fiz.	Bazı cisimlerin aldıkları ışığı, boyu daha uzun ışık ışınımlarına dönüştürmesi özelliği; floresans
FLÖRTLÜ	sf.	Flörtü olan
FLÖRTÖZ	a.	Flört etmeye düşkün olan, flört etmeyi seven, çok flört eden
FLURCUN	a.,hay. b.	► kocabaş
FODLACI	a.	Evlere fodla dağıtan kimse
FODULCA	sf.	Fodul gibi
FOKURTU	a.	Sıvıların fokurdama sırasında çıkardığı sesin adı
FOLKLOR	a.	► halk bilimi
FONETİK	a.,db.	► ses bilgisi
FONLAMA	a.	Fonlamak işi
FONOLİT	a.,min.	► sesli taş
FONOLOG	a.	► ses bilimci
FORMİKA	a.	Fenol formol reçinesine batırılmış ve yüzeyi yapay reçine ile kaplanmış birkaç kat kâğıttan oluşan ve çoğu marangozlukta kullanılan bir tür madde
FORMÜLE	sf.	"Bir düşünceye bir anlatım biçimi vermek" anlamında kullanılan formüle etmek birleşik fiilinde geçen bir söz
FORSEPS	a.,tıp	► tutçek
FOSİLLİ	sf.	İçinde fosil bulunan; taşıllı
FOSLAMA	a.	Foslamak işi
FOSURTU	a.	Sigara fosur fosur içilirken çıkarılan ses
FOTOJEN	sf.	Işık yaratan, doğuran
FOTOTEK	a.	Fotoğraf belgeliği
FÖTRSÜZ	sf.	Fötr şapkası olmayan
FRAGMAN	a.,sin.	► tanıtma filmi
FRAKSIZ	sf.	Frak giymemiş olan
FREKANS	a.,fiz.	► sıklık
FREZECİ	a.	Teknik resme veya modele uygun her çeşit parçayı freze tezgâhında yapabilen işçi
FRUKTOZ	a.,kim.	► meyve şekeri
FUZULEN	zf.	Yersiz, haksız olarak
FÜMEROL	a.	Etkin olmayan dönemlerde, yanardağların ağzından yayılan gaz
FÜSUNLU	sf.	► büyülü
FÜTUHAT	a.,esk.	Fetihler
GABAVET	a.,esk.	► kalın kafalılık
GABİLİK	a.	► kalın kafalılık
GABYACI	a.,den.	Yelkenli gemilerde yelken, arma, seren ve bütün bunlara ait her tür işi yapan görevli; gabyar
GACIRTI	a.	Gacırdama sırasında çıkan sesin adı
GAGAMSI	sf.	Gagayı andıran, gagaya benzeyen, gaga gibi
GAİLELİ	sf.	Başa dert olan, üzüntü veren, gaile çıkaran
GAİPLİK	a.	Gaip olma durumu
GAKLAMA	a.	Gaklamak işi
GALAKSİ	a.,gök b.	► gök ada
GALALİT	a.	Arı kazeinden oluşan ve birçok işte kullanılan plastik bir madde
GALENİT	a.,jeol.	İçinde doğal kurşun bulunan sülfür
GALERYA	a.,den.	Eski gemilerde kıç tarafta bulunan bölüm
GALEYAN	a.,esk.	► kaynama
GALOŞLU	sf.	Galoşu olan
GALSAME	a.,esk.,hay. b.	► solungaç
GALVANO	a.	Elektroliz yoluyla yapılmış resim klişesi
GAMETLİ	sf.	Gameti olan, gamet oluşturan
GAMLICA	zf.	► kaygılıca
GAMSELE	a.	Kauçuktan yapılmış, su geçirmeyen yağmurluk
GAMZELİ	sf.	Gamzesi olan
GANİLİK	a.	Gani olma durumu
GANİMET	a.	Savaşta düşmandan zorla ele geçirilen mal; şikâr
GARABET	a.,esk.	► tuhaflık
GARAJCI	a.	Otomobil, otobüs vb. taşıtları belli bir süre barındıran, gereğinde bakım ve onarımlarını yaptıran işletmeci
GARANTİ	a.	► güvence
GARAZLI	sf.	Kin güden, garazı olan; garazkâr
GARGARA	a.	Su veya ilaçlı sıvı ile ağız veya yutağı başı arkaya atıp solukla da sıvının yutulmasını engelleyerek çalkalama işi
GARİBAN	sf.,tkz.	Kimsesiz, zavallı, garip olan
GASEYAN	a.,esk.	İç bulantısı
GASTRİT	a.,tıp	Mide iç zarının yangısı
GÂVURCA	a.	Batılıların konuştuğu yabancı dillerden herhangi biri
GAYAKOL	a.	Peygamber ağacı reçinesinden çıkarılan ve hekimlikte kullanılan bir sıvı
GAYDACI	a.	Gayda çalan veya yapıp satan kimse
GAYESİZ	sf.,zf.	► amaçsız
GAYETLE	zf.,esk.	Aşırı derecede
GAZAPLI	sf.	Öfkeli, kızgın, hiddetli olan
GAZHANE	a.,esk.	Hava gazı üretilen veya depolanan yer
GAZIŞIL	sf.,fiz.	Gazışı ile ilgili, gazışı saçabilen
GAZİLİK	a.	Gazi olma durumu
GAZLAMA	a.	Gazlamak işi
GAZOJEN	a.	Sıvı veya katı yakıtı hava, oksijen etkisiyle gazlaştırmaya yarayan araç
GAZOLİN	a.,kim.	Ham petrolün ilk damıtılmasında ayrılan çok uçucu, hafif akaryakıt
GAZOZCU	a.	Gazoz yapıp satan kimse
GEBELİK	a.	Gebe olma durumu; hamilelik
GEBERİK	sf.	Ölü, ölmüş
GEBERME	a.	Gebermek işi
GECECİL	sf.	Gece hayatını seven (kimse)
GECELİK	a.	Yatakta giyilen giysi; gece kıyafeti
GECİKİŞ	a.	Gecikmek işi
GECİKME	a.	Gecikmek işi; teehhür, rötar
GEÇENDE	zf.	► geçenlerde
GEÇENEK	a.	► koridor
GEÇERLİ	sf.,huk.	Yürürlükte olan, uygulanan; meri, muteber
GEÇİLİŞ	a.	Geçilmek işi
GEÇİLME	a.	Geçilmek işi
GEÇİMLİ	sf.	Çevresindekilerle iyi geçinen
GEÇİNİM	a.	Geçinmek işi
GEÇİNİŞ	a.	Geçinmek işi
GEÇİNİZ		"bu söylediklerinizi kabul etmiyorum, daha mantıklı sözler söyleyin" anlamında kullanılan bir söz
GEÇİNME	a.	Geçinmek işi
GEÇİRİM	a.	Geçirmek işi
GEÇİRİŞ	a.	Geçirmek işi
GEÇİRME	a.	Geçirmek işi
GEÇİŞİM	a.	Geçişmek işi
GEÇİŞLİ	sf.,db.	Nesne alan (fiil); müteaddi: sevmek (okuma-yı sevmek), görmek (ev-i görmek), içmek (süt-ü içmek) vb
GEÇİŞME	a.	Geçişmek işi
GEÇMELİ	sf.	Geçmesi olan
GEDALIK	a.	Geda olma durumu
GEDİKLİ	sf.	Gediği olan
GEDİLME	a.	Gedilmek durumu
GEĞİRİŞ	a.	Geğirmek işi
GEĞİRME	a.	Geğirmek işi; teftih
GEĞİRTİ	a.	Geğirme sırasında çıkan sesin adı
GELBERİ	a.,ağz.	Büyük ocaklardan ateşi dışarı çekmek için kullanılan uzun saplı demir araç
GELECEK	a.	Daha gelmemiş, yaşanacak zaman; istikbal, ati
GELEĞEN	sf.,coğ.	Ana ırmağa karışan (akarsu)
GELEMBE	a.,ağz.	Koyun yatağı
GELENEK	a.,top. b.	Bir toplumda, bir toplulukta eskiden kalmış olmaları dolayısıyla saygın tutulup kuşaktan kuşağa iletilen, yaptırım gücü olan kültürel kalıntılar, alışkanlıklar, bilgi, töre ve davranışlar; anane, örf, tradisyon
GELİNME	a.	Gelinmek işi
GELİRLİ	sf.	Geliri olan
GELİŞİM	a.	Gelişmek işi
GELİŞME	a.	Gelişmek işi; inkişaf, neşvünema, tekâmül, evolüsyon
GEMİLİK	a.	► tersane
GEMLEME	a.	Gemlemek işi
GENÇLİK	a.	Genç olma durumu; şebabet
GENÇTEN	sf.	Genç sayılan (kimse)
GENELCİ	a.	Genele uygun davranan kimse
GENELEV	a.	Hayat kadınlarının toplu olarak bulunduğu özel yönetimi bulunan işletme; aşağı mahalle, kırmızıfener, koltuk, kerhane, umumhane, babilhane
GENELGE	a.	Yasa ve yönetmeliklerin uygulanmasında yol göstermek, herhangi bir konuda aydınlatmak, dikkat çekmek üzere ilgililere gönderilen yazı; tamim, sirküler
GENELME	a.	► genişleme
GENERAL	a.,ask.	Kara ve hava kuvvetlerinde albaylıktan sonra gelen ve mareşalliğe kadar olan yüksek rütbeli subaylara verilen genel ad
GENETİK	a.,biy.	► kalıtım bilimi
GENİŞÇE	sf.	Biraz geniş
GENİTİF	a.,db.	► ilgi durumu
GENOSİT	a.,top. b.	► soykırım
GENOTİP	a.,biy.	► soy yapısı
GENSORU	a.	Türkiye Büyük Millet Meclisinde başbakana veya bakanlardan birine, milletvekilleri tarafından açılan ve sonunda soruşturma yapılması istenebilen soru; istizah
GEODEZİ	a.	Yer yuvarlağının büyüklüğü ve biçimi ile ilgili ölçme yollarını ve haritaların yapılmasında temel değerleri veren bilim dalı
GEPGENÇ	sf.	Çok genç
GEREKÇE	a.	Bir şeyi gerekli duruma getiren, yapılmasına sebep olan şey, gerektirici sebep; mucip sebep, esbabımucibe
GEREKLİ	sf.	Yapılması, olması veya bulunması uygun olan, yerinde olan; lüzumlu, mukteza, muktezi, zaruri
GEREKME	a.	Gerekmek işi; iktiza
GERELTİ	a.,ağz.	► perde
GERGİLİ	sf.	Gergisi olan
GERİLEK	sf.	Kendi üstüne geri dönen veya döner görünen
GERİLİK	a.	Geri olma durumu
GERİLİM	a.	Gerginlik; tansiyon
GERİLİŞ	a.	Gerilmek işi
GERİLLA	a.	Düzenli bir orduya karşı küçük birlikler hâlinde çatışan, hafif silahlarla donatılmış topluluk
GERİLME	a.	Gerilmek işi; tevettür
GERİNİŞ	a.	Gerinmek işi
GERİNME	a.	Gerinmek işi
GESTALT	a.	Psikolojik olayların bir bütün veya biçim olduğunu savunan görüş
GESTAPO	a.	Almanya'da Hitler döneminde kurulan gizli, siyasi polis örgütü
GETİRİM	a.	Getirmek işi
GETİRİŞ	a.	Getirmek işi
GETİRME	a.	Getirmek işi
GEVREME	a.	Gevremek işi
GEVŞEME	a.	Gevşemek işi; relaks
GEZEGEN	a.,gök b.	Güneş çevresinde dolanan, ondan aldıkları ışığı yansıtan gök cisimlerinin ortak adı; seyyare, planet
GEZEĞEN	sf.,ağz.	► gezenti
GEZENTİ	sf.,ağz.	Vaktini gezmekle geçiren, gezmeyi çok seven; gezeğen
GEZİLİŞ	a.	Gezilmek işi
GEZİLME	a.	Gezilmek işi
GEZİMCİ	sf.,fel.	► Aristotelesçi
GEZİNİŞ	a.	Gezinmek işi
GEZİNME	a.	Gezinmek işi; cevelan
GEZİNTİ	a.	Uzak olmayan bir yere yapılan gezi; teferrüç, tenezzüh
GEZLEME	a.	Gezlemek işi
GICIKÇA	sf.	Gıcık bir biçimde olan
GICIRTI	a.	Sert nesnelerin birbirine sürtünmesi sonucu çıkan sesin adı; gıcır gıcır
GIDASIZ	sf.	► besinsiz
GIRNATA	a.,ağz.	► klarnet
GIRTLAK	a.,anat.	Soluk borusunun üst bölümü; ümük, imik, hançere
GIYABEN	zf.	Kendi yokken, ortada olmaksızın
GİBİSİZ	sf.	Herhangi bir şeye benzetmeyen
GİCİŞME	a.	Gicişmek işi
GİDEĞEN	a.,coğ.	► göl ayağı
GİDEREK	zf.	► gittikçe
GİDERİŞ	a.	Gidermek işi
GİDERME	a.	Gidermek işi
GİDİLİŞ	a.	Gidilmek işi
GİDİLME	a.	Gidilmek işi
GİDİMLİ	sf.,man.	Bir tasarımdan ötekine geçerek, çıkarımlar yaparak, bir önermeden ötekine mantıksal bir yolla ilerleyip parçalardan bütünlüğü olan bir düşünce kuran (düşünce yolu)
GİDİŞAT	a.	Olayların durumu, işlerin gelişme biçimi
GİDİŞME	a.	Gidişmek işi
GİNSENG	a.,bit. b.	Çin, Japonya, Kore vb. Uzak Doğu ülkelerinde yetişen, geleneksel tedavilerde kullanılan, kazık köklü, otsu ve çok yıllık bir bitki (Panax ginseng)
GİRİLİŞ	a.	Girilmek işi
GİRİLME	a.	Girilmek işi
GİRİNTİ	a.	Düz bir yüzeyde bulunan içeri girmiş bölüm
GİRİŞİK	sf.	► girift
GİRİŞİM	a.	Bir işe girişme; teşebbüs
GİRİŞME	a.	Girişmek işi; teşebbüs
GİTARCI	a.	Gitar çalan kimse; gitarist
GİTGİDE	zf.	► gittikçe
GİYECEK	a.	► giysi
GİYİLİŞ	a.	Giyilmek işi
GİYİLME	a.	Giyilmek işi
GİYİMLİ	sf.	Giyinmiş, giyinik
GİYİNİK	sf.	Giyinmiş olan
GİYİNİŞ	a.	Giyinmek işi
GİYİNME	a.	Giyinmek işi
GİYOTİN	a.	Fransa'da ölüm cezasına çarptırılanların başını kesmek için kullanılan araç
GİYSİLİ	sf.	Üzerine herhangi bir giysi giymiş olan; elbiseli, kıyafetli, esvaplı, libaslı, urbalı
GİZEMCİ	sf.,fel.	Gizemcilik yanlısı olan, ilahiyat veya gizemsel yaşamla uğraşan; mistik
GİZEMLİ	sf.	Gizem niteliğinde olan veya içinde gizem bulunan; esrarlı (I), esrarengiz
GİZLEME	a.	Gizlemek işi; kamuflaj
GİZLİCE	zf.	Kimseye göstermeden, kimseye belli etmeksizin, gizli olarak; el altından, uğrun, zuladan
GLASİYE	a.,coğ.	► buzul
GLOKONİ	a.,jeol.	Koyu yeşil renkli, hidratlı doğal demir ve potasyum silikat
GOCUKLU	sf.	Üzerinde gocuğu bulunan
GOCUNMA	a.	Gocunmak işi
GOFRELİ	sf.	Kabartması olan
GOMALAK	a.,kim.	Asya kökenli bir ağaçtan elde edilen, mobilya cilası ve zamk yapımında kullanılan, alkolde eriyen bir tür reçine
GONOKOK	a.,tıp	Belsoğukluğu mikrobu
GÖBEKLİ	sf.	Karnı yağlanıp şişmanlamış
GÖBELEK	a.,ağz.	Rengi siyah beyaz veya bej beyaz olan, kurutulabilen, yenebilen bir tür şapkalı mantar
GÖBELEZ	a.,ağz.	Köpek yavrusu
GÖÇELGE	a.,ağz.	Göçülen yer
GÖÇERME	a.	Göçermek işi
GÖÇÜRME	a.	Göçürmek işi
GÖÇÜŞME	a.,db.	Bir kelimede komşu veya uzak ünlü veya ünsüzlerin yer değiştirmesi; yer değiştirme, metatez: çömlek > çölmek, kibrit > kirbit; lanet > nalet; sarımsak > sarmısak vb
GÖĞÜMSÜ	sf.	Rengi gök rengini andıran, gök rengine benzeyen
GÖĞÜSLÜ	sf.	Göğsü olan
GÖLERME	a.	Gölermek işi
GÖLGELİ	sf.	Gölge altında olan
GÖLLEME	a.	Göllemek işi
GÖMÜLME	a.	Gömülmek işi
GÖMÜLTÜ	a.	Avcının avını beklerken içine saklandığı çukur
GÖMÜLÜŞ	a.	Gömülmek işi
GÖNÇLÜK	a.	Gönç olma durumu
GÖNDERİ	a.	Bir yerden bir yere özellikle posta ile gönderilen paket, telgraf, mektup vb
GÖNENME	a.	Gönenmek işi
GÖNÜLLÜ	sf.	Bir işi yapmayı hiçbir yükümlülüğü yokken isteyerek üstlenen; fahri
GÖRELİK	a.,fel.	► bağıntı
GÖRENEK	a.,top. b.	Bir şeyi eskiden beri görüldüğü gibi yapma alışkanlığı; âdet
GÖREVLİ	sf.	Görevi olan; vazifeli, işyar
GÖRGÜCÜ	sf.	► deneyci
GÖRGÜLÜ	sf.	Görgüsü olan
GÖRMECE	zf.	Görmek koşuluyla
GÖRÜLME	a.	Görülmek işi
GÖRÜLÜŞ	a.	Görülmek işi
GÖRÜMCE	a.	Kadına göre kocasının kız kardeşi
GÖRÜNGE	a.	Eşya ve nesnelerin uzaktan görünüşü; perspektif
GÖRÜNGÜ	a.,fel.	Duyularla algılanabilen her şey; fenomen, numen karşıtı
GÖRÜNME	a.	Görünmek işi; teberrüz
GÖRÜNTÜ	a.	Görünen şey
GÖRÜNÜM	a.	Bir şeyin dıştan bakıldığında görünen biçimi, görünme durumu; zevahir, fotoğraf, vizyon
GÖRÜNÜR	sf.	Görünen, gözle görülebilen
GÖRÜNÜŞ	a.	Görünmek işi
GÖRÜŞLÜ	sf.	Görüşü olan
GÖRÜŞME	a.	Görüşmek işi; konuşma
GÖSTERİ	a.	İlgi, dikkat çekmek için bir topluluk önünde gösterilen beceri veya oyun
GÖTÜRME	a.	Götürmek işi
GÖTÜRÜM	a.,ağz.	Kötü ve güç durumlara karşı koyabilme gücü
GÖTÜRÜŞ	a.	Götürmek işi
GÖVDELİ	sf.	İri yapılı olan
GÖVERİŞ	a.	Gövermek işi
GÖVERME	a.	Gövermek işi
GÖVERTİ	a.,ağz.	► sebze
GÖYNÜME	a.	Göynümek durumu
GÖZALTI	a.,huk.	Birinin, güvenlik kuvvetleri tarafından belli bir yerde belli bir süre alıkonulması; gözetim, nezaret
GÖZDAĞI	a.,mec.	Sonradan verilecek bir ceza ile korkutma, yıldırma
GÖZEMEK	-i,ağz.	Kumaştaki deliği örerek kapatmak
GÖZENEK	a.	Delikli bir nesnenin deliklerinden her biri
GÖZETİM	a.	Gözetmek işi; nezaret
GÖZETİŞ	a.	Gözetmek işi
GÖZETME	a.	Gözetmek işi
GÖZLEĞİ	a.,ağz.	Gözetleme yeri
GÖZLEME	a.	Gözlemek işi; tarassut
GÖZÜKME	a.	Gözükmek işi
GÖZÜKÜŞ	a.	Gözükmek işi
GÖZÜNDE		(o kimseye) göre
GÖZYAŞI	a.	Gözyaşı bezlerinin salgıladığı, bazı etkilerle akan duru sıvı damlacıklarından her biri; yaş (II)
GRAFİTİ	a.	► duvar yazısı
GRAMLIK	sf.	Belli bir gram ağırlığında olan
GRANDÜK	a.	Büyük bir düklüğün egemenine verilen ad
GRAVİTE	a.	► yoğunluk
GRAVYER	a.	► gravyer peyniri
GREJUVA	a.	► Rum ateşi
GREYDER	a.	Altında bulunan ve değişik açılarda çalışabilen bıçağı ile toprağı kazıyan veya yayan yol makinesi
GROSTON	a.,den.	Bir geminin kullanılan bölümünün ton birimi cinsinden karşılığı
GROTESK	a.	Eski Çağ Roma yapılarında bulunan tuhaf, gülünç figürlerden oluşmuş süsleme üslubu
GUARANİ	a.	Paraguay'ın para birimi
GUDUBET	sf.	Yüzüne bakılmayacak kadar sevimsiz ve çirkin
GUGUKLU	a.	► guguklu saat
GULGULE	a.,esk.	Her ağızdan bir ses çıkmasından meydana gelen, dalga dalga ortalığa yayılan karışık gürültü
GURLAMA	a.	► guruldama
GURULTU	a.	Guruldama sesi
GURURLU	sf.	Kendi kişiliğine önem veren; azametli
GÜBRELİ	sf.	Gübrelenmiş olan
GÜBÜRCÜ	a.	► çöpçü
GÜCENİK	sf.	Gücenmiş (kimse); muğber
GÜCENİŞ	a.	Gücenmek işi
GÜCENME	a.	Gücenmek işi
GÜDÜLME	a.	Güdülmek işi
GÜDÜMCÜ	a.	Güdümcülükten yana olan kimse
GÜDÜMLÜ	sf.	Güdülebilen, yönlendirilebilen, yönetilebilir
GÜFTECİ	a.	► söz yazarı
GÜLBANK	a.,esk.	Hep bir ağızdan ve makamla yapılan dua veya ant
GÜLDÜRÜ	a.	Güldürme özelliği olan şey
GÜLECEN	sf.	Sevimli ve cana yakın tavırları olan (kimse)
GÜLEĞEN	sf.,ağz.	Güler yüzlü, çok gülen (kimse)
GÜLGÜLİ	sf.,esk.	Gül renginde olan
GÜLLABİ	a.,esk.	Akıl hastanelerindeki hademe; güllabici, deli güllabicisi
GÜLLECİ	a.	Top güllesi yapan kimse
GÜLMECE	a.	Eğlendirme, güldürme ve bir kimsenin davranışına incitmeden takılma amacını güden ince alay; mizah, humor
GÜLÜCÜK	a.	Gülümseme; tebessüm
GÜLÜNME	a.	Gülünmek işi
GÜLÜŞME	a.	Gülüşmek işi
GÜLÜTÇÜ	a.	Bir skeçte, revüde veya eğlence gösterisinde eklenen sözleri ve durumları hazırlayan kimse
GÜMLEME	a.	Gümlemek işi
GÜMÜŞÇÜ	a.	Gümüşü işleyen sanatçı veya gümüşten yapılmış eşya ve takı satıcısı
GÜMÜŞLÜ	sf.	Gümüşü olan, gümüşle kaplanmış veya süslenmiş olan
GÜMÜŞSÜ	sf.	Gümüşü andıran, gümüşe benzeyen, gümüş gibi; gümüşümsü
GÜNAHLI	sf.	► günahkâr
GÜNÂŞIK	a.,ağz.	► ayçiçeği
GÜNBERİ	a.,gök b.	Dünya'nın, Güneş'e en yakın bulunduğu nokta
GÜNEĞİK	a.,bit. b.	► hindiba
GÜNEŞLİ	sf.	Güneş ışınlarıyla aydınlanmış
GÜNEYLİ	sf.	Güney bölgelerinden olan (kimse veya topluluk); Cenuplu
GÜNİNDİ	a.,ağz.	Gurup zamanı
GÜNLEME	a.	Günlemek işi
GÜREŞÇİ	a.,sp.	Güreş yapan, güreşen kimse; pehlivan
GÜREŞME	a.	Güreşmek işi; yıkışma
GÜRLEME	a.	Gürlemek işi
GÜRÜLTÜ	a.	Aralarında uyum bulunmayan düzensiz seslerin bütünü; kavara (II)
GÜVENCE	a.	Güvenilecek şey
GÜVENİŞ	a.	Güvenmek işi
GÜVENLİ	sf.	Güven verici; emin
GÜVENME	a.	Güvenmek işi
GÜVERTE	a.,den.	Gemide ambar ve kamaraların üstü
GÜZELCE	sf.	Güzele yakın, güzel gibi
GÜZELİM	ünl.	çok sevilen kimseye sevecenlikle yaklaşıldığında kullanılan bir söz
GÜZEŞTE	sf.,esk.	Geçmiş, geçen
GÜZLEME	a.	Güzlemek işi
HABASET	a.	► kötülük
HABERCİ	a.	Haber getiren kimse; ulak
HABERLİ	sf.	Bir olay veya durum üzerine bilgisi olan, haberi olan; agâh, haberdar
HABİTAT	a.	Yerleşme, oturma
HABİTUS	a.,bit. b.	Bitkinin yerindeki durumu, dallanması, köklerinin toprak içerisindeki dağılmasını belirten morfolojik görünüş
HACAMAT	a.	Vücudun herhangi bir yerini hafifçe çizip üzerine boynuz, bardak veya şişe oturtarak kan alma
HACIAĞA	a.,alay	Gereksiz, yersiz para harcayan taşralı zengin
HACILIK	a.	Hacı olma durumu
HACİMCE	zf.	Hacim bakımından
HACİMLİ	sf.	Hacmi olan; oylumlu
HACİZLİ	sf.,huk.	Haciz altına alınmış; mahcuz
HAÇLAMA	a.	Haçlamak işi
HAÇVARİ	sf.	Haça benzeyen
HADDECİ	a.	Hadde işiyle uğraşan kimse
HADİSAT	a.,esk.	Olaylar, hadiseler
HAFAKAN	a.	Sıkıntı, çarpıntı; afakan
HAFİFÇE	zf.	Hafif olarak, hafif bir biçimde, belli belirsiz
HAFTAYA	zf.	Gelecek hafta
HAİNLİK	a.	Hain olma durumu; çıyanlık
HAKARET	a.	Onur kırma, onura dokunma; tahkir
HAKÇASI	a.	Doğrusu, doğru olanı
HAKEMLİ	sf.	Hakemi olan
HAKİKAT	a.	► gerçek
HAKLAMA	a.	Haklamak işi
HALALIK	a.	Hala olma durumu; bibilik
HALATÇI	a.	Halat yapıp satan kimse
HALAVET	a.,esk.	Sevimlilik, şirinlik, tatlılık
HALAYIK	a.	► cariye
HÂLBUKİ	bağ.	► oysa
HALECAN	a.	► kalp çarpıntısı
HALETME	a.	Haletmek işi
HÂLİYLE	zf.	Olduğu gibi
HALKACI	a.	Halka yapan veya satan kimse
HALKALI	sf.	Halkası olan
HALKAVİ	sf.,esk.	Halka biçiminde olan
HALKEVİ	a.	Halkı eğitip millî birliğe ve ülküye yöneltmek amacıyla açılan kuruluş
HALKOYU	a.	Büyük bir topluluğun türlü siyasi ve toplumsal sorunlardaki görüşünün alınması ve ona göre uygulamaya girişilmesi için yapılan oylamada halkın bildirdiği olumlu veya olumsuz oy
HÂLLİCE	sf.	Durumu benzerlerine göre biraz daha iyi olan
HALOJEN	a.,kim.	Madenlerle birleştiğinde tuz verebilen flor, klor, brom ve iyot elementleri
HAMAKAT	a.,esk.	► ahmaklık
HAMAMCI	a.	Hamam işleten kimse
HAMARAT	sf.	Çalışkan, becerikli, elinden iyi iş gelen
HAMASET	a.,esk.	Yiğitlik, kahramanlık, cesaret
HAMAYIL	a.	Omuzdan çapraz olarak bele inen bağ; hamaylı
HAMAYLI	a.	► hamayıl
HAMİLEN	zf.,esk.	Üzerinde taşıyarak
HAMİNNE	a.	Ailede yaşlı ve saygı duyulan kadın
HAMİSİZ	sf.	Koruyucusu, kayıranı olmayan
HAMİYET	a.	Bir insanın kendi yurdunu, ulusunu ve ailesini koruma çabası
HAMLACI	a.	Büyük sandal ve kayıklarda kıçtan birinci oturakta kürek çeken kimse
HAMLAMA	a.	Hamlamak durumu
HAMLECİ	sf.	► atılımcı
HAMURCU	a.	Fırında hamur yoğuran işçi; hamurkâr
HAMURSU	sf.	Hamuru andıran, hamura benzeyen, hamur gibi; hamurumsu
HANÇERE	a.,anat.	► gırtlak
HANDOUT	a.	343 el notu
HANEDAN	a.,tar.	Hükümdar, devlet büyüğü vb. bir kişiye dayanan soy, büyük aile
HANELİK	sf.	Herhangi bir sayıda evi olan; evlik
HANENDE	a.,esk.,müz.	► şarkıcı
HANGİSİ	zm.	"Kim, hangi şey" anlamlarında kullanılan bir söz
HANİDİR		ne vakittir, epey zamandır, çoktan beri
HANUMAN	a.,esk.	Ev bark, ocak
HANUTÇU	a.	Hanut karşılığında turistleri belirli dükkânlara götüren kimse
HAPLAMA	a.	Haplamak işi
HAPLOİT	a.,biy.	Olgun bir üreme hücresinde bulunan kromozom takımı
HARABAT	a.,esk.	Harabeler
HARAÇÇI	a.	Haraç alan kimse
HARAÇLI	sf.	Haraca bağlanmış, vergi ödeyen
HARARET	a.	► sıcaklık
HARBİCİ	sf.	► doğrucu
HARBİYE	a.,ask.	Savaşla ilgili işler
HARCAMA	a.	Harcamak işi; sarf
HARÇLIK	a.	Ufak tefek gereksinimler için harcanacak para
HARÇSIZ	sf.	Harcı olmayan
HAREKÂT	a.,esk.	Davranışlar, işler
HAREKET	a.	Vücudu oynatma, kıpırdatma veya kımıldanma
HARESİZ	sf.	Haresi olmayan; menevişsiz
HARHARA	a.	► horultu
HARILTI	a.	Harıldama sırasında çıkan sesin adı
HARİCEN	zf.	Dıştan, dışarıdan
HARLAMA	a.	Harlamak işi
HARMANİ	a.	Bütün vücudu saran, kolsuz ve bazen kukuletalı bir tür üst giysisi; harmaniye
HARMONİ	a.,db.	► uyum
HARTAMA	a.,ağz.	Kiremit yerine kullanılan veya kiremit altına konulan ince tahta
HASARLI	sf.	Hasara uğramış
HASATÇI	a.	Ürün kaldırma, toplama, ekin biçme işi ile uğraşan kimse
HASENAT	a.	Yararlı, iyi, güzel işler
HASETÇİ	sf.	► kıskanç
HASETLİ	sf.	► kıskanç
HASILAT	a.	► ürün
HASIMCA	zf.	Hasım gibi davranarak
HASIRCI	a.	Hasır ören veya satan kimse
HASIRLI	sf.	Hasırı olan, hasırla kaplanmış olan
HASİYET	a.,esk.	► özellik
HASMANE	zf.	► düşmanca
HASPAM!		yakıştırılamayan nitelikler taşıyan kadın veya kızlar için kullanılan bir söz
HASTACA	sf.	Biraz hasta
HASTANE	a.	Hastalara yatarak veya ayakta tanı, tedavi ve bakım hizmetlerinin hekim, hemşire ve diğer sağlık çalışanları tarafından verildiği sağlık kuruluşu; sayrılarevi, darüşşifa, şifahane
HAŞERAT	a.	► böcekler
HAŞILLI	sf.	Haşıl içine konulmuş
HAŞIRTI	a.	Haşırdama sırasında çıkan sesin adı
HAŞLAMA	a.	Haşlamak işi
HATASIZ	sf.	Hatası olmayan, yanlışlığı bulunmayan
HATIRAT	a.	Anılar
HATIRLI	sf.	► saygın
HAVADAN	sf.	Boş, değersiz
HAVADAR	sf.	Havası bol, temiz olan (yer); yeleken, yeleç
HAVADİS	a.	İlgi ile karşılanabilecek haber
HAVALIK	a.	Bir yerin sürekli olarak havalanmasını sağlayan bacamsı delik
HAVASIZ	sf.	Havası olmayan, hava almayan
HAVLAMA	a.	Havlamak işi; ürüme
HAVLUCU	a.	Havlu dokuyan veya satan kimse
HAVSALA	a.,esk.	Kuşun kursağı
HAVUZCU	a.	Otelde havuzla ilgili işlere bakan görevli
HAVUZLU	sf.	Havuzu olan
HAYALAT	a.,esk.	Hayaller
HAYALCİ	a.	Bir şeyi gerçekleşmiş gibi kabul edip zihninde tasarlayan kimse; ütopist
HAYALEN	zf.,esk.	Hayalî olarak
HAYALET	a.	Gerçekte var olmadığı hâlde bazen görüldüğü sanılan peri, hortlak vb. görüntüler; görüntü, fantom
HAYALLİ	sf.	Hayali olan
HAYÂSIZ	sf.	Utanma duygusu olmayan, sıkılmayan
HAYBECİ	a.	İşsiz güçsüz, bedavadan geçinen kimse
HAYDAMA	a.	Haydamak işi
HAYDARİ	a.,esk.	Dervişler tarafından hırka altına giyilen yakasız, kolsuz, aba veya çuhadan yapılmış hırka
HAYIRLI	sf.	Yararı, hayrı olan
HAYKIRI	a.	► haykırma
HAYLAMA	a.	Haylamak işi
HAYMANA	a.	Hayvanların serbestçe salındığı çayırlık
HAYROLA	ünl.	"Ne var, ne oluyor" anlamında kullanılan bir söz
HAYVANİ	sf.	► hayvansal
HAZAKAT	a.,esk.	► uzluk
HAZIMLI	sf.	Yersiz davranışlara, dokunaklı sözlere aldırmayan, içi geniş (kimse)
HAZIRCI	sf.	Hazır giysi satılan (yer)
HAZIRUN	a.	Bir toplantıya katılanlar
HAZİRAN	a.	Yılın altıncı ayı
HECELİK	sf.	Hece miktarında olan
HEDGİNG	a.,ekon.	343 koruma
HELALLİ	sf.	Nikâhlı olan (eş)
HELECAN	a.,esk.	► kalp çarpıntısı
HELEZON	a.	Kıvrımlı, yılankavi biçim
HELİKON	a.,müz.	Çalgı ağızlığı ve pistonu olan, boyundan geçirilerek tutulan, çember biçimli, üflemeli bakır çalgı
HELİSEL	sf.,fiz.	► sarmal
HELMELİ	sf.	Helme durumunda olan (yemek)
HELVACI	a.	Helva yapan veya satan kimse
HEMATİT	a.,min.	► kan taşı
HEMAYAR	sf.,esk.	Aynı ayarda olan
HEMCİNS	sf.	Aynı cinsten olan
HEMDERT	sf.,esk.	Dert ortağı olan
HEMOFİL	sf.,tıp	Kanaması dinmeyen, hemofili hastalığına tutulan (kimse)
HEMŞİRE	a.	Mesleği ile ilgili belirlenen standartlar çerçevesinde temel eğitimini tamamlamış, sağlığın korunması ve geliştirilmesi, hastalıkların önlenmesi, hastalık durumunda bakım ve rehabilitasyonun sağlanması ile ilgili uygulamalarda yeterli ve yetkili olan sağlık görevlisi; şvester
HENDESE	a.,esk.	► geometri
HENDESİ	sf.,esk.	► geometrik
HENGÂME	a.	► gürültü patırtı
HENTBOL	a.,sp.	Yedişer kişilik iki takım arasında yalnızca elle oynanan, topu karşı takımın kalesine atmaya dayanan oyun; el topu
HEPATİT	a.,tıp	► sarılık
HERAGİL	sf.,tkz.	Terbiyesiz, görgüsüz (kimseler)
HERGELE	a.	Binmeye veya yük taşımaya alıştırılmamış at veya eşek
HESAPÇA	zf.	Hesaba göre, hesaba uygun olarak
HESAPÇI	sf.	Hesabını iyi bilen; hesabi
HESAPLI	sf.	Satın alınabilen, bütçeye uygun; hesaplıca, ekonomik
HEVESLİ	sf.	► istekli
HEYBECİ	a.	Heybe yapan veya satan kimse
HEYECAN	a.	Sevinç, korku, kızgınlık, üzüntü, kıskançlık, sevgi vb. sebeplerle ortaya çıkan güçlü ve geçici duygu durumu; teheyyüç
HEYELAN	a.,jeol.	► toprak kayması
HEZAREN	a.,bit. b.	► saray çiçeği
HEZEYAN	a.	► saçmalama
HEZİMET	a.	► bozgun
HINÇSIZ	sf.	Hıncı olmayan, öfkesiz olan
HIRILTI	a.	Boğazdan herhangi bir nedenle boğuk çıkan ses; harhara
HIRIZMA	a.	► hızma
HIRKALI	sf.	Hırkası olan
HIRLAMA	a.	Hırlamak işi
HIRPANİ	sf.,esk.	Perişan, derbeder olan
HIRSSIZ	sf.	Hırsı olmayan
HIRTLIK	a.	Hırt olma durumu
HIŞILTI	a.	Sert ve sürekli çıkan ses
HIŞIMLI	sf.	Öfkeli, kızgın, sinirli
HIŞIRTI	a.	İnce cisimler hışırdarken çıkan sesin adı
HIŞLAMA	a.	Hışlamak biçimi veya işi
HIYABAN	a.,esk.	İki tarafı düzgün ağaçlı yol veya bulvar
HIYANET	a.	Kutsal sayılan şeylere el uzatma, kötülük etme veya karşı davranma; hıyanetlik, hainlik
HIZARCI	a.	Hızar işleten, hızarla kereste biçen kimse
HIZLICA	zf.	Hızlı bir biçimde
HIZMALI	sf.	Hızması olan, hızma takmış bulunan; hırızmalı
HİCVİYE	a.,ed.	► yergi
HİÇBİRİ	zm.	Bir teki, biri bile
HİÇLEME	a.	Hiçlemek durumu
HİDATİT	a.,hay. b.	Birçok memelinin ve insanın karaciğerinde gelişen ekinokok tenyasının larvası
HİDAYET	a.,din b.	Doğru yol, hak olan Müslümanlık yolu
HİLAFET	a.,tar.	► halifelik
HİLEBAZ	sf.,esk.	► hileci
HİLEKÂR	sf.	► hileci
HİLESİZ	sf.	Hile yapmayan, düzen bilmeyen (kimse)
HİNDİBA	a.,bit. b.	Birleşikgillerden, yaprakları haşlanarak salata gibi yenebilen, birkaç yıllık otsu bir bitki; güneğik, karakavuk (Cichorium endivia)
HİNDİCİ	a.	Hindi yetiştiren ve satan kimse
HİNOĞLU	sf.,tkz.	► kurnaz
HİPOFİZ	a.,anat.	Beynin alt bölümünde bulunan, salgısını kana vererek fizyolojik olaylarda önemli rol oynayan sinirsel organ
HİPOTEZ	a.	► varsayım
HİSSELİ	sf.	İçinde birkaç kişinin payı olan; paydaşlı, paylı
HİSTERİ	a.,tıp	Duyu bozuklukları, çırpınma, kasılmalar ve bazen inmelerle kendini gösteren bir ruhsal bozukluk; isteri
HİTABEN	zf.	Sözü birine yönelterek, hitap yoluyla
HİTABET	a.	Etkili söz söyleme sanatı
HİZİPÇİ	a.	Hizip oluşturan veya bir hizip içinde yer alan kimse; klikçi
HOCALIK	a.	Hoca olma durumu
HOHLAMA	a.	Hohlamak işi
HOLDİNG	a.,tic.	► ana ortaklık
HOLİGAN	a.,sp.	Fanatizmden beslenen, aşırı davranışlarda bulunan ve çevreye zarar vermeye eğilimli taraftar
HOLOSEN	a.,jeol.	Dördüncü Çağ’ın insanoğlunun yerleşik hayata ve yazılı tarihe doğru önemli bir geçiş yaptığı 12 bin yıl öncesinden günümüze kadar olan bölümü
HOMOJEN	sf.	► bağdaşık
HOMOLOG	sf.	Bir başkasının tam olarak yerini tutan
HOMONİM	sf.,db.	► sesteş
HOMURTU	a.	Homurdanma sırasında çıkan sesin adı
HOPLAMA	a.	Hoplamak işi
HOPPACA	sf.	Hoppa gibi
HOPPALA	a.	Bebeklerin içine konup zıplayarak eğlenmelerini sağlayan yaylı araç
HORANTA	a.,ağz.	Aile halkı
HORASAN	a.,mim.	Kiremit ve tuğla tozlarının kireç ve su ile karıştırılmasından elde edilen bir harç türü
HORGÖRÜ	a.	Bir kimseyi, bir hareketi küçük görme, değersiz bulma
HORLAMA	a.	Horlamak işi; horuldayış
HOROZSU	sf.	Horozu andıran, horoza benzeyen, horoz gibi; horozumsu
HORTLAK	a.	Mezardan çıkarak insanları korkuttuğuna inanılan yaratık; zombi
HORULTU	a.	Horlama sırasında çıkan sesin adı
HOSTLUK	a.	Host olma durumu
HOŞGÖRÜ	a.	Yapılan yanlış veya kötü davranışları anlayışla karşılayarak affetme, sert ve katı hükümlü olmama; müsamaha, tolerans
HOŞLAMA	a.	Hoşlamak işi
HOTOZLU	sf.	Hotozu olan
HOVARDA	sf.	Zevki için para harcamaktan kaçınmayan (kimse)
HÖDÜKÇE	zf.	Hödük gibi, görgüsüzce
HÖKELEK	a.,ağz.	► gösteriş
HÖPÜRTÜ	a.	Höpürdetme sırasında çıkan sesin adı; höpürdek
HUBUBAT	a.	► tahıl
HUDUTLU	sf.	► sınırlı
HUKUKÇU	a.,sf.	Hukuku meslek edinen, hukukla uğraşan kimse; tüzeci
HUKUKEN	zf.	Hukuksal olarak, hukuk bakımından
HULAHOP	a.	Genellikle sert plastikten büyük çember şeklinde yapılan, vücudun bel ve basen bölgesinde çevrilerek kullanılan çocuk oyuncağı ve spor aleti
HUMBARA	a.,tar.	Demir veya tunçtan dökülmüş, yuvarlak ve boş olan içine patlayıcı maddeler doldurulup havan topu veya el ile atılan, yuvarlak bir bomba türü; kumbara
HUMMALI	sf.	Humması olan
HUMUSLU	sf.	İçinde humus bulunan
HURDACI	a.	Hurda alıp satan kimse
HURUFAT	a.,esk.	Harfler
HURUŞAN	sf.,esk.	Coşan, çağlayan
HUSUMET	a.	Hasım olma durumu
HUSUSEN	zf.	► özellikle
HUŞUNET	a.,esk.	► sertlik
HUZURLU	sf.	Huzuru olan
HÜCEYRE	a.,esk.	Çok küçük hücre
HÜCRELİ	sf.	Hücresi olan
HÜCUMCU	sf.	Hücum eden, saldıran
HÜKÛMET	a.	► bakanlar kurulu
HÜKÜMLÜ	sf.,huk.	Ceza hükmü verilmiş, hüküm giymiş; mahkûm
HÜLLECİ	a.	Hülle yoluyla evlenme işini gerçekleştiren kimse
HÜLYALI	sf.	Hayal kuran veya insanı hayal kurmaya sürükleyen
HÜMAYUN	sf.,esk.	► mutlu
HÜNERLİ	sf.	Hüneri olan (kimse)
HÜSEYNİ	a.,müz.	Klasik Türk müziğinde dügâh perdesinde karar kılan bir makam
HÜVEYDA	sf.,esk.	Açıkça belli olan
HÜVİYET	a.	► kimlik
HÜZMELİ	sf.	Işık saçan
HÜZÜNLÜ	sf.	Gönle üzgünlük veren, iç kapanıklığına yol açan; hazin
IHLAMAK	nsz.	Hastalıktan veya yorgunluktan inler gibi "ıh" sesi çıkarmak
IHLAMUR	a.,bit. b.	Ihlamurgillerden, kerestesi beğenilen, büyük bir gölge ağacı (Tilia)
IHTIRMA	a.	Ihtırmak işi
IKINMAK	nsz.	Herhangi bir nedenle soluğunu içinde tutarak kendini zorlamak
IKLAMAK	nsz.,ağz.	Yük altında güçlükle solumak
ILGAMAK	-i,ağz.	Atı dörtnala sürmek
ILGARCI	a.	Ilgarla düşman toprağına saldıran kimse
ILIKÇIL	a.,bit. b.	Ortalama 15 °C sıcaklıkta yaşayan bitki; mezoterm
ILIKLIK	a.	Ilık olma durumu
ILINMAK	nsz.	Ilık duruma gelmek; ılımak
ILITMAK	-i	Ilık duruma getirmek; ılıklaştırmak
INCALIZ	a.,ağz.	Turşusu yapılan bir tür küçük yaban soğanı
IPISLAK	sf.	Çok ıslak, her yanı ıslak
IPISSIZ	sf.	Çok ıssız, ıssız
IRAKLIK	a.	► uzaklık
IRAKSAK	sf.,fiz.	Birbirinden gittikçe uzaklaşan (ışınlar, çizgiler)
IRALAMA	a.	Iralamak işi
IRGAMAK	-i,ağz.	Çabuk olmak, davranmak
IRGANMA	a.	► sallanma
IRKİYAT	a.,esk.,top. b.,ant.	► ırk bilimi
IRLAMAK	nsz.	Türkü, şarkı söylemek; yırlamak
ISFAHAN	a.,müz.	Klasik Türk müziğinde dügâh perdesindeki makamlardan biri
ISIALAN	sf.,kim.	Oluşumu sırasında ısı alan (birleşme, tepkime); endotermik
ISINMAK	nsz.	Sıcak duruma gelmek
ISIRGAN	a.,bit. b.	Isırgangillerden, her tarafı sert tüylerle kaplı, tüyleri kırıldığında karınca asidi denilen çok kaşındırıcı bir madde çıkartan bir ot (Urtica)
ISIRGIN	a.,esk.,tıp	► isilik
ISIRICI	sf.	Isırma özelliği olan
ISIRMAK	-i	Dişleri arasına alıp sıkmak
ISIRTMA	a.	Isırtmak işi
ISITICI	a.,tek.	Bir nesnenin, genellikle bir akışkanın sıcaklığını, kullanmadan önce arttırmaya yarayan alet
ISITMAK	-i	Sıcak duruma getirmek
ISKARÇA	a.,den.	Kalabalık liman
ISKARTA	a.	Bazı iskambil oyunlarında kullanılması gerekmediğinden bir yana bırakılan kâğıt
ISKATÇI	a.	Iskat verilen kimse
ISLAHAT	a.,esk.	► düzeltme
ISLAMAK	-i	► ıslatmak
ISLANIŞ	a.	Islanmak işi
ISLANMA	a.	Islanmak işi
ISLATIŞ	a.	Islatmak işi
ISLATMA	a.	Islatmak işi; ıslama
ISLIKLI	sf.	Islık çıkaran
ISPANAK	a.,bit. b.	Ispanakgillerden, yapraklarından sebze olarak yararlanılan bir bitki (Spinacia oleracea)
ISPAVLİ	a.,den.	Gemilerde kullanılan bir tür kalın sicim
ISRARCI	sf.	Israr eden
ISRARLI	sf.	Tekrarlanarak yapılan
ISSIZCA	zf.	Issız bir biçimde
ISTAKOZ	a.,hay. b.	Istakozlardan, suda yaşayan, birinci ayak çifti güçlü iki kıskaç durumunda gelişmiş bulunan, beyaz eti için avlanan iri bir böcek (Homarus vulgaris)
ISTAMPA	a.	Ağaç, metal vb. üzerine oyulduktan sonra bir yere basılan biçim
ISTILAH	a.,esk.	► terim
ISTIRAP	a.	343 ızdırap
ISTIRAR	a.	343 ıztırar
IŞIKLIK	a.,mim.	► ışık bacası
IŞIKSIZ	sf.	Işığı olmayan; ziyasız
IŞILAMA	a.	► ışıldama
IŞILDAK	a.	Karanlıkta bir hedefi aydınlatmak için kullanılan dar, uzun bir ışın demeti çıkaran ışık kaynağı; projektör
IŞITMAK	-i	► aydınlatmak
ITRİYAT	a.,esk.	Sürünülecek esans, parfüm, kolonya vb. güzel kokular
ITTIRAT	a.,esk.	Birbirini izleme, birbiri arkasından gelme, düzenli sıralanma
IZDIRAP	a.	► keder
IZTIRAR	a.,esk.	► zorunluluk
İADESİZ	sf.	İadesi olmayan
İBLİSÇE	sf.	Şeytana yakışır
İBLİSÇİ	sf.	İblise bağlanan ve tapınan
İBNELİK	a.	İbne olma durumu
İBRİKÇİ	a.,esk.	İbrikle su taşıyan kimse
İBRİKSİ	sf.	İbriği andıran, ibriğe benzeyen, ibrik gibi
İBRİŞİM	a.	Kalınca bükülmüş ipek iplik
İÇBÜKEY	sf.,mat.,fiz.	Yüzeyi düzgün ve pürüzsüz çukur biçiminde olan; obruk, mukaar, konkav
İÇERLEK	sf.	Yanındakilerden daha içeride, daha geride bulunan
İÇERMEK	-i	İçine almak, içinde bulundurmak; ihtiva etmek
İÇGÖREÇ	a.,tıp	► endoskop
İÇİLMEK	nsz.	İçme işi yapılmak
İÇİMLİK	sf.	İçilecek miktarda olan
İÇİRMEK	-i	İçmesine yol açmak, içmesini sağlamak
İÇİRTME	a.	İçirtmek işi
İÇKİSİZ	sf.	İçki içmemiş olan
İÇLENİŞ	a.	İçlenmek işi
İÇLENME	a.	İçlenmek işi veya durumu
İÇLİLİK	a.	Duygulu olma durumu; duygululuk
İÇREKÇİ	sf.	Ele alınan konuyu içeriden kavramaya çalışan
İÇTİHAT	a.,huk.	Yasada veya örf ve âdet hukukunda uygulanacak kuralın açıkça ve tereddütsüz olarak bulunmadığı konularda, yargıcın veya hukukçunun düşüncelerinden doğan sonuç
İÇTİMAİ	sf.,esk.,top. b.	► toplumsal
İÇTİNAP	a.,esk.	► sakınma
İDAMLIK	sf.	Ölüm cezası ile cezalandırılmış olan (kimse)
İDARECE	zf.	İdare yönünden, idare tarafından
İDARECİ	a.	► yönetici
İDARELİ	sf.	İdare etmesini bilen, iyi yöneten
İDDİACI	sf.	Dediğinde, iddiasında haksız da olsa direnen, inatçı (kimse)
İDDİALI	sf.	Bir iddiası olan
İDEFİKS	a.,ruh b.	► saplantı
İDENTİK	sf.,mat.	► özdeş
İDEOLOG	a.	Bir felsefi veya toplumsal öğretiye sistemli biçimde bağlanan kimse
İDMANCI	sf.	İdman yapan
İDMANLI	sf.	Düzenli idman yaparak çeviklik kazanmış olan (kimse); antrenmanlı
İFADELİ	sf.	Belli bir ifade taşıyan
İFFETLİ	sf.	İffetini koruyan, iffet sahibi; sili (II), afif, afife
İFRATLI	sf.	İfratı bulunan, aşırıya kaçan
İFRAZAT	a.,biy.	Vücuttan çıkan kan, irin, ter vb. şeyler, salgılar
İFTİHAR	a.	► övünme
İFTİTAH	a.,din b.	Açma, açılma
İĞBİRAR	a.,esk.	Birinden beklenilen davranışı göremeyince kırılma
İĞCİLİK	a.	İğcinin yaptığı iş
İĞDEMİR	a.,ağz.	Marangozlukta ağaç delmek için kullanılan çelik araç
İĞNECİK	a.,hay. b.	Bazı omurgasız hayvanlarda rastlanan silis veya kalkerden oluşmuş, iğne biçiminde küçük çıkıntı
İĞNEDAN	a.	► iğnelik
İĞNELİK	a.	Üzerine iğne saplanan küçük yastık; iğnedenlik, iğne yastığı, iğnedan, iğnedanlık
İĞRENİŞ	a.	İğrenmek işi
İĞRENME	a.	İğrenmek işi; iğrenti
İĞRENTİ	a.	► iğrenme
İĞTİNAM	a.,esk.	Ganimet yoluyla alma, yağmalama
İĞTİŞAŞ	a.,esk.	Karışıklık, kargaşa
İHATALI	sf.	Alanı geniş
İHBARCI	a.	Haber veren, bildiren kimse
İHBARLI	sf.	Önceden bildirilmiş, haber verilmiş
İHLASLI	sf.	İhlası yerinde ve sağlam olan (kimse)
İHMALCİ	sf.	► ihmalkâr
İHRACAT	a.,ekon.	Bir ülkenin ürettiği malları başka bir ülkeye veya ülkelere satması; dış satım
İHRAÇÇI	a.	► ihracatçı
İHTİFAL	a.,esk.	► anma töreni
İHTİKAN	a.,esk.	Kanın vücudun bir yerinde toplanması
İHTİKÂR	a.,esk.,tic.	► vurgunculuk
İHTİLAÇ	a.,esk.	► çırpınma
İHTİLAF	a.	► anlaşmazlık
İHTİLAL	a.	Bir ülkenin siyasal, sosyal ve ekonomik yapısını veya yönetim düzenini değiştirmek amacıyla kanunlara uymaksızın cebir ve kuvvet kullanarak yapılan geniş halk hareketi; devrim
İHTİLAM	a.,esk.	► düş azması
İHTİLAS	a.,esk.,huk.	► aşırma
İHTİLAT	a.,esk.	Karşılaşıp görüşme
İHTİMAL	a.	Bir şeyin olabilmesi durumu, olabilirlik; olasılık
İHTİMAM	a.	► özen
İHTİRAM	a.	► saygı
İHTİRAS	a.	Aşırı, güçlü istek
İHTİRAZ	a.,esk.	► çekinme
İHTİSAR	a.,esk.	Sözü kısa kesme, kısaltma
İHTİSAS	a.,esk.	► duygu
İHTİŞAM	a.	► görkem
İHTİYAÇ	a.	► gereksinim
İHTİYAR	sf.	► yaşlı (I), genç karşıtı
İHTİYAT	a.	Herhangi bir konuda ileriyi düşünerek ölçülü davranma; sakınma
İHTİZAZ	a.,esk.	► titreşme
İHZARLI	sf.,huk.	Mahkemece yapılan çağrıya uymadığı için kolluk gücüyle mahkemeye getirilmiş olan
İKBALLİ	sf.	İkbale ermiş olan, talihi olan
İKİLEME	a.	İkilemek işi
İKİNCİL	sf.	Sırada önem bakımından ikinci derecede olan; yan, tali, sekunder
İKİRCİK	a.,ağz.	► kuşku
İKİRCİL	sf.,fel.	İki anlama da gelen ve iki türlü yorumlanabilecek nitelikte olan; iki anlamlı
İKİRCİM	a.	► kuşku
İKİZLİK	a.	İkiz olma durumu
İKRAMCI	sf.	İkramda bulunmayı seven; mükrim
İKTİBAS	a.	Ödünç alma
İKTİDAR	a.	Bir işi yapabilme, bir direnmeyi yenme gücü; erk
İKTİRAN	a.,esk.	► yaklaşma
İKTİSAP	a.,esk.	► edinme
İKTİSAT	a.	► ekonomi
İLAÇLIK	sf.	İlaç yapmak için ayrılmış, ilaç yapmaya yarar
İLAÇSIZ	sf.	İlacı olmayan; biilaç
İLAVELİ	sf.	Eki olan
İLÇEBAY	a.,esk.	► kaymakam
İLENÇLİ	sf.	İçinde beddua barındıran
İLENMEK	-e	Birinin kötü bir duruma düşmesi dileğini gönlünden geçirmek veya açıkça söylemek; beddua etmek, kargımak, kargışlamak, intizar etmek
İLERİCİ	sf.	İlerlemeden yana olan, ileri düzeydeki toplumsal ve siyasi gelişmeleri benimsemiş olan (düşünce, kimse vb.); terakkiperver, gerici karşıtı
İLERİDE	zf.	Gelecekte, gelecek zamanda
İLERLEK	sf.	İlerlemiş, ileriye varmış
İLETKEN	sf.,fiz.	Akım, ısı, ses vb.ni geçiren (madde); nâkil, yalıtkan karşıtı
İLETMEK	-i	Götürmek, ulaştırmak, nakletmek, geçirmek
İLGEÇLİ	sf.	► edatlı
İLGİSİZ	sf.	İlgisi olmayan veya ilgilenmeyen; kayıtsız, aldırmaz, alakasız, lakayıt, bigâne
İLİKSİZ	sf.	İliği olmayan
İLİMSİZ	sf.	► bilimsiz
İLİSTİR	a.,ağz.	► kevgir
İLİŞKEN	a.,ağz.	Deniz dibinde batık ve atıkların oluşturduğu tabaka
İLİŞKİN	e.	“İlgisi, ilişiği olan” anlamlarında kullanılan bir söz; değgin, merbut, müteallik
İLİŞMEK	-e	Bir şeye hafifçe dokunmak
İLKELCE	sf.	► ilkel
İLKELCİ	sf.	İlkelcilik yanlısı olan (sanatçı); primitivist
İLKESEL	sf.	İlke ile ilgili
İLKOKUL	a.,eğt.	Öğrenim çağındaki çocukları ortaokula hazırlayan eğitim öğretim kurumu; beş, ilk mektep, iptidai, iptidai mektep
İLLEGAL	sf.,huk.	► yasa dışı
İLLETLİ	sf.	Hastalığı olan
İLLİYET	a.,esk.,fel.	► nedensellik
İLMEKLİ	sf.	Kolay çözülür biçimde düğümlenmiş; ilmikli
İLMÎLİK	a.	► bilimsellik
İLMİHÂL	a.,din b.	İslam dininin kurallarını öğretmek için yazılmış kitap
İLMİKLİ	sf.	► ilmekli
İLTİBAS	a.,esk.	► andırışma
İLTİFAT	a.	Birine güler yüz gösterme, hatırını sorma, tatlı davranma
İLTİHAK	a.,esk.	► katılma
İLTİHAP	a.,tıp	Vücudun mikroplara karşı koymak için herhangi bir yerine fazla kan hücumu ile orada şişkinlik, kırmızılık, ısı ve ağrı ile beliren irin toplaması; yangı, enflamasyon
İLTİMAS	a.	► kayırma
İLTİSAK	a.	Bağlantılı olma
İLTİZAM	a.,esk.	Birinin veya bir şeyin tarafını tutma
İMAMECİ	a.	İmame yapan ve satan kimse
İMAMEVİ	a.,ağz.	Kadınlara özgü cezaevi
İMAMLIK	a.	İmam olma durumu; imamet
İMANİYE	a.,esk.,din b.	► inancılık
İMANSIZ	sf.	► inançsız
İMDATÇI	a.	İmdada gelen, yardıma koşan kimse
İMGELEM	a.,ruh b.	Geçmiş yaşantılara özgü ögelerle şimdiki yaşantı arasında bağ kurma gücü; hayal gücü, imajinasyon
İMGESEL	sf.	İmge ile ilgili
İMLEMEK	-i	İm koymak, imle göstermek
İMMORAL	sf.,fel.	► töretanımaz
İMPLANT	a.,tıp	► doku ekimi
İMRAHOR	a.,tar.	Padişah ahırlarına ve onlarla ilgili gereçlere bakmakla görevli kimse
İMRENCE	a.	Herkesçe imrenilen şey veya kimse
İMRENİŞ	a.	İmrenmek işi
İMRENME	a.	İmrenmek işi; imrenti, gıpta, özenç
İMRENTİ	a.	► imrenme
İMTİHAN	a.	► sınav
İMTİSAL	a.,esk.	Bir örneğe göre davranma, uyma, benzemeye çalışma
İMTİSAS	a.,esk.	Emme, emerek çekme, soğurma
İMTİYAZ	a.	► ayrıcalık
İMTİZAÇ	a.,esk.	► uyum
İMZASIZ	sf.	İmza edilmemiş
İNADINA	zf.	Terslik olsun diye
İNAKSAL	sf.,fel.	► dogmatik
İNANÇLI	sf.	İnancı olan, bir şeye bütün varlığıyla inanmış bulunan; inanlı, itikatlı
İNANMAK	-e	Bir şeyi doğru olarak benimsemek
İNANSIZ	sf.	► inançsız
İNATLIK	a.	► inatçılık
İNCECİK	sf.	Çok ince
İNCEDEN	sf.	► ince yapılı
İNCELİK	a.	İnce olma durumu
İNCELİŞ	a.	İncelmek işi
İNCELME	a.	İncelmek işi
İNCEREK	sf.	Zayıfa yakın, incecik
İNCİNİŞ	a.	İncinmek işi
İNCİNME	a.	İncinmek işi
İNCİTİŞ	a.	İncitmek işi
İNCİTME	a.	İncitmek işi
İNCİZAP	a.,esk.	Bir şeyin cazibesine tutulup ona ilgi duyma
İNDİFAİ	sf.,esk.	Püsküren (yanardağ)
İNDİNDE	zf.,esk.	► yanında
İNDİRİM	a.,tic.	Fiyatta yapılan değer düşürümü; tenzilat, iskonto
İNDİRİŞ	a.	İndirmek işi
İNDİRME	a.	İndirmek işi; tenzil
İNDİYUM	a.,kim.	Atom numarası 49, atom ağırlığı 114,8 olan, gümüş parlaklığında, kurşundan daha kolay ezilen yumuşak bir element (simgesi In)
İNEKLİK	a.	İnek ahırı
İNFAZCI	a.	Öldürme veya cezalandırma işini yapan kimse
İNFİLAK	a.	Güçlü bir biçimde patlama
İNFİRAK	a.,esk.	► ayrılma
İNFİRAT	a.,esk.	Topluluktan ayrı durma
İNFİSAH	a.,esk.	► bozulma
İNHİDAM	a.,esk.	► yıkılma
İNHİLAL	a.,esk.	► dağılma
İNHİMAK	a.,esk.	Bir şeye aşırı düşkünlük gösterme, kapılma
İNHİRAF	a.,esk.	► sapma
İNHİSAR	a.	► tekel
İNHİTAT	a.,esk.	Son bulma, yıkılıp dağılma
İNİLMEK	nsz.	İnme işi yapılmak
İNİSYAL	a.	İlk satırın ilk harfinin büyük puntoda ve süslü yazılarla dizilme işlemi
İNKÂRCI	sf.	İnkâr eden
İNKIBAZ	a.,esk.	Büzülüp toplanma
İNKILAP	a.	Toplum düzenini ve yapısını daha iyi duruma getirmek için yapılan köklü değişiklik, iyileştirme; devrim
İNKIRAZ	a.,esk.	Bir soy veya topluluğun bireylerinden hiçbiri kalmayacak şekilde tükenmesi, son bulması
İNKISAM	a.,esk.	► parçalanma
İNKIYAT	a.,esk.	Boyun eğme
İNKİSAR	a.,esk.	► kırılma
İNKİŞAF	a.,esk.	► gelişme
İNLEMEK	nsz.	Acı, üzüntü belirten kesik sesler çıkarmak; inildemek
İNLETME	a.	İnletmek işi
İNLEYİŞ	a.	İnlemek işi
İNSAFLI	sf.	İnsafı olan
İNSANCA	sf.	İnsana yakışan, insana özgü olan, insanla ilgili; insani
İNSANCI	sf.	► insancıl
İNSANLI	sf.	Çevresinde, içinde insan bulunan
İNSANSI	sf.	İnsana benzeyen, insanı andıran; insanımsı, antropoit
İNSİCAM	a.	Benzer nesneler arasındaki veya bir bütünü oluşturan parçalar arasındaki uyum; bağdaşım
İNSİRAF	a.,esk.	► büküm
İNSİYAK	a.,esk.,ruh b.	► içgüdü
İNSÜLİN	a.,tıp	Pankreas tarafından salgılanan, kan şekeri düzeyini ayarlayan, birçok hücre için büyüme faktörü olarak görev yapan, protein yapılı bir hormon
İNŞİRAH	a.,esk.	İç açılması, gönül açılması, ferahlık
İNTİBAH	a.	► uyanma
İNTİBAK	a.	► uyum
İNTİHAL	a.	Başkalarının yazılarından bölümler, dizeler alıp kendisininmiş gibi gösterme veya başkalarının konularını benimseyip değişik bir biçimde anlatma; aşırma
İNTİHAP	a.,esk.	► seçme
İNTİHAR	a.	Bir kimsenin toplumsal ve ruhsal nedenlerin etkisi ile kendi hayatına son vermesi
İNTİKAL	a.	Bir yerden başka bir yere geçme; geçiş
İNTİKAM	a.	► öç
İNTİSAP	a.,esk.	► bağlanma
İNTİŞAR	a.,esk.	► yayılma
İNTİZAM	a.	Düzenli, düzgün olma
İNTİZAR	a.	Birinin gelmesini, bir şeyin olmasını bekleme, gözleme
İNZİBAT	a.	► disiplin
İNZİMAM	a.,esk.	► katılma
İPÇİLİK	a.	İpçinin yaptığı iş
İPİLEME	a.	İpilemek işi
İPLEMEK	-i,argo	Saygı göstermek, değer vermek
İPLİCİK	a.,hay. b.	Sığırların soluk borularına yerleşen ve ara konakçısız bulaşan, en çok 8 santimetre uzunluğunda akciğer kıl kurdu (Dictyocaulus viviparus)
İPLİKÇİ	a.	İplik yapan veya satan kimse
İPLİKSİ	sf.	İpliği andıran, ipliğe benzeyen, iplik gibi; ipliğimsi
İPSİLER	a.,hay. b.	► ipsi solucanlar
İPTİDAİ	sf.,esk.,fel.	► ilkel
İPTİZAL	a.,esk.	Bayağılaşma, ayağa düşme
İRADECİ	sf.,ruh b.,fel.	İradecilik yanlısı; istenççi, iradi, volontarist
İRADELİ	sf.,ruh b.,fel.	İradesi olan
İRADİYE	a.,esk.,ruh b.,fel.	► iradecilik
İRFANLI	sf.	İrfan sahibi (kimse)
İRİDYUM	a.,kim.	Atom numarası 77, atom ağırlığı 193,1, yoğunluğu 22,4 olan ve platin filizlerinde bulunan değerli bir element (simgesi Ir)
İRİNSİZ	sf.	İrin toplamamış; cerahatsiz
İRKİLİŞ	a.	İrkilmek işi
İRKİLME	a.	İrkilmek işi
İRKİLTİ	a.	Ürkerek geri çekilme; irkinti (II)
İRKİNTİ	a.	► irkilti
İRSİYET	a.,esk.,biy.	► kalıtım
İRTİBAT	a.	► bağlantı
İRTİCAİ	sf.	Gericilikle ilgili, gerici (davranış, tutum)
İRTİCAL	a.,esk.,ed.	► doğaç
İRTİDAT	a.	Bir kimsenin kendi iradesiyle İslam dininden çıkması
İRTİFAK	a.,esk.	► dayanma
İRTİHAL	a.,esk.	► ölüm
İRTİKÂP	a.,esk.	Kötü iş yapma, kötülük etme
İRTİSAM	a.,esk.	Resmi çıkma, resmi çizilme
İSHALLİ	sf.	İshali olan
İSİMLİK	a.	Üzerine ad yazılan tahta, plastik vb. nesne
İSİMSİZ	sf.	► adsız
İSKARTO	a.	Yapağı kırıntısı
İSKELET	a.	İnsan ve hayvan bedeninin kemik çatısı; kadit, teşrih
İSKEMLE	a.	Arkalıksız sandalye
İSKONTO	a.,tic.	► indirim
İSLAMCI	sf.	Müslümanlığın esaslarını sadece dinî hayatta değil, hukuksal, ekonomik ve siyasal düzenlemelerde de geçerli kılmak isteyen
İSLEMEK	-i	İse tutup karartmak
İSLENME	a.	İslenmek işi
İSMETLİ	sf.	Ahlak kurallarına bağlı
İSNADEN	zf.	Bir kimseye, düşünceye veya sebebe dayanarak
İSPALYA	a.	► sırık
İSPANYA	a.	Boyacılıkta kullanılan tebeşir tozu
İSPATLI	sf.	► kanıtlı
İSPİNOZ	a.,hay. b.	İspinozgillerden, gagası kısa ve koni biçiminde, sırt tüyleri yeşilimtırak mavi, boynu ve karnı kırmızı renkte, güzel sesli bir kuş (Fringilla coelebs)
İSPİRTO	a.	► alkol
İSPİYON	a.	Birinin sırlarını, davranışlarını, düşüncelerini gözleyip başkalarına bildirerek çıkar sağlama; ispiyonlama, gammazlama
İSTADYA	a.	Uzakta bulunan iki noktanın arasını ölçmekte kullanılan araç
İSTEKLİ	sf.	Bir şeye karşı isteği olan; arzulu, hevesli, talipli, heveskâr, talepkâr, müştehi
İSTEMEK	-i	İstek duymak; arzulamak
İSTEMLİ	sf.	Yapılıp yapılmaması insanın kendi isteğine bağlı olan
İSTENİŞ	a.	İstenmek işi; arzulanış
İSTENME	a.	İstenmek işi; istenilme, arzulanma
İSTERİK	sf.	► histerik
İSTEŞME	a.	İsteşmek işi
İSTETİŞ	a.	İstetmek işi
İSTETME	a.	İstetmek işi; arzulatma
İSTEYİŞ	a.	İstemek işi; arzulayış
İSTİANE	a.,esk.	Yardım isteme
İSTİARE	a.,esk.	► ödünçleme
İSTİBAT	a.,esk.	► uzaksama
İSTİCAL	a.,esk.	► ivedilik
İSTİCAR	a.,esk.	► kiralama
İSTİDAT	a.,esk.	► yetenek
İSTİFÇİ	a.	Malları, eşyayı istif eden görevli
İSTİFRA	a.,esk.	► kusma
İSTİĞNA	a.,esk.	Önerilen bir işe karşı nazlanma, nazlı davranma
İSTİHZA	a.,esk.	Gizli veya kinayeli bir biçimde alay
İSTİKRA	a.,esk.,fel.	► tümevarım
İSTİMAL	a.,esk.	► kullanma
İSTİMNA	a.,esk.	► mastürbasyon
İSTİNAF	a.,huk.	Mahkemenin verdiği kararı kabul etmeyerek bir üst mahkemeye götürme
İSTİNAS	a.,esk.	► alışma
İSTİNAT	a.	► dayanma
İSTİNGA	a.,den.	Yelkenleri toplamak için kullanılan halat
İSTİSNA	a.	Bir kimse veya bir şeyi benzerlerinden ayrı tutma
İSTİZAH	a.,esk.	Herhangi bir konuda açıklayıcı bilgi isteme, bir sorunun açıklanmasını isteme
İSTİZAN	a.,esk.	Yetki isteme
İSYANCI	sf.	► başkaldırıcı
İŞÇELİK	a.,ekon.	Küçük ölçekli iş kurmak için kullanılan kredi; mikrokredi
İŞÇİLİK	a.	İşçi olma durumu
İŞÇİMEN	a.	İşini çok seven, işini severek yapan kimse
İŞETMEK	-i	İşemesini sağlamak, işemesine yol açmak; çiş yaptırmak
İŞGALCİ	sf.	İşgal eden, ele geçiren
İŞGÜDER	a.	► maslahatgüzar
İŞGÜZAR	sf.	Gereği yokken, genellikle kendini göstermek için işe karışan (kimse)
İŞİTMEK	-i	Kulakla algılamak; duymak
İŞİTSEL	sf.	İşitimle ilgili
İŞKEMBE	a.	Geviş getirenlerin ilk ve en büyük mide bölümü
İŞKENCE	a.	Bir kimseye fiziksel veya manevi olarak yapılan aşırı eziyet
İŞKİLLİ	sf.	► kuşkucu
İŞKOLİK	sf.	► işsever
İŞLEMCİ	a.,bl.	Bilgisayarın ve programların işletilmesini sağlayan birim; merkezî işlem birimi
İŞLEMEK	-i	Bir şeye emek vererek onu daha elverişli bir duruma getirmek
İŞLENİŞ	a.	İşlenmek işi
İŞLENME	a.	İşlenmek işi
İŞLENTİ	a.,ekon.	İşleme yöntemi
İŞLETİM	a.	İşletmek işi
İŞLETİŞ	a.	İşletmek işi
İŞLETME	a.	İşletmek işi
İŞLEVCİ	a.	İşlevi yerine getiren kimse veya nesne
İŞLEYİM	a.	► sanayi
İŞLEYİŞ	a.	İşlemek işi
İŞPORTA	a.	Gezici satıcıların mallarını koymaya yarayan yayvan sepet veya bu işi gören, ona benzer araç; sergi
İŞSEVER	sf.	İşine düşkün; işkolik
İŞTAHLA	zf.	Büyük bir istekle
İŞTAHLI	sf.	Çok yemek yiyen, yemek isteği çok olan; boğazlı, müştehi
İŞTİGAL	a.,esk.	Uğraşma, ilgilenme, meşgul olma
İŞTİHAR	a.,esk.	Ün salma, tanınma
İŞTİKAK	a.,esk.	Yarılmış bir şeyin bir bölümünü alma
İŞTİRAK	a.	► paydaşlık
İŞTİYAK	a.,esk.	► özleme
İŞVEBAZ	a.	► cilveli
İŞVEREN	a.	İşçileri ücretle çalıştıran gerçek veya tüzel kişi; çalıştıran, patron (I)
İŞVESİZ	sf.	► cilvesiz
İTAATLİ	sf.	Söz dinleyen, buyruğa uyan; itaatkâr, muti
İTAYAĞI	a.	► çintemani
İTBOĞAN	a.,bit. b.	► kurtboğan
İTBURNU	a.,bit. b.	Yaban gülünün meyvesi
İTELEME	a.	İtelemek işi
İTFAİYE	a.	Yangın söndürme kuruluşu
İTHAFEN	zf.	İthaf yoluyla
İTHALAT	a.,tic.	Başka bir ülkeden mal getirme veya satın alma; dış alım
İTİBARİ	sf.	► saymaca
İTİLMEK	-e	İtme işi yapılmak
İTİNALI	sf.	► özenli
İTİŞMEK	nsz.,-le	Birbirini itmek
İTLENME	a.	İtlenmek işi
İTLEŞME	a.	İtleşmek işi
İTMİNAN	a.,esk.	► gönül rahatlığı
İTRİYUM	a.,kim.	Atom numarası 39, atom ağırlığı 88,92, yoğunluğu 4,6 olan, seryum filizlerinde bulunan, gri renkli, değerli bir element (simgesi Y)
İTTİFAK	a.	► bağlaşma
İTTİHAT	a.,esk.	Aynı düşünce etrafında toplanma
İTTİHAZ	a.,esk.	Sayma, tutma, ... olarak görme
İTTİRME	a.	İttirmek işi
İTTİSAL	a.,esk.	► bitişme
İVAZSIZ	sf.	► ödünsüz
İVDİRME	a.	İvdirmek işi
İVEDİLİ	sf.	► acil
İYİCENE	zf.,ağz.	Tam olarak, adamakıllı
İYİMSER	sf.	Genellikle her düşünce ve işi iyi olarak değerlendiren; nikbin, optimist, kötümser karşıtı
İZAFİYE	a.,esk.,fel.	► bağıntılılık
İZANSIZ	sf.	► anlayışsız
İZBELİK	a.	İzbe yer
İZCİLİK	a.	İzci olma durumu; keşşaflık
İZDİHAM	a.	Aşırı kalabalık
İZDİVAÇ	a.,esk.	► evlenme
İZİNSİZ	sf.	Ceza olarak hafta sonu veya tatil günü çıkmasına izin verilmeyen (asker veya yatılı öğrenci)
İZLEMCİ	a.	İzlem oluşturan kimse; stratejist
İZLEMEK	-i	Birinin veya bir şeyin arkasından gitmek; takip etmek
İZLENCE	a.	► program
İZLENİM	a.	Bir durum veya olayın duyular yolu ile insan üzerinde bıraktığı etki; intiba
İZLENİŞ	a.	İzlenmek işi
İZLENME	a.	İzlenmek işi
İZLETİŞ	a.	İzletmek işi
İZLETME	a.	İzletmek işi
İZLEYİŞ	a.	İzlemek işi
İZMARİT	a.,hay. b.	İzmaritgillerden, pullu ve kılçıklı bir tür küçük balık (Maena smaris)
İZOHİPS	a.,coğ.	► eş yükselti
İZOMERİ	a.,kim.	Cisimlerin niteliği
İZOMORF	a.,kim.	► eş biçim
İZOTERM	sf.,coğ.	► eş sıcak
JAKARLI	sf.	Jakarla yapılan
JAKOBEN	a.	Fransa'da Aziz Dominicus tarikatına bağlı rahip ve rahibeler
JELATİN	a.	Genellikle hekimlik ve fotoğrafçılıkta kullanılan, hayvanların kemik, kıkırdak vb. dokularından veya bitkisel yosunlardan elde edilen saydam, renksiz, kokusuz bir madde
JENERİK	a.	► tanıtma adı
JENOSİT	a.,top. b.	► soykırım
JEODEZİ	a.,jeol.	► yer ölçümü
JEOLOJİ	a.	► yer bilimi
JETONCU	a.	Jeton satan kimse
JİLETLİ	sf.	Jileti olan
JOGGİNG	a.,sp.	343 doğa yürüyüşü
JOKEYLİ	sf.	Jokeyi olan
JÖLESİZ	sf.	Jölesi olmayan
KABAHAT	a.	Uygunsuz hareket, çirkin, yakışıksız davranış
KABAKÇI	a.	Kabak yetiştiren veya satan kimse
KABALAK	a.,tar.	Birinci Dünya Savaşı'nda Osmanlı ordusunda kullanılmış olan, şapkaya benzeyen bir başlık türü
KABALIK	a.	Kaba olma durumu
KABARIK	sf.	Kabarmış olan
KABARIŞ	a.	Kabarmak işi
KABARMA	a.	Kabarmak işi
KABARTI	a.	Tümsek, çıkıntı, kabarmış yer; kabarcık
KABAŞİŞ	a.,ağz.	► kabakulak
KABLOCU	a.	Kablo üreten kimse
KABLOLU	sf.	Kablosu olan
KABOTAJ	a.,den.	Bir ülkenin iskele veya limanları arasında gemi işletme işi
KABUKLU	sf.	Kabuğu olan
KABUKSU	sf.	Kabuğu andıran, kabuğa benzeyen, kabuk gibi; kabuğumsu, kışri
KABURGA	a.,anat.	Eğe kemiklerinin oluşturduğu kafes
KÂBUSLU	sf.	Karabasan dolu, sıkıntılı ve korkulu
KAÇAKAÇ	a.	İki kişinin karşılıklı olarak gizlice sayı yazıp tahmin etmesine dayanan bir oyun
KAÇAKÇI	a.	Yasalara karşı gelerek bir yere mal sokan, bir yerden mal kaçıran veya bir yerde satan kimse
KAÇAMAK	a.	Hoş görülmeyen bir şeyi ara sıra yapma
KAÇIKÇA	sf.	Kaçığa benzer, biraz deli gibi, deliye benzer
KAÇILMA	a.	Kaçılmak işi
KAÇINCI	sf.	Kaç soru sıfatının sıra biçimi
KAÇINIK	sf.	Köşesine çekilmiş, insan içine çıkmak istemeyen (kimse); kapanık
KAÇINIŞ	a.	Kaçınma işi
KAÇINMA	a.	Kaçınmak işi
KAÇINTI	a.,ağz.	Erken doğan kuzu
KAÇIRIŞ	a.	Kaçırma işi
KAÇIRMA	a.	Kaçırmak işi
KAÇIŞMA	a.	Kaçışmak işi
KADAVRA	a.	Tıp öğretiminde, üzerinde çalışma yapılan ölü insan veya hayvan vücudu
KADAYIF	a.	Sulu ve az mayalı hamurun kızgın sac üzerinde tel tel, ufak yuvarlaklar veya büyük bir yuvarlak şeklinde kurutulmasıyla elde edilen tatlı malzemesi
KADEMLİ	sf.	► uğurlu
KADERCİ	sf.,fel.	► yazgıcı
KADILIK	a.	Kadı olma durumu
KADINCA	sf.	Kadına özgü
KADINLI	sf.	Kadını olan
KADINSI	sf.	Kadına benzer, kadın gibi; kadınımsı
KADIRGA	a.,den.	Hem yelken hem kürekle yol alan, özellikle Akdeniz'de kullanılmış bir savaş gemisi
KADROCU	sf.	Kendi düşüncesine yakın düşüncede olan insanları kadrosunda toplayan
KADROLU	sf.	Bir kuruluşta kadrosu olan, kadroya girmiş olan
KAFADAN	zf.	Zihinden, belleğini kullanarak
KAFADAR	a.	Görüş ve anlayışları birbirine uyan kimselerden her biri; baştaş, büzüktaş, kafa, kafadaş, kafa dengi
KAFADAŞ	a.	► kafadar
KAFAKOL	a.,sp.	Güreşte bir oyun türü
KAFASIZ	sf.	Kafası olmayan
KAFESÇİ	a.	Kafes yapan veya satan kimse
KAFESLİ	sf.	Kafesi olan veya kafes biçiminde olan
KÂFFESİ	zm.,esk.	Bütünü, hepsi, tamamı
KÂĞITÇI	a.	Kâğıt yapan kimse
KÂĞITLI	sf.	Kâğıdı olan
KÂĞITSI	sf.	Kâğıdı andıran, kâğıda benzeyen, kâğıt gibi; kâğıdımsı
KAĞŞAMA	a.	Kağşamak işi
KAHIRLI	sf.	Üzüntü veya acısı çok olan
KAHKAHA	a.	Yüksek sesle gülme
KAHPECE	sf.	Kahpe gibi, kahpeye yaraşır
KAHVECİ	a.	Çekirdek veya çekilmiş kahve satan kimse
KAİDECİ	sf.	► kuralcı
KAİDELİ	sf.	► kurallı
KAİMLİK	a.	Kaim olma durumu
KAKALAK	a.,hay. b.	Daha çok gemilerde görülen bir tür hamam böceği
KAKAOLU	sf.	İçinde kakao bulunan
KAKAVAN	sf.	Kendini beğenmiş, sevimsiz, düşüncesiz olan
KAKILIŞ	a.	Kakılmak işi
KAKILMA	a.	Kakılmak işi; hakkedilme
KAKIMAK	-i,ağz.	Bir kimsenin yaptığı işin beğenilmediğini kendisine sert sözlerle söylemek
KAKINTI	a.,ağz.	Sözü dinlenmeyen, rezil, itilip kakılan kimse
KAKIRCA	a.,hay. b.	Fındık faresi adıyla bilinen küçük memeli hayvan
KAKIRTI	a.	Kuru şeylerin birbirine sürtünmesinden veya kırılmasından çıkan sesin adı
KAKIŞMA	a.	Kakışmak işi
KAKMACI	a.	Kakma işleri yapan usta
KAKMALI	sf.	Üzerinde kakma işi bulunan
KÂKÜLLÜ	sf.	Kâkülü olan
KALAFAT	a.,den.	Geminin kaplama tahtaları arasını üstüpü ile doldurup ziftleyerek su geçirmez duruma getirme işi
KALAMAR	a.,hay. b.	Bir tür mürekkep balığı (Loligo vulgaris)
KALAMİN	a.,min.	Doğada az bulunan, güç işlenen, hidratlı çinko silikat
KALAMİT	a.,min.	Amfibol cinsinden bir mineral türü
KALANLI	sf.,mat.	Bölünenden artanı olmayan
KALAVRA	a.	► yemeni
KALAYCI	a.	Kap kalaylayan kimse
KALAYLI	sf.	Kalaylanmış (kap)
KALAYSI	sf.	Kalayı andıran, kalaya benzeyen, kalay gibi
KALÇALI	sf.	Kalçası geniş olan
KALÇETE	a.,den.	Elle örülerek yapılan yassı halat
KALEMİS	a.,hay. b.	Bir tür misk faresi (Civet tictis)
KALEMLİ	sf.	Kalemi olan
KALESKA	a.	Dört tekerlekli, hafif, bir tür gezinti arabası
KALGIMA	a.	Kalgımak işi
KALHANE	a.	Kal (I) işi yapılan yer
KALIMLI	sf.	► ölümsüz
KALINCA	sf.	Kalına yakın
KALINMA	a.	Kalınmak işi
KALINTI	a.	Artıp kalan şey; bakiye
KALIPÇI	a.	Kalıp yapan veya satan kimse
KALIPLI	sf.	Kalıplanmış olan
KALITÇI	a.	► mirasçı
KALITIM	a.,biy.	Çevre etkileriyle köklü olarak değiştirilemeyen özelliklerin, döllenme sırasında, dişi ve erkeğin kromozomları aracılığıyla bir kuşaktan ötekine geçmesi; soya çekim, irs, irsiyet, veraset
KALİBRE	a.	Mermilerde, ateşli silahlarda çap
KALİNİS	a.,hay. b.	► su tavuğu
KALİNOS	a.,hay. b.	Levreğe benzer bir balık
KALİPSO	a.	Jamaika'dan yayılmış iki zamanlı bir dans
KALKMAK	nsz.	Oturmaktayken veya yatmaktayken gitmek üzere yerinden ayrılmak
KALLAVİ	a.,tar.	Vezir ve sadrazamların giydikleri bir tür kavuk
KALMALI	sf.	Kalma durumunda olan
KALOMEL	a.,kim.	► tatlı sülümen
KALOTİP	a.	Yarı saydam durumdaki kâğıt üzerinde fotoğraf negatifleri elde etme yöntemi
KALPGÂH	a.,esk.	► canevi
KALPLIK	a.	► sahtelik
KALPSİZ	sf.	► merhametsiz
KALPTEN	zf.	► içten
KALSEMİ	a.,biy.	Kandaki kalsiyum miktarı
KAMANÇO	a.,argo	Yükleme, aktarma, elden ele geçirme
KAMAROT	a.	Gemilerde yolcuların hizmetine bakan görevli
KAMASIZ	sf.	Kaması olmayan
KAMAŞMA	a.	Kamaşmak işi
KAMBİYO	a.,tic.	İki ayrı ülke parasının birbiriyle değiştirilmesi
KAMBURA	a.	Kitapların ciltlenmesiyle sırt bölümünde oluşan yuvarlaklık
KAMÇILI	sf.	Kamçısı olan
KAMELYA	a.,bit. b.	Çaygillerden, büyük, beyaz, pembe veya kırmızı renkte çiçekler açan, dayanıklı yapraklı bir bitki; Japon gülü, Çin gülü (Camellia japonica)
KAMIŞLI	sf.	Kamışı olan
KAMIŞSI	sf.	Gövdesi kamış gibi boş ve boğumlu olan
KÂMİLEN	zf.,esk.	Büsbütün, toptan
KAMPANA	a.	► çan
KAMPİNG	a.	Kamp kurma yeri
KAMUFLE	sf.	Gizlenmiş
KAMUOYU	a.	Bir konuyla ilgili halkın genel düşüncesi; halkoyu, amme efkârı, umumi efkâr, efkârıumumiye
KAMUSAL	sf.	Kamu ile ilgili
KAMUTAY	a.,esk.	Türkiye Büyük Millet Meclisinin genel kurulu
KANALET	a.	► kanalcık
KANAMAK	nsz.	Vücudun herhangi bir yerinden kan akmak, kan gelmek
KANASTA	a.	Bir tür kâğıt oyunu
KANATIŞ	a.	Kanatmak işi
KANATLI	sf.	Kanadı olan
KANATMA	a.	Kanatmak işi
KANAYIŞ	a.	Kanama işi
KANCACI	a.	Metal zincir imalatında palet zincirlerinin ucundaki baklalarına özel kanca takan kimse
KANCALI	sf.	Kancası olan
KANDELA	a.,fiz.	► mum
KANGREN	a.,tıp	Vücudun herhangi bir yerindeki dokunun oraya kan gelmemesi sonucu ölmesi
KANGURU	a.,hay. b.	Kangurugillerden, Avustralya'da yaşayan, iri, otçul, memeli, ön ayakları kısa, art ayakları ile kuyruğu uzun ve güçlü, başı küçük, dişisinin karnında yavrularını taşıyacak bir kesesi bulunan keseli hayvan (Macropus giganteus)
KANIKMA	a.	Kanıkmak işi
KANIRMA	a.	Kanırmak işi
KANITLI	sf.	Kanıtı olan; ispatlı
KANİLİK	a.	Kani olma durumu
KANLAMA	a.	Kanlamak işi
KANLICA	a.,bit. b.	İğne yapraklı ağaçların bulunduğu orman zeminlerinde sonbahar aylarında yetişen, sapı ve şapkası turuncu tonlarında, berelendiğinde kırmızı sıvı salgılayan, bazitli bir tür mantar; çıntar (Lactarius deliciosus)
KANTİTE	a.	► nicelik
KANTOCU	a.	Kanto söyleyen kadın
KANUNCU	a.,müz.	Kanun çalan kimse; kanuni (II)
KANUNEN	zf.,huk.	Yasa gereğince, yasal olarak
KAPAKLI	sf.	Kapağı olan
KAPAMAÇ	a.	Kilit, sürgü, toka vb.ni kapalı tutmaya yarayan düzenek
KAPAMAK	-i	Bir açıklığı örtmek için bir şeyi, açık yerin üzerine getirmek
KAPANCA	a.	Küçük kapan
KAPANCI	a.,esk.	Kapanın başında bulunan görevli
KAPANIK	sf.	Kapanmış
KAPANIŞ	a.	Kapanmak işi
KAPANMA	a.	Kapanmak işi
KAPANTI	a.,db.	Patlayıcı ünsüzün oluşmasından önceki boğumlanma noktasının kapanması
KAPAROZ	a.,argo	Yolsuzca veya zorla elde edilen mal
KAPATIŞ	a.	Kapatmak işi
KAPATMA	a.	Kapatmak işi
KAPAYIŞ	a.	Kapamak işi
KAPICIK	a.,bit. b.	Yumurtacığın tepesinde bulunan ve yumurtacık zarlarının iyice bitişmemesinden oluşan ağız
KAPILIŞ	a.	Kapılmak işi
KAPILMA	a.	Kapılmak işi
KAPISIZ	sf.	Kapısı olmayan
KAPIŞMA	a.	Kapışmak işi
KAPİTAL	a.,ekon.	► sermaye
KAPKARA	sf.	Çok kara, her yanı kara; simsiyah
KAPLAMA	a.	Kaplamak işi; istila
KAPLICA	a.	► ılıca
KAPMACA	a.	Hızla kapma
KAPORTA	a.	Otomobilde kaput veya ön kapak
KAPSAMA	a.	Kapsamak işi
KAPUÇİN	a.,bit. b.	► Latin çiçeği
KAPUSKA	a.	Etle pişirilmiş lahana yemeği
KAPÜŞON	a.	► başlık
KARABAŞ	a.	► çoban köpeği
KARABET	a.,esk.	► yakınlık
KARAÇAM	a.,bit. b.	Gövdesi kalın, iğne şeklinde yaprakları olan,  bol reçineli bir çam türü (Pinus nigra)
KARADUL	a.,hay. b.	Sokması büyük acı veren, iri, esmer, zehirli örümcek (Latrodectus mactans)
KARADUT	a.,bit. b.	Siyah renkte olan bir tür dut
KARAGÖZ	a.,hay. b.	İzmaritgillerden, 25-30 santimetre uzunluğunda, enli, boz renkli, beyaz etli bir balık (Sargus sargus)
KARAGÜL	a.,hay. b.	► karakul
KARAKAŞ	a.,hay. b.	Genellikle Güneydoğu Anadolu'da yetiştirilen, vücudu beyaz, ağız, burun, göz etrafı, kulak ve tırnakları siyah, yağlı kuyruğunun uç kısmı fazla sarkık bir tür koyun
KARAKOL	a.	Güvenliği sağlamakla görevli kimselerin bulunduğu yapı
KARAKUL	a.,hay. b.	Asıl yurdu Buhara'da Karakul yöresi olan ve yurdumuzda da yetiştirilen, tüyleri uzun ve kıvırcık bir cins koyun; karagül
KARAKUŞ	a.,hay. b.	Kartal türünden kuşlara verilen ad
KARALIK	a.	Kara olma durumu
KARALTI	a.	► karartı
KARAMAK	-i,ağz.	Hor görmek
KARAMAN	a.,hay. b.	Orta Anadolu'da yetiştirilen, kuyruğu iri ve yağlı bir tür koyun
KARAMEL	a.	Eritilmiş ve birazı yakılmış şekerle yapılan şekerleme, karamelayakılarak kavrulmuş şekere süt, yağ, krema vb. katılarak yapılan kıvamlı şekerleme; karamela
KARAMSI	sf.	Rengi karayı andıran, karaya benzeyen, kara gibi
KARAMUK	a.,bit. b.	Karanfilgillerden, ekin tarlalarında biten, yaprakları karşılıklı, çiçeği pembe mor renkte, zararlı bir bitki (Agrostemma githago)
KARARIŞ	a.	Kararmak işi
KARARLI	sf.	Kesin karar vermiş olan
KARARMA	a.	Kararmak işi
KARARTI	a.	Uzaklık ve karanlık sebebiyle kim veya ne olduğu seçilemeyen, belli belirsiz, koyu renkli biçim; karaltı
KARASAL	sf.	Karayla, toprakla ilgili; berri
KARAŞIN	sf.	Rengi karaya çalan, esmer (kimse)
KARAVAN	a.	Bir otomobilin arkasına takılan veya hem taşıt hem konut olarak kullanılan üstü kapalı, ev özelliğinde araç
KARAVAŞ	a.,tar.	Savaşta tutsak edilen veya satın alınan kadın köle; kul
KARAVEL	a.	Çift motorlu bir uçak türü
KAREKOD	a.	Bilişim, yayımcılık, eğitim vb. alanlarda verilerin gizlendiği kare veya dikdörtgen biçiminde simge
KAREKÖK	a.,mat.	Karesi verilen bir sayıya eşit olup negatif olmayan sayı
KARFİÇE	a.	Orta boy demir çivi
KARGAŞA	a.	Kışkırtma ve karışıklık yoluyla toplumda ortaya çıkan düzen bozukluğu; anarşi
KARGIMA	a.	► ilenme
KARGOCU	a.	Bir yerden bir yere yük veya posta taşıyan kimse
KARIKMA	a.	Karıkmak işi
KARILIK	a.	Kadın olma durumu
KARILMA	a.	Karılmak işi
KARIMAK	nsz.,ağz.	► yaşlanmak
KARINLI	sf.	Karnı olan
KARINMA	a.	Karınmak işi
KARINSA	a.,ağz.	Kuşların tüy değiştirme zamanı
KARINTI	a.,den.	Anaforlarda oluşan çevrinti
KARIŞIK	sf.	Farklı nitelikteki şeylerden oluşmuş; gayrisafi
KARIŞIM	a.	Birden çok şeyin karıştırılmasıyla elde edilen veya ortaya çıkan şey; kokteyl
KARIŞMA	a.	Karışmak işi
KARİDES	a.	Denizlerde veya tatlı sularda yaşayan, yüzücü, orta büyüklükte kabuklu, eti yenir bir deniz hayvanı
KARİYER	a.	Bir meslekte zaman ve çalışmayla elde edilen aşama, başarı ve uzmanlık
KARİZMA	a.	► etkileyicilik
KARKARA	a.,hay. b.	Uzun bacaklılardan, bataklık bölgelerde yaşayan, kışı sıcak ülkelerde geçiren, başı sorguçlu turna
KARLAMA	a.	Karlamak işi
KARLICA	zf.	Karlı bir biçimde
KÂRLICA	zf.	Kârlı bir biçimde
KARMACA	a.,müz.	Sevilen müzik eserlerinden seçilmiş bölümlerin arka arkaya seslendirilmesiyle oluşan müzik parçası; potpuri
KARMAŞA	a.	Karmaşık olma durumu
KAROSER	a.	Otomobilde, mekanizmayı oluşturan motor, makine, tekerlek, şasi vb. bölümlerin dışında kalan, görünen dış bölüm
KARSTİK	sf.	Karst özelliği taşıyan, karst ile ilgili
KARŞICI	a.	Karşılamaya çıkan kimse, karşılayan
KARTEKS	a.	Veri kaydı tutma amacıyla kullanılan dayanıklı kâğıttan yapılmış bilgi kartı
KARTELA	a.	Tombala vb. oyunlarda sayıların yazılı olduğu kart
KARTLIK	a.	Kart olma durumu
KARTOPU	a.,bit. b.	Hanımeligillerden, birçok türü süs bitkisi olarak yetiştirilen, zeytinimsi, meyvemsi, kırmızı renkte bir ağaççık (Viburnum)
KARTSIZ	sf.	Kartı bulunmayan
KARYOLA	a.	Üzerine yatak konulup yatılan tahta veya metal ev eşyası
KASADAR	a.	► kasiyer
KASALIK	sf.	Kasa yapmaya uygun (tahta vb.)
KASAVET	a.,esk.	► sıkıntı
KÂSECİK	a.	Küçük kâse
KASETÇİ	a.	Kaset satan kimse
KASILIŞ	a.	Kasılmak işi
KASILMA	a.	Kasılmak işi; takallüs
KASINMA	a.	Kasınmak işi
KASINTI	a.	Giyeceği daraltmak veya kısaltmak için yapılan eğreti dikiş
KASIRGA	a.,meteor.	Rüzgâr çizelgesinde hızı 64 veya daha fazla deniz mili olan ve kuvveti 12 ile gösterilen şiddetli, yıkıcı  rüzgâr
KASITLI	sf.	İsteyerek, bilerek yapılan
KASİYER	a.	Ticari kuruluşlarda kasa başında oturarak para alıp kasa fişi veya para üstü veren kimse; kasadar
KASKATI	sf.	Çok sert, çok katı
KASKOCU	a.	Kasko işlemlerini yapan kimse veya kuruluş
KASKOLU	sf.	Kaskosu bulunan
KAŞALOT	a.,hay. b.	► ispermeçet balinası
KAŞANMA	a.	Kaşanmak işi
KAŞARLI	sf.	Kaşarla yapılmış
KAŞEKSİ	a.,tıp	Kötü beslenme, süreğen veya kötücül bir hastalığın seyri sırasında oluşan ileri derecede zayıflık, bitkinlik ve çöküntü durumu
KAŞESİZ	sf.	Kaşesi olmayan
KAŞIKÇI	a.	Kaşık yapan veya satan kimse
KAŞIMAK	-i	Vücudun herhangi bir yerindeki kaşıntıyı gidermek için tırnakla veya başka bir şeyle deriyi hafifçe ovmak
KAŞINIŞ	a.	Kaşınmak işi
KAŞINMA	a.	Kaşınmak işi
KAŞINTI	a.	Vücutta kaşınma isteği uyandıran duygu
KAŞITMA	a.	Kaşıtmak işi
KAŞLAMA	a.	Kaşlamak işi
KATAFOT	a.	Dışarıdan gelen bir ışığın etkisiyle geceleyin ışıklı görünen reflektör
KATALİZ	a.,kim.	Bir maddenin kimyasal bir tepkimede hiçbir değişmeye uğramadan tepkimenin olmasını veya hızının değişmesini sağlayan etkisi
KATALOG	a.	Kütüphanedeki kitapları veya belli bir daldaki gereçleri, nitelikleri bakımından tanıtmak, arandıklarında bulunmalarını sağlamak amacıyla, yer numaraları belirtilerek hazırlanmış kitap, defter veya fişten oluşan bütün; fihrist
KATALPA	a.,bit. b.	İki çeneklilerden, yaprakları çok iri ve kalp biçiminde, çiçekli bir süs bitkisi (Bignonia catalpa)
KATEDİŞ	a.	Katetmek işi
KATETER	a.	Teşhis ve tedavi amacıyla vücut boşluklarına, damarlar içine ilaç veya sıvı vermek veya almak için özel olarak hazırlanmış tüp
KATETME	a.	Katetmek işi
KATIKÇI	a.	Süt ürünleri satan kimse
KATIKLI	sf.	İçinde katık bulunan
KATILAN	a.,huk.	► müdahil
KATILIK	a.	Katı (I) olma durumu
KATILIM	a.	Katılmak işi; iştirak
KATILIŞ	a.	Katılmak işi
KATILMA	a.	Katılmak işi; katışma, iltihak, inzimam
KATINTI	a.	Birbirine katılmış karışık şeylerin her biri
KATIRCI	a.	Katırlarını kira ile işleten veya katırlarla eşya taşıyan kimse
KATIŞIK	sf.	İçine başka şeyler karışmış olan; mahlut
KATIŞMA	a.	► katılma
KATİYEN	zf.	► asla
KATİYET	a.,esk.	► kesinlik
KATKICI	sf.	Katkıda bulunan
KATKILI	sf.	İçine yabancı madde katılmış olan, karışık, saf olmayan
KATLAMA	a.	Katlamak işi
KATLİAM	a.,top. b.	► kırım
KATMALI	a.,sin.	Cismin üç ana renkteki görüntüsünün tek bir film üzerinde yer aldığı, bir renkli film işlemi
KATSAYI	a.,mat.	Bir niceliğin kaç katı alındığını gösteren sayı; emsal
KAVAKÇI	a.	Kavak yetiştiren kimse
KAVALCI	a.	Kaval yapan, satan veya çalan kimse
KAVALYE	a.	Kadına, dansta eş olan veya bir yerde, toplantıda arkadaşlık eden erkek
KAVANÇO	a.,den.	Yelkeni bir bordadan öbür bordaya geçirme
KAVANOZ	a.	Plastik, cam vb. maddelerden yapılmış ağzı geniş, çeşitli boylarda kap
KAVASYA	a.,bit. b.	► acı ağaç
KAVGACI	a.	Kavga etmeyi seven, kavga çıkaran kimse; dalaşkan
KAVGALI	sf.	Kavgayla yapılan veya içine kavga karışan; nizalı
KAVİLİK	a.	► sağlamlık
KAVİLYA	a.,den.	Yelkenin kasa ve halat dikişlerinde, kollar arasını açmak için kullanılan, sivri ağaç veya demirden yapılmış sert parça
KAVİSLİ	sf.	Kavisi olan; mukavves
KAVKILI	sf.	Kavkısı olan (hayvan)
KAVLAMA	a.	Kavlamak işi
KAVRAMA	a.	Kavramak işi
KAVUKÇU	a.	Kavuk yapan veya satan kimse
KAVUKLU	sf.	Kavuk giymiş
KAVUNCU	a.	Kavun satan kimse
KAVUNSU	sf.	Kavunu andıran, kavuna benzeyen, kavun gibi; kavunumsu
KAVURGA	a.,ağz.	Buğday, mısır vb. tahılların kuru yemiş gibi yenilmek için ateşte kavrulmuşu
KAVURMA	a.	Kavurmak işi
KAVURUŞ	a.	Kavurmak işi
KAVUŞMA	a.	Kavuşmak işi; muvasala, telaki, vasl, visal
KAVUŞUM	a.,gök b.	Yer yuvarlağı bir uçta kalmak üzere, yerin, Güneş'in ve herhangi bir gezegenin bir doğru üzerine gelmeleri; içtima
KAVZAMA	a.	Kavzamak işi
KAYAĞAN	sf.	Üzerinde kolaylıkla kayılan; kaypak
KAYAKÇI	a.	Kayak yapan sporcu
KAYALIK	a.	Kayası çok olan yer
KAYARTO	a.,argo	Ahlaksız kimse
KAYDİYE	a.,esk.	Kayıt için alınan para
KAYETME	a.	► kusma
KAYGANA	a.	Yoğurt, yumurta ve sıvı yağ çırpıldıktan sonra üzerine un eklenerek hazırlanan koyu kıvamdaki hamurun tavaya kaşık kaşık dökülmesiyle yapılan bir tür hamur işi; kaşık dökmesi
KAYGILI	sf.	Kaygısı olan; tasalı, endişeli, gamlı, mağmum
KAYIKÇI	a.	Kayıkla insan veya yük taşıyan kimse
KAYINÇO	a.	Kayınbiraderlere sevgi yollu söylenen söz
KAYINTI	a.,ağz.	Açlık bastırmaya, atıştırılmaya yarar yiyecek
KAYIRIŞ	a.	Kayırmak işi
KAYIRMA	a.	Kayırmak işi; koltuk, iltimas
KAYIŞÇI	a.	Kayış yapan veya satan kimse
KAYITIM	a.,fel.	Bir olayın kendi sebepleri üzerindeki tepkisi; rücu
KAYITLI	sf.	Kaydı yapılmış, kayda geçirilmiş olan; mukayyet
KAYITMA	a.	Kayıtmak işi
KAYMACA	a.	Kayılarak oynanan bir çocuk oyunu
KAYNAMA	a.	Kaynamak işi; galeyan
KAYNANA	a.	Karı kocaya göre birbirlerinin annesi; kayınvalide, hanımanne
KAYNATA	a.	Karı kocaya göre birbirlerinin babası; kayınbaba, kayınpeder, babalık
KAYRACI	sf.	Kayracılık yanlısı olan; providansiyalist
KAYŞAMA	a.	Kayşamak işi
KAZAMAT	a.,ask.	Obüslerden, bombalardan korunmak için yerin altına kazılmış siper
KAZANCI	a.	Kazan yapan, satan veya onaran usta
KAZANIM	a.	Kazanmak işi
KAZANIŞ	a.	Kazanmak işi
KAZANMA	a.	Kazanmak işi; kesp
KAZASIZ	sf.	Kazaya uğramadan yapılan
KAZASKA	a.	Kafkasya kökenli, hızlı oynanan bir halk dansı
KAZBOKU	a.,tkz.	Kirli sarı renk
KAZIKÇI	a.,tkz.	Alışverişte aldatan, pahalı mal satan kimse
KAZIKLI	sf.	Kazığı olan, kazıkla desteklenmiş olan
KAZILIŞ	a.	Kazılmak işi
KAZILMA	a.	Kazılmak işi
KAZIMAK	-i	Bir aleti sürterek bir şeyin yüzündeki tabakayı kaldırmak
KAZIMIK	a.,ağz.	Süt, muhallebi ve yemek pişerken tencerenin dibinde yanan yapışkan bölüm
KAZINMA	a.	Kazınmak işi
KAZINTI	a.	Kazıyarak çıkarılan parça
KAZITMA	a.	Kazıtmak işi
KAZIYIŞ	a.	Kazımak işi
KAZMACI	a.	Kömür ocaklarında kazma ile kömür çıkaran işçi
KAZOLİT	a.,min.	Hidratlı doğal kurşun ve uranyum silikat
KAZULET	sf.	► kocaman
KAZURAT	a.,esk.,biy.	► dışkı
KEBAPÇI	a.	Kebap yapıp satan kimse
KEBAPLI	sf.	Kebabı olan, içine kebap konulmuş olan
KEBZECİ	a.	Koyunların kürek kemiğine bakarak gelecekten haber verdiğini ileri süren kimse
KEÇİLER	a.,hay. b.	Keçileri ve çeşitli koyun türlerini içine alan, dağlık, kayalık yerlerde yaşayan, hafif yapılı, çevik, geviş getiren hayvanlar sınıfı
KEÇİLİK	a.	İnatçılık etme
KEDERLİ	sf.	Keder içinde olan; ızdıraplı, mükedder
KEFALET	a.,huk.	Birinin borcunu ödememesi veya verdiği sözü yerine getirmemesi durumunda bütün sorumluluğu üzerine alma durumu; kefillik
KEFARET	a.,din b.	İşlenmiş bir günah, suç veya kabahatin bağışlanması için dinî bakımdan verilmesi veya yapılması gereken şey 
KEFENCİ	a.	Cenaze gereçleri satan kimse
KEFENLİ	sf.	Kefene sarılmış
KEFESİZ	sf.	Kefesi olmayan
KEHANET	a.	Bir olayın gerçekleşeceğini önceden bilme; kâhinlik, ön deyi, prediksiyon
KEKELİK	a.	► kekemelik
KEKİKLİ	sf.	Üzerine veya içine kekik konulmuş olan
KEKLEME	a.	► kandırma
KELEPÇE	a.	Tutukluların kaçmasını önlemek için bileklerine takılan demir halka; bilezik
KELEPÇİ	a.	Kelep işiyle uğraşan kimse
KELEPİR	a.	Değerinden çok aşağı bir fiyatla alınan veya alınabilecek olan şey; okazyon
KELİFİT	a.,min.	Hidratlı doğal magnezyum silikat
KELLECİ	a.	Kelleyi pişiren veya satan kimse
KEMAKÂN	zf.,esk.	Önceden olduğu gibi, eskisi gibi
KEMANCI	a.	Keman çalan kimse; gıygıycı, kemani
KEMANÇE	a.,müz.	► kemençe
KEMENÇE	a.,müz.	Yayla çalınan, kemana benzer, üç teli olan küçük bir çalgı; kemançe
KEMERCİ	a.	Kemer yapıp satan kimse
KEMERLİ	sf.	Üzerinde kemeri olan veya kemer takılmış olan
KEMİKLİ	sf.	Kemiği olan
KEMİKSİ	sf.	Kemiği andıran, kemiğe benzeyen, kemik gibi; kemiğimsi
KEMİRİŞ	a.	Kemirmek işi
KEMİRME	a.	Kemirmek işi
KEMİYET	a.,esk.	► nicelik
KENARCI	a.	Deniz kıyılarında avlanan balıkçı
KENARLI	sf.	Herhangi bir biçimde kenarı olan
KENELER	a.,hay. b.	Eklem bacaklı hayvanlardan, örümceğimsiler sınıfına giren bir takım
KENETLİ	sf.	Kenedi olan
KENEVİR	a.,bit. b.	Kendirgillerden, sapındaki liflerden halat, çuval vb. kaba örgüler yapılan, iki evcikli bir bitki; kendir (Cannabis sativa)
KENTSEL	sf.	Şehirle ilgili
KENTTAŞ	a.	Aynı kentten olanlardan her biri
KEPÇECİ	a.	Tahıl, kömür, kum vb.nin yüklenip boşaltılmasında kullanılan motorlu aracı kullanan kimse
KEPÇELİ	sf.	Kepçesi olan
KEPEKÇİ	a.	Kepek satan kimse
KEPEKLİ	sf.	İçinde kepeği olan
KEPENEK	a.	Çobanların omuzlarına aldıkları dikişsiz, kolsuz, keçeden üstlük; aba (II)
KERAHET	a.,esk.	► tiksinme
KERAMET	a.	Ermiş kimselerin gösterdiklerine inanılan, doğaüstü, şaşkınlık uyandırıcı davranış veya durum
KERATİN	a.,anat.	Tırnak, boynuz, kıl gibi üst deri ürünü olan yapıları oluşturan proteinli madde
KEREMLİ	sf.	► kerem sahibi
KEREMPE	a.,coğ.	Denize doğru uzanan taşlık burun
KERESTE	a.	Tomrukların boyuna biçilmesiyle elde edilen ve marangozlukla inşaatta kullanılan nitelikli ağaç
KEREVET	a.	Üzerine şilte serilerek yatmaya veya oturmaya yarayan, duvara bitişik, ayakları olan, tahtadan sedir
KEREVİT	a.,hay. b.	Kabuklular sınıfından, çamurlu tatlı sularda yaşayan bir eklem bacaklı; tatlısu ıstakozu, karavide (Potamobius fluviatilis)
KEREVİZ	a.,bit. b.	Maydanozgillerden, kökleri ve yaprakları sebze olarak kullanılan kokulu bir bitki (Apium graveolens)
KERHANE	a.,esk.	► genelev
KERİZCİ	a.,argo	► çalgıcı
KERRAKE	a.,esk.	İnce softan hafif ve dar bir üstlük
KERTMEK	-i	► çentmek
KESAFET	a.,esk.	► çokluk
KESECİK	a.,anat.	Kulağın dolambacında bulunan ve lenf ile dolu olan küçük zarsı organ
KESEDAR	a.,esk.	Zengin kimselerin parasını yöneten ve gerekli harcamaları yapan kimse; vekilharç
KESEKLİ	sf.	Parça parça kabarmış olan (toprak)
KESENEK	a.,ekon.	Görevlilerin aylıklarından her ay belli oranda kesilip bir sosyal güvenlik kurumuna yatırılan para
KESESİZ	sf.	Kesesi olmayan
KESİKLİ	sf.	Kesikleri olan
KESİLİŞ	a.	Kesilmek işi
KESİLME	a.	Kesilmek işi
KESİMCİ	a.	► kesenekçi
KESİNME	a.	Kesinmek işi
KESİNTİ	a.	Kesilen parça
KESİRLİ	sf.	Kesir niteliğinde olan (sayı)
KESİŞEN	sf.,mat.	Bir nokta veya çizgi üzerinde birbirini kesip geçen (çizgiler veya yüzeyler)
KESİŞİM	a.	Kesişmek işi
KESİŞME	a.	Kesişmek işi
KESİTLİ	sf.	Kesiti olan
KESMECE	sf.	Kesilip müşteriye gösterilerek satılan (kavun, karpuz)
KESTANE	a.,bit. b.	Kayıngillerden, ılıman iklimlerde yetişen, 25-30 metre kadar boylanabilen, kerestesi doğramacılıkta kullanılan bir orman ağacı (Castanea sativa)
KESTERE	a.	► kitre
KEŞKELİ	sf.	Herhangi bir pişmanlık, bahane ileri süren
KEŞLEME	a.	Keşlemek durumu
KETHÜDA	a.,tar.	Zengin kimselerin ve devlet büyüklerinin buyruğunda çalışan, onların birtakım işlerini gören kimse; kâhya
KEVELCİ	a.	Deri ve kürk satan kimse
KEYİFLİ	sf.	Keyfi yerinde olan
KEZALİK	zf.	► keza
KIÇÜSTÜ	zf.	Kıçı yere gelmiş durumda
KIDEMCE	zf.	Bir işte deneyim ve süre bakımından, kıdeme göre
KIDEMLİ	sf.	Bir işte eski ve deneyimi çok olan
KIKIRTI	a.	Kıkırdama sırasında çıkan sesin adı
KILAVUZ	a.	Yol gösteren kimse; rehber, delil
KILGILI	sf.	► uygulamalı
KILIBIK	sf.	Karısının baskısı altında bulunan (erkek); karısı köylü, kazak karşıtı
KILIÇÇI	a.	Kılıç yapan veya satan kimse
KILIÇLI	sf.	Kılıç taşıyan
KILIFÇI	a.	Kılıflama işini yapan kimse
KILIFLI	sf.	Kılıfı olan veya kılıf içinde bulunan
KILIKLI	sf.	Herhangi bir kılıkta olan; kıyafetli
KILINIŞ	a.	Kılınmak işi
KILINMA	a.	Kılınmak işi
KILLICA	zf.	Kıllı bir biçimde
KILÜKAL	a.,esk.	► dedikodu
KIMILTI	a.	► kıpırtı
KINACIK	a.	Buğday pası mantarının, tahıl bitkilerinin sap ve yapraklarında oluşturduğu pas rengindeki hastalık
KINAMAK	-i	Yapılan bir işin kötü olduğunu belirtir bir biçimde söz söylemek; takbih etmek
KINANMA	a.	Kınanmak işi
KINASIZ	sf.	Kına ile boyanmamış
KINAYIŞ	a.	Kınamak işi
KINDIRA	a.,ağz.	Sulak yerlerde yetişen, ince uzun yapraklarının kenarları keskin, koyu renkli bir tür çayır otu
KINLAMA	a.	Kınlamak işi
KIPIRTI	a.	Çok hafif ve sürekli kımıldama; kımıltı
KIPIŞIK	sf.	Yarı kapalı (göz)
KIPKISA	sf.	Çok kısa
KIPRAMA	a.	► kımıldama
KIRACAK	a.	Nalbantların atın tırnağını kesmek için kullandıkları keskin demir alet
KIRANTA	sf.	Saçları ağarmaya başlamış (erkek)
KIRIKÇI	a.	Kırıkları düzelten kimse; sınıkçı
KIRILIM	a.	Kırılmak işi
KIRILIŞ	a.	Kırılmak işi
KIRILMA	a.	Kırılmak işi
KIRINIM	a.,fiz.	Işık, ses ve radyoelektrik dalgalarının karşılaştığı bazı engelleri dolanarak geçmesi olayı; difraksiyon
KIRINMA	a.	Kırınmak işi
KIRINTI	a.	Bir şeyden ayrılan küçük parça; parçacık, kırık (I)
KIRIŞIK	sf.	Kırışmış olan
KIRIŞMA	a.	Kırışmak işi
KIRITIM	a.	Kırıtmak işi
KIRITIŞ	a.	Kırıtmak işi
KIRITMA	a.	Kırıtmak işi
KIRKICI	a.	Davarların yün veya kıllarını kırkan kimse; kırkımcı
KIRKLAR	a.,din b.	Kırk kişilik evliya topluluğu
KIRKLIK	sf.	Kırk tanesi bir arada olan veya içinde aynı şeyden kırk tane bulunan
KIRKMAK	-i	Bir şeyi uçlarından kesmek
KIRKYIL	zf.,mec.	Çok uzun süre
KIRLENT	a.	Çiçek veya yaprak işlemeli süs
KIRMACI	a.	Giysilere pile yapan kimse
KIRMALI	sf.	► pileli
KIRMIZI	a.	Kanın rengi; al (I)
KIRPMAK	-i	Parçalara ayırmak, kesmek
KISACIK	sf.	Çok kısa; kısarak
KISADAN	zf.	► kısaca
KISALIK	a.	Kısa olma durumu
KISALIŞ	a.	Kısalmak işi
KISALMA	a.	Kısalmak işi
KISARAK	sf.	► kısacık
KISASEN	zf.	Kısas olarak
KISAYOL	a.,bl.	Bilgisayar ekranında bir programa kestirmeden ulaşmayı sağlayan simge
KISIKÇA	sf.	Biraz kısılmış
KISILIŞ	a.	Kısılmak işi
KISILMA	a.	Kısılmak işi
KISINMA	a.	Kısınmak işi
KISINTI	a.	Her türlü gereksinimi karşılamada tutumlu davranma; kısma, azaltma
KISITLI	sf.,huk.	Kısıtlanmış, kısıt altına alınmış; mahcur
KISKACI	a.	Soğan tohumundan arpacık soğanı yetiştiren kimse
KISKANÇ	sf.	Kıskanma huyunda olan (kimse); günücü, haset, hasetçi, hasetli, hasut
KIŞLAMA	a.	Kışlamak işi
KITASAL	sf.	Kıta ile ilgili; kıtavi
KITIKLI	sf.	İçine kıtık konmuş olan
KITIRCI	a.,argo	Çok yalan söyleyen kimse
KITIRTI	a.	Kıtırdama sırasında çıkan sesin adı
KITLAMA	a.	Kıtlamak işi
KIVAMLI	sf.	Gereken kıvamı bulmuş olan; özlü
KIVANIŞ	a.	Kıvanmak işi
KIVANMA	a.	Kıvanmak işi
KIVIRIŞ	a.	Kıvırmak işi
KIVIRMA	a.	Kıvırmak işi
KIVRAMA	a.	Kıvramak işi
KIYAFET	a.	► giysi
KIYAKÇI	a.	At yetiştirilen haralarda hayvanların çiftleşmesine yardım eden görevli
KIYAMET	a.,din b.	Tek tanrılı dinlerin inanışına göre dünyanın sonu ve bütün ölülerin dirilerek mahşerde toplanacağı zaman; hesap günü, kıyamet günü, mahşer günü
KIYASEN	zf.,esk.	Kıyas edilerek, kıyas yoluyla
KIYIDAŞ	a.	Aynı denizde kıyısı olan ülke veya şehirlerden her biri; sahildar
KIYILIK	a.	Sayanın kenarlarını sağlamlaştırmak ve güzelleştirmek için dikilen şerit biçimindeki parça
KIYILMA	a.	Kıyılmak işi
KIYIMLI	sf.	Herhangi bir biçimde kıyılmış olan
KIYINMA	a.	Kıyınmak işi
KIYINTI	a.	Açlık sebebiyle midede duyulan eziklik
KIYIŞMA	a.	Kıyışmak işi
KIYMALI	sf.	İçinde kıyma bulunan (yemek)
KIZAKLI	sf.	Kızağı olan
KIZAMIK	a.,tıp	Genellikle küçük yaşlarda görülen, kuluçka dönemi bir iki hafta süren, bulaşıcı, ateşli, ufak kızıl lekeler döktüren hastalık
KIZARIK	sf.	Kızarmış olan
KIZARIŞ	a.	Kızarmak işi
KIZARMA	a.	Kızarmak işi
KIZARTI	a.	Vücutta kızarmış yer; kızıllık
KIZILCA	sf.	Kızıla çalan, az kızıl
KIZILIŞ	a.	Kızılmak işi
KIZILMA	a.	Kızılmak işi
KIZILSI	sf.	► kızılımsı
KIZILTI	a.	Bir yerden yansıyan hafif kızıl renk, solgun kızıl
KIZIŞIK	sf.	Kızışmış olan
KIZIŞMA	a.	Kızışmak işi; kösnülme
KIZMACA	a.	Kızmaya, öfkelenmeye dayanan davranış
KİBARCA	zf.	Kibar bir insana yakışacak biçimde; kibarcasına
KİBİRLİ	sf.	Kendini büyük gören, büyüklenen; gururlu, mütekebbir
KİFAYET	a.	Yeterli miktarda olma, yetme, kâfi gelme
KİKİRİK	a.	Zayıf, ince, uzun boylu kimse
KİLERCİ	a.,esk.	Saraylarda, büyük konaklarda kiler işlerini yöneten kimse
KİLİMCİ	a.	Kilim dokuyan veya satan kimse
KİLİTLİ	sf.	Kilidi olan
KİLLEME	a.	Killemek işi
KİLOJUL	a.,fiz.	Bin jul değerinde iş birimi
KİLOLUK	sf.	Herhangi bir kilo ağırlığında
KİLOTON	a.,mat.	Değeri bin ton olan kütle birimi
KİLOVAT	a.,fiz.	Bin vatlık bir güç birimi
KİMYACA	zf.	Kimya bakımından
KİMYACI	a.	Kimya ile uğraşan kimse; kimyager
KİMYEVİ	sf.	► kimyasal
KİMYONİ	a.	► kimyon rengi
KİNETİK	sf.,fiz.	Hareketle ilgili, hareket sebebiyle oluşan
KİNİNLİ	sf.	İçinde kinin bulunan
KİRALIK	sf.	Kiraya verilecek olan
KİRDECİ	a.	Kirde yapan veya satan kimse
KİREÇÇİ	a.	Kireç taşından kireç elde eden veya satan kimse
KİREÇLİ	sf.	Birleşiminde kireç olan veya kireci çok olan
KİREÇSİ	sf.	Kireci andıran, kirece benzeyen, kireç gibi; kirecimsi
KİREMİT	a.	Çatıları örtmekte kullanılan, yan yana dizilerek suyu aşağıya geçirmeden dışarı akıtacak biçimde yapılmış, kızıl toprağın renginde, pişmiş balçık levha
KİRİŞÇİ	a.	Kiriş yapan veya satan kimse
KİRİŞLİ	sf.	Kirişi olan
KİRİZMA	a.	Toprağı derince kazarak altını üstüne getirme
KİŞİLİK	a.	Bir kimseye özgü belirgin özellik, manevi ve ruhsal niteliklerinin bütünü; şahsiyet
KİŞİSEL	sf.	Kişi ile ilgili, kişiye ilişkin, kişinin kendi malı olan; şahsi, zatî
KİŞMİRİ	sf.	► çekici
KİŞNEME	a.	Kişnemek işi
KİTABET	a.,esk.	► sekreterlik
KİTAPÇA	zf.	Kitabın yazdığına göre
KİTAPÇI	a.	Kitap satan kimse veya yer
KİTAPLI	sf.	Kitabı olan
KİYANUS	a.,kim.	Doğada serbest olarak bulunmayan fakat birçok cismin birleşimine giren, karbon ve azottan oluşan bir gaz
KİYASET	a.,esk.	Akıllıca davranış
KLAKSON	a.	► korna
KLARNET	a.,müz.	Tahtadan, metal perdeli, orkestrada önemli yeri olan bir üflemeli çalgı; gırnata
KLASLIK	a.	Klas olma durumu
KLASMAN	a.	► bölümleme
KLAVSEN	a.,müz.	Klavyeli ve telli bir çalgı; çembalo, çimbali
KLİMALI	sf.	Kliması olan
KLİNKER	a.	Çimento yapımında fırından ezilmeden çıkan pişirme ürünü
KLİŞECİ	a.	Klişe yapan kimse
KOAPTÖR	a.	► cebire
KOCABAŞ	a.,hay. b.	İspinozgillerden, 18 santimetre uzunluğunda, sırtı kahverengi, karnı pembe bir tür kuş; flurcun (Cocothraustes coccothraustes)
KOCALIK	a.	Bir kadına koca olma durumu
KOCALMA	a.	► yaşlanma
KOCAMAK	nsz.	► yaşlanmak
KOCAMAN	sf.	Çok iri; koca (II), cesim, kazulet
KOCASIZ	sf.	Kocası olmayan (kadın); ersiz
KOCATMA	a.	► kocaltma
KOCAYIŞ	a.	Kocamak işi
KOÇANCI	a.	Koçan işleriyle uğraşan kimse
KOÇBAŞI	a.	Bir veya birkaç kişi tarafından taşınan, kol gücüyle vurularak genellikle kapıları kırmakta kullanılan demir araç
KOÇSAMA	a.	Koçsamak durumu
KODAMAN	a.,alay	İleri gelen, para veya makam sahibi kimse
KODLAMA	a.	Kodlamak işi
KOFALIK	a.	Kofanın çok bulunduğu yer
KOHENİT	a.,min.	Gök taşlarında bulunan demir, nikel ve kobalt karbür
KOKARCA	a.,hay. b.	Etoburlardan, orta boyda, kendini korumak için düşmanına kötü kokulu sıvı fışkırtan, ince, uzun bir kürk hayvanı (Mephitis mephitis)
KOKETRİ	a.	Beğenilme merakı
KOKLAMA	a.	Koklamak işi
KOKOREÇ	a.	Şişe sarılarak kor ateşte kızartılan, kuzu bağırsağından yiyecek
KOKOROZ	a.	► mısır
KOKTEYL	a.	Türlü içkiler karıştırılarak yapılan içki
KOKUSUZ	sf.	Kokusu olmayan
KOKUŞMA	a.	Kokuşmak işi; infisah
KOKUŞUK	sf.	► kokmuş
KOKUTMA	a.	Kokutmak işi
KOLAÇAN	a.	Herhangi bir amaçla çevreyi dolaşıp pek belli etmeksizin gözden geçirme
KOLAJEN	a.	Hareket sisteminin yapı taşlarını, özellikle kemik, lif ve eklemleri oluşturan protein
KOLAJLI	sf.	Kolaj yapılmış olan
KOLANCI	a.	► yedekçi
KOLASIZ	sf.	Kolası olmayan
KOLAYCA	sf.	Oldukça kolay
KOLAYCI	sf.	Bir işi yaparken kolay ve kestirme yolu seçen (kimse)
KOLAYDA	zf.	Kolay bulunabilir yerde; el altında
KOLBAŞI	a.	Herhangi bir ekibin, grubun, iş takımının başı
KOLEDOK	a.,anat.	► öd kanalı
KOLEJLİ	a.	Kolej öğrencisi
KOLİBRİ	a.,hay. b.	Kolibrigillerden, Amerika'da yaşayan, çok renkli, geriye doğru uçma özelliği olan, uzun gagalı, küçük göçmen kuş
KOLLAMA	a.	Kollamak işi
KOLOFAN	a.,min.	Hidratlı doğal kalsiyum sülfat
KOLONYA	a.	İçinde limon, lavanta, tütün vb. bitkilerin yağı bulunan, hafif kokulu alkollü bir madde
KOLORDU	a.,ask.	Değişik sayıda tümen ve savaş destek birliklerinden kurulu büyük askerî birlik
KOLPOCU	a.	► dalavereci
KOMALIK	sf.	Koma durumuna gelmiş
KOMANDO	a.,ask.	Özel yetiştirilmiş askerlerden oluşan birlik
KOMBİLİ	sf.	Kombi tesisatı döşenmiş
KOMBİNA	a.	Birkaç sanayi kuruluşunun tek yönetimde birleşmesi
KOMBİNE	sf.	► toplu
KOMEDYA	a.	► güldürü
KOMİSER	a.	Güvenlik teşkilatının meslek aşamaları içinde yer alan, il, ilçe veya bucaklarda bulundukları yerin emniyet ve asayişine ait işleri yöneten, üniformalı veya sivil memur
KOMODİN	a.	Karyolanın yanı başına konulan üstü masa biçimindeki küçük dolap; komot
KOMODOR	a.,den.	Albay veya yarbay rütbesinde olmakla birlikte kumanda ettiği deniz birliği sebebiyle amiral yetkileri ile donatılmış komutan
KOMPAKT	a.	► yoğun
KOMPOST	a.	Bitki artıklarından yapılan gübre
KOMPOZE	sf.	"Ögelerini birleştirmek, bütünleştirmek, yeniden oluşturmak" anlamlarındaki kompoze etmek birleşik fiilinde geçen bir söz
KOMPRES	a.,tıp	Yaraların bakımında veya başka bir amaçla kullanılan katlı bez
KOMUTAN	a.,ask.	Bir asker topluluğunun başı; kumandan, bey (I), mir
KONAKÇI	a.,hay. b.	Asalağın erginini veya gelişim evrelerinden herhangi birini taşıyan canlı; konak (I)
KONALGA	a.,ağz.	Göçebe ve yolcuların yolculuk veya göç sırasında konakladıkları sulu ve otlu yer
KONÇİNA	a.	İkiliden altılıya kadar olan oyun kâğıtları
KONÇSUZ	sf.	Koncu olmayan veya koncu kısa olan
KONDUCU	a.	► gecekonducu
KONDÜİT	a.,tiy.	Sahneye çıkma sırası gelen kişileri uyarmakla görevli kimse
KONFETİ	a.	Düğün, balo vb. eğlencelerde, spor karşılaşmalarında serpilen, küçük yuvarlak pul biçiminde kesilmiş renkli kâğıt parçaları
KONSEPT	a.,fel.	► kavram
KONSOME	a.	Et suyu ile kemiklerin birlikte kaynatılmasından ve yağının alınmasından sonraki durumu
KONTLUK	a.	Kont olma durumu
KONTRAT	a.,huk.	► sözleşme
KONTROL	a.	► denetleme
KONTUAR		
KONUKÇU	a.	Yabancı konukların yanına verilen, onları gezdiren, onlarla ilgilenen kılavuz veya arkadaş; mihmandar
KONULMA	a.	Konulmak işi; vazolunma
KONULUŞ	a.	Konulma işi
KONUSUZ	sf.	Konusu olmayan; mevzusuz
KONUŞLU	sf.	Konuşlanmış olan
KONUŞMA	a.	Konuşmak işi; musahabe
KONUŞUR	a.	Bir dili ana dili olarak konuşan kimse
KONUŞUŞ	a.	Konuşmak işi
KONVEKS	sf.,mat.,fiz.	► dışbükey
KOPARAN	a.,ağz.	Kolları geriye sarkık cepken biçiminde, beyaz keçeden yapılmış kaytanla işlemeli bir tür ceket
KOPARIŞ	a.	Koparmak işi
KOPARMA	a.	Koparmak işi
KOPÇALI	sf.	Kopçası olan, kopça ile iliklenen
KOPKOYU	sf.	Çok koyu
KOPUNTU	a.	Kopmuş parça
KOPUZCU	a.	Kopuz çalan kimse
KOPYACI	a.	Yazılı sınavlarda kopya çeken öğrenci
KORAKOR	zf.	Bütün gücünü kullanarak
KORDONE	a.	Sim, gümüş veya ipek ipliklerin bükülmesiyle hazırlanan ve el işlemelerinde kullanılan ince kordon
KORİDOR	a.	Bir yapıya girmeyi sağlayan veya odaları birleştiren genellikle dar geçit; aralık, geçenek
KORKMAK	nsz.	Korku duymak, ürkmek, dehşete kapılmak; korkulmak
KORKULU	sf.	Korku veren, korkutan
KORKUNÇ	sf.	Çok korkulu, korku veren, dehşete düşüren; müthiş
KORONER	sf.	Kalbi taç şeklinde kuşatıp besleyen (damarlar)
KOROZİF	sf.	► aşındırıcı
KORSECİ	a.	Korse yapan veya satan kimse
KORSELİ	sf.	Korsesi olan
KORTEKS	a.,anat.	► beyin kabuğu
KORUCUK	a.	Küçük koru
KORUGAN	a.	Ağaç gövdeleriyle yapılmış ve çevresinde kazılı çukuru bulunan, korunmaya elverişli, kare biçimindeki ev
KORULUK	a.	Koru durumunda olan sık ağaçlı yer
KORUMAK	-i,-den	Bir kimseyi veya bir şeyi dış etkilerden, tehlikeden, zor bir durumdan uzak tutmak; muhafaza etmek, vikaye etmek, sıyanet etmek
KORUNAK	a.	Tehlikeden kurtulmak, korunmak için yapılmış yer
KORUNGA	a.,bit. b.	Otsu, genellikle 30-70 santimetre boyunda, çok yıllık, pembe çiçekli, hayvan yemi olarak kullanılan bir bitki (Onobrychis viciifolia)
KORUNMA	a.	Korunmak işi
KORUNUM	a.	Korunmak işi
KORUNUŞ	a.	Korunmak işi
KORUTMA	a.	Korutmak işi
KORUYUŞ	a.	Korumak işi
KOSİNÜS	a.,mat.	Tümler açının sinüsü
KOSKOCA	sf.	Çok büyük; muazzam
KOŞALIK	a.	Koşa olma durumu
KOŞALTI	a.,ağz.	İki hayvanı birbirine koşma veya bağlama
KOŞMACA	a.	Birbirini kovalayarak oynanan bir çocuk oyunu
KOŞULLU	sf.	► şartlı
KOŞULMA	a.	Koşulmak işi
KOŞUMCU	a.	Araba hayvanlarının kayış bölümünü yapan kimse
KOŞUMLU	sf.	Koşum geçirilmiş, koşulmuş (hayvan)
KOŞUNTU	a.	► tayfa
KOŞUŞMA	a.	Koşuşmak işi
KOŞUTÇU	sf.,fel.	Koşutçuluk öğretisini benimseyen; paralelist
KOTARIŞ	a.	Kotarmak işi
KOTARMA	a.	Kotarmak işi
KOTLAMA	a.	Kotlamak işi
KOVALIK	a.,ağz.	Sazlık yer
KOVLAMA	a.	Kovlamak işi
KOVUCUK	a.,bit. b.	Bitkilerde, mantar tabakası üzerinde, sünger dokunun kalınlaşmadığı yerlerde oluşan ve bitkinin solunumuna yardım eden küçük delik; adese
KOVULMA	a.	Kovulmak işi; defedilme
KOVULUŞ	a.	Kovulmak işi; defediliş
KOVUNTU	a.	Kovulmuş kimse
KOYACAK	a.	İçine öteberi koymaya yarayan şey
KOYULMA	a.	Koyulmak işi
KOYULUK	a.	Koyu olma durumu
KOYULUŞ	a.	Koyulmak işi
KOYUNCU	a.	Koyun besleyen veya alıp satan kimse
KOYUNTU	a.,ağz.	Sıkıntı, üzüntü, keder
KOZALAK	a.,bit. b.	► koza
KOZASIZ	sf.	Kozası olmayan
KÖÇEKÇE	a.,müz.	Çoğu karcığar veya ağırlama makamında, kıvrak ve şen oyun havası
KÖFTECİ	a.	Köfte yapıp satan kimse
KÖHNEME	a.	Köhnemek işi
KÖKENLİ	sf.	► asıllı
KÖKLEME	a.	Köklemek işi
KÖLELİK	a.	Köle olma durumu
KÖLEMEN	a.,tar.	Kölelerden kurulan bir asker sınıfı
KÖLESİZ	sf.	Kölesi olmayan
KÖMÜRCÜ	a.	Kömür alıp satan veya odun kömürü yapan kimse
KÖMÜRLÜ	sf.	Birleşiminde kömür olan
KÖMÜRSÜ	sf.	Kömürü andıran, kömüre benzeyen, kömür gibi; kömürümsü
KÖPEKLİ	sf.	Köpeği olan
KÖPOĞLU	a.,kaba	Kurnaz, işini bilen, düzenbaz, açıkgöz, uyanık kimse
KÖPRÜCÜ	a.	Köprü yapan kimse
KÖPRÜLÜ	sf.	Köprüsü olan
KÖPÜKLÜ	sf.	Köpüğü olan, köpüklenen
KÖPÜRME	a.	Köpürmek işi
KÖPÜRÜŞ	a.	Köpürmek işi
KÖRAĞAÇ	a.	Kontratablada orta katı oluşturan ve genellikle yumuşak ağaçlardan hazırlanan bölüm
KÖRELİŞ	a.	Körelmek işi
KÖRELME	a.	Körelmek işi
KÖRLEME	zf.	Hedef gözetmeksizin, nişan almadan
KÖROĞLU	a.,ağz.	Kocanın karısına verdiği ad
KÖRÜKÇÜ	a.	Körük yapan veya satan kimse
KÖRÜKLÜ	sf.	Körüğü olan
KÖSELİK	a.	Köse olma durumu
KÖSEMEN	a.,ağz.	Sürünün önünden giderek ona kılavuzluk eden koç veya teke; kösem
KÖSNÜLÜ	sf.	► şehvetli
KÖSTERE	a.	Bir tür uzun tahta rendesi; küstere
KÖŞEGEN	a.,mat.	Bir çokgende ardışık olmayan veya birçok yüzlüde aynı düzlem üzerinde bulunmayan iki köşe arasına çekilen çizgi; kutur, diyagonal
KÖŞELİK	a.	İki duvarın kesiştiği yere aralarındaki açıyı doldurmak için uygulanan ahşap veya kârgir işçiliği
KÖŞESİZ	sf.	Köşesi olmayan
KÖTÜCÜL	sf.	Kötülük isteyen (kimse)
KÖTÜLÜK	a.	Kötü olma durumu; fenalık, kemlik, habaset, seyyie, şenaat, şer
KÖTÜRÜM	sf.	Yaşlılık veya sakatlık sebebiyle yürüyemeyen, ayağa kalkamayan (kimse); oturak
KÖYALTI	a.	İdari yönden bir köye bağlı olan, eğitim, sağlık vb. hizmetleri bağlı olduğu köyden alan, en az 50 kişiden oluşup bağlı olduğu köye en az 2 km uzaklıkta olan, sürekli ikamet edilen yerleşim birimi; bağlı, köy bağlısı
KÖZLEME	a.	Közlemek işi
KRALİÇE	a.	Kral karısı veya krallığı yöneten kadın; ece
KRALLIK	a.	Kral olma durumu; kraliyet
KRAMPON	a.,sp.	Futbol ayakkabılarının altındaki, çimende rahat hareket etmeyi sağlayan, deri veya sentetik kabara; tutmalık
KREATİF	sf.	► yaratıcı
KREATÖR	a.	► yaratımcı
KREDİLİ	sf.	Kredisi olan
KREMALI	sf.	Kreması olan
KREOZOT	a.,kim.	Çeşitli katranların damıtılmasından elde edilen ve hekimlikte kullanılan, keskin kokulu bir sıvı
KREPLİN	a.	Çok ince bir tür ipekli kumaş
KRETASE	a.,jeol.	Genellikle alt bölümü killi ve kumlu, üst bölümü tebeşir olan İkinci Çağ'ın son dönemi
KRİKOCU	a.	Kriko yapan, onaran veya satan kimse
KRİPTON	a.,kim.	Atom numarası 36, atom ağırlığı 83,8 olan, atmosferde yarım milyonda bir oranında bulunan, renksiz, kokusuz bir soy gaz (simgesi Kr)
KRİSTAL	a.	► billur
KRUPİYE	a.	Kumarhanede veya oyun oynanan bir yerde oyunu yöneten kimse
KRUVAZE	sf.	Ön parçaları birbiri üzerine gelecek biçimde dikilen (ceket, yelek)
KUANTUM	a.,fiz.	Belirli değer alabilen küçük miktar, nicelik
KUARTET	a.,müz.	► dörtlü
KUBARMA	a.	Kubarmak işi
KUBAŞMA	a.	Kubaşmak işi
KUBBELİ	sf.	Kubbesi olan
KUCAKTA	sf.	Henüz yürüyemeyen, küçük (çocuk)
KUÇUŞMA	a.	► kucaklaşma
KUDURMA	a.	Kudurmak işi
KUDURUK	sf.	Kudurmuş (insan veya hayvan); akur
KUDURUŞ	a.	Kudurmak işi
KUİNTET	a.,müz.	► beşli
KUKLACI	a.	Kukla oynatan veya yapıp satan kimse
KUKUMAV	a.	► kukumav kuşu
KULAKÇI	a.	Kulak, burun, boğaz hekimi
KULAKLI	sf.	Kulağı herhangi bir biçimde olan
KULOĞLU	a.,tar.	Ölen evli yeniçerilerin, babaları gibi ocakta askerlik yapan çocukları
KULPSUZ	sf.	Kulpu olmayan
KULUÇKA	a.	Civciv çıkarmak amacıyla yumurtaya yatmış veya yatmak üzere olan dişi kuş veya kümes hayvanı; gurk
KULUNUZ		alçak gönüllülük göstermiş olmak için ben zamiri yerine kullanılan bir söz
KULÜPÇÜ	a.	Kulüp işleten kimse
KUMANDA	a.	► komuta
KUMANYA	a.	Yolculuk için hazırlanan yiyecek; azık
KUMARCI	sf.	► kumarbaz
KUMASIZ	sf.	Kuması olmayan
KUMAŞÇI	a.	Kumaş üreten veya satan kimse
KUMAŞLI	sf.	Kumaşı olan
KUMBARA	a.	Para biriktirmek için kullanılan, bozuk veya kâğıt para atılan deliği olan, metal, toprak, plastikten yapılmış küçük kap
KUMBAŞI	a.	► kumsal
KUMKUMA	a.	Küçük testi, çömlek
KUMLAMA	a.	Çam türü ağaçlarda yıl halkaları arasındaki görüntü ayrımını daha da belirtmek için yüzeye, hava basıncından yararlanarak kum püskürtme
KUMRUCU	a.	Kumru yapan veya satan kimse
KUNDURA	a.	Kaba işlenmiş, bağsız, konçsuz ayakkabı
KUNDURU	a.,ağz.	Başağı dört sıradan oluşan, bir tür sert, sarı, iyi buğday
KUPKURU	sf.	Çok kuru
KURALCI	sf.	Kurallara bağlı olan; kaideci
KURALLI	sf.	Kuralı olan, kurala uygun olan; kaideli, kıyasi
KURAMCI	sf.	Kuram ortaya koyan kimse, kurama bağlı olan; nazariyatçı, nazariyeci, teorisyen
KURDELE	a.	Geniş ipekli şerit
KURGUCU	a.	Kurgu işini yapan kimse; montajcı
KURGULU	sf.	Kurgusu olan
KURMACA	sf.	Olmadığı hâlde varmış gibi tasarlanmış, kurgulanmış
KURMACI	sf.	Kurmacılık yanlısı olan; konstrüktivist
KURNALI	sf.	Kurnası olan
KURŞUNİ	a.	Kurşun rengi
KURTÇUK	a.,hay. b.	Bazı hayvanların, özellikle böceklerin yumurtadan çıktıktan sonra, krizalit veya ergin karakterlerini kazanmadan önceki evresi; sürfe, larva
KURTÇUL	sf.,hay. b.	Kurtçuklarla beslenen (hayvan)
KURTLUK	a.	Kurt olma durumu
KURTSUZ	sf.	Kurdu olmayan
KURULMA	a.	Kurulmak işi
KURULUK	a.	Kuru olma durumu
KURULUŞ	a.	Kurulmak işi
KURUMAK	nsz.	Islaklığını, nemini yitirerek kuru duruma gelmek; kakırdamak
KURUMLU	sf.	Kurum (I) tutmuş olan
KURUNTU	a.	Yanlış ve yersiz düşünce
KURUTAÇ	a.,tek.	► kurutma kabı
KURUTMA	a.	Kurutmak işi
KURUTUŞ	a.	Kurutmak işi
KURUYUŞ	a.	Kurumak işi
KUSUNTU	a.	► kusmuk
KUSURLU	sf.	Kusuru olan; taksirli
KUŞAKLI	sf.	Kuşağı olan
KUŞANIŞ	a.	Kuşanmak işi
KUŞANMA	a.	Kuşanmak işi
KUŞANTI	a.	Giyecek, kuşanılacak şey
KUŞATIŞ	a.	Kuşatmak işi
KUŞATMA	a.	Kuşatmak işi
KUŞBAŞI	sf.	Küçük bir kuşun başı büyüklüğünde doğranmış (et vb.)
KUŞDİLİ	a.,bit. b.	Bir tür dişbudak
KUŞETLİ	sf.	Kuşeti olan
KUŞGÖMÜ	a.	Pastırmanın fileto bölümü
KUŞGÖZÜ	a.,mim.	Ev, villa vb. konutların çatı katlarını aydınlatmaya yarayan küçük pencere
KUŞHANE	a.,esk.	İçinde süs kuşları beslenilen ve üretilen küçük oda veya büyük kafes
KUŞKUCU	sf.	Açık bir biçimde kanıtlanmamış her şeyden kuşkulanan; ikircikli, ikircimli, işkilli, pimpirik, pimpirikli, şüpheci
KUŞKULU	sf.	Kuşku duyan, kuşku içinde bulunan; huylu, şüpheli
KUŞYEMİ	a.,bit. b.	Buğdaygillerden, durgun sularda yetişen bir bitki (Phalaris canariensis)
KUTLAMA	a.	Kutlamak işi; kutlulama, tebrik, tesit
KUTSAMA	a.	Kutsamak işi; takdis
KUTUCUK	a.	Küçük kutu
KUYUDAT	a.,esk.	Resmî defterdeki kayıtlar
KUYUMCU	a.	Değerli metal ve taşlardan bilezik, küpe vb. süs eşyası yapan veya satan kimse; mücevherci, cevahirci
KUZEYLİ	sf.	Kuzey ülkeleri halkından olan (kimse); Şimalli
KUZGUNİ	sf.	Çok koyu, kara
KUZUCAK	a.	► kuzucuk
KUZUCUK	a.	Küçük kuzu
KUZULUK	a.	Kuzu barınağı, ağıl
KÜÇÜCÜK	sf.	Çok küçük; küçümencik, minicik, minimini, ufacıcık, ufacık
KÜÇÜKÇE	sf.	Biraz küçük
KÜÇÜLME	a.	Küçülmek işi
KÜÇÜLTÜ	a.	Küçük gibi görünme veya olma
KÜÇÜLÜŞ	a.	Küçülmek işi
KÜÇÜMEN	sf.	Benzerlerinden daha küçük olan, pek küçük
KÜÇÜREK	sf.	Biraz küçük
KÜFELİK	sf.	Küfeyi dolduracak miktarda olan
KÜFESİZ	sf.	Küfesi olmayan
KÜFLÜCE	a.,ağz.	► mantar hastalığı
KÜKREME	a.	Kükremek işi
KÜLAHÇI	a.	Külah yapan veya satan kimse
KÜLAHLI	sf.	Külah giymiş olan
KÜLAHSI	sf.	► külahımsı
KÜLHANİ	a.	► külhanbeyi
KÜLLEME	a.	Küllemek işi
KÜLLİYE	a.	Bir caminin çevresinde cami ile birlikte kurulmuş medrese, imaret, sebil, kütüphane, hastane vb. yapıların bütünü
KÜMÜLTÜ	a.,ağz.	Kırlarda, ormanlarda eğreti olarak yapılmış bekçi veya avcı kulübesi
KÜMÜLÜS	a.	► küme bulut
KÜPELİK	a.,den.	Dalyan direklerini dikerken alt ucun batmasını sağlamak için bağlanan taş veya zincir
KÜPEŞTE	a.,den.	Gemide güverte hizasında ıskarmoz bağlarına tutturulan dikmelerin dış yüzlerine kaplanan kaplamaların oluşturduğu siper, borda kaplamalarının en üstü, güverteden yukarı kalan bölüm; korkuluk, parapet
KÜPLEĞİ	a.,ağz.	Küreğin, baltanın sap takılan yeri
KÜPLEME	a.,ağz.	Karında su birikmesi sebebiyle oluşan, şişmeyle beliren hastalık
KÜRATÖR	a.	Müze, kütüphane, sergi, hayvanat bahçesi vb.ni yöneten ve etkinliklerini düzenleyen yetkili kimse
KÜREKÇİ	a.	Kürek yapan veya satan kimse
KÜREKLİ	sf.	Küreği olan
KÜREMEK	-i	Kürekle atıp temizlemek; kürelemek, kürümek
KÜREMSİ	sf.	Küreye benzeyen, küreyi andıran, küre gibi
KÜRESEL	sf.	Küre ile ilgili olan
KÜRETAJ	a.,tıp	► kürtaj
KÜRİYUM	a.,kim.	Atom numarası 96, atom ağırlığı 248 olan, aktinitlerden, plütonyum 239'un helyum çekirdekleriyle bombardımanından elde edilen radyoaktif bir element (simgesi Cm)
KÜRNEME	a.	Kürnemek işi
KÜRÜMEK	-i	► küremek
KÜSEĞEN	sf.,ağz.	Çabuk ve sık sık küsen (kimse)
KÜSTERE	a.	► köstere
KÜSURAT	a.	Artan, geriye kalan parçalar
KÜSURLU	sf.	Küsuru olan
KÜSÜŞME	a.	Küsüşmek işi
KÜŞAYİŞ	a.,esk.	► açılma
KÜTİKÜL	a.,bit. b.	Yaprakların her iki yüzünde bulunan ve suyu sızdırmadığı için bitkinin kurumasına engel olan ince zar
KÜTLEME	a.	Kütlemek işi
KÜTÜRTÜ	a.	Kütürdeme sırasında çıkan sesin adı
LACEREM	zf.,esk.	► kuşkusuz
LADENLİ	sf.	Laden sürülmüş olan
LADESLİ	sf.	Lades oyunu oynayan
LAFAZAN	sf.,esk.	► geveze
LAFLAMA	a.	Laflamak işi
LAĞIMCI	a.	Pis su kanallarını açıp temizleyen işçi
LAHAVLE	ünl.	Sabrın tükendiğini belirtmek için söylenen bir söz
LAHZADA	zf.	Kısa bir süre içinde
LAİKLİK	a.	Laik olma durumu; laisizm
LAİSİZM	a.,huk.	► laiklik
LAKAPLI	sf.	Herhangi bir lakabı olan
LAKAYDİ	a.,esk.	► ilgisizlik
LAKAYIT	sf.	► ilgisiz
LAKERDA	a.	Palamut, torik vb. balıklardan dilim dilim kesilerek yapılan salamura
LAKIRTI	a.	► söz
LAKİNLİ	sf.	Herhangi bir bahane, şart ileri süren
LAKLAKA	a.	Gereksiz, anlamsız, boş söz
LAKLAMA	a.	Laklamak işi
LAKONİK	sf.	► veciz
LALALIK	a.	Lala olma durumu
LALANGA	a.	Yağda kızartılarak üzerine şeker veya şerbet dökülen bir hamur tatlısı
LALELİK	a.	Osmanlı seramik ve cam sanatının örneklerinden olan ve içine lale konulan vazo
LALEZAR	a.,esk.	Lale yetiştirilen yer, lale bahçesi
LAMAİST	sf.	► lamacı
LAMAİZM	a.	► lamacılık
LAMBADA	a.	Güney Amerika'da yapılan bir dans; lambada dansı
LAMBALI	sf.	Herhangi bir sayıda lambası olan
LAMEKÂN	sf.,esk.	► mekânsız
LAMELİF	a.	Arap alfabesinde elifin lam ile birlikte yazılmış biçimi
LANETLİ	sf.	Tanrı tarafından lanetlenmiş olan; lain, melun
LANGIRT	a.	Masa üzerinde futbolcu maketleri bulunan çubukları yöneterek gol atmaya dayanan oyun; masa futbolu
LANGUST	a.,hay. b.	Kabuklulardan, makasları olmaması, duyargalarının daha uzun ve güçlü olmasıyla ıstakozdan ayrılan, eti için avlanan bir deniz hayvanı (Palinurus vulgaris)
LANOLİN	a.,kim.	Yapağıdan elde edilen, eczacılıkta ve parfümeride kullanılan, sarımtırak renkte bir yağ
LANSMAN	a.	► tanıtım
LAPİLLİ	a.,jeol.	Yanardağlardan fırlayan çok küçük katı parça
LASKİNE	a.	İskambil kâğıtlarıyla oynanan bir oyun
LASTEKS	a.	Kauçuk, ipek, pamuk veya yün karışımı bir tür yapma kumaş
LATANYA	a.,bit. b.	Bazı türleri evlerde süs bitkisi olarak yetiştirilen, bazı türlerinden de dokumalık iplik elde edilen bir tür palmiye (Latania rubra)
LATASIZ	sf.	Latası olmayan
LATERİT	a.,jeol.	Sıcak, nemli iklimlerde oluşan, parlak kırmızı veya kahverengiye çalan kırmızı renkli, demir oksit ve alüminyum bakımından zengin toprak
LATERNA	a.,müz.	Kolu çevrilerek çalınan, sandık biçiminde bir org türü
LATİFÇE	sf.	Latif, hoş
LAUBALİ	sf.	Saygısız, çekinmesi olmayan
LAVANTA	a.	Lavanta çiçeğinden yapılan ispirtolu esans
LAVTACI	a.	Lavta (I) çalan kimse
LAYEMUT	sf.,esk.	► ölümsüz
LAYUHTİ	sf.,esk.	Hata işlemeyen, yanlış yapmayan
LAZANYA	a.	Bir tür İtalyan makarnası
LEASİNG	a.,ekon.	343 kiralama
LEBALEP	zf.,esk.	► silme
LEBBEYK	ünl.	Hac veya umre sırasında Allah’a hitaben söylenen “emir senindir, maksadım daima sensin” anlamında bir söz
LEBLEBİ	a.	Dış kabuğu çıkarıldıktan sonra fırında kavrulup çerez olarak yenen nohut
LEĞENÇE	a.	Küçük leğen
LEHÇECİ	a.	Lehçe bilimi uzmanı; diyalektolog
LEHİMCİ	a.	Lehim yapan kimse
LEHİMLİ	sf.	Lehimle tutturulmuş
LEKESİZ	sf.	Lekesi olmayan
LENDUHA	sf.,esk.	Çok iri ve kaba
LENFOMA	a.,tıp	Lenf düğümlerinde çıkan ve lenfositlerden oluşan urların tümü; lenf kanseri
LENİNCİ	sf.	Leninciliği benimsemiş veya Lenincilik yanlısı; Leninist
LEPİSKA	a.	Leipzig şehrinde üretilen ipek
LETAFET	a.	► hoşluk
LETARJİ	a.,tıp	Yaşama işlevlerinin ve bilincin çok zayıfladığı, çok derin ve sürekli patolojik uyku durumu
LEVANTİ	a.	Doğudan gelen ve genellikle hafif olmakla birlikte bazen şiddetli esen bir rüzgâr türü
LEVAZIM	a.	Değişik iş kollarında gerekli olan şeyler, araç ve gereçler
LEVHACI	a.	Levha yapan veya satan kimse
LEVÜLOZ	a.,kim.	► meyve şekeri
LEYLAKİ	a.,esk.	► leylak rengi
LIĞLAMA	a.	Lığlamak işi
LİBASLI	sf.	► giysili
LİBERAL	sf.,ekon.	Serbest ekonomiden yana olan (kimse, parti vb.); liberalist
LİFLEME	a.	Liflemek işi
LİFTİNG	a.	343 gerdirme
LİKENLİ	sf.,bit. b.	Üzerinde liken bulunan
LİMİTET	sf.	► sınırlı
LİMONCU	a.	Limon yetiştiren veya satan kimse
LİMONİT	a.,jeol.	Sarı veya kahverengi doğal hidratlı demir oksit
LİMONLU	sf.	İçine limon sıkılmış veya limon doğranmış
LİMONSU	sf.	Limonu andıran, limona benzeyen, limon gibi; limonumsu
LİMUZİN	a.	İçinde her türlü donanım bulunan lüks, uzun ve geniş otomobil türü
LİNOTİP	sf.	Basımevinde harfleri dizen ve satırları blok durumunda döken dizgi makinesi
LİPARİT	a.,jeol.	► riyolit
LİPOZOM	a.	Biyolojik zarların özelliklerinin incelenmesi deneylerinde kullanılan, iki tabakalı lipitlerin yapay olarak oluşturduğu küresel yapı
LİRALIK	sf.	Herhangi bir lira değerinde olan
LİSTECİ	a.	Liste yapan kimse
LİTURYA	a.,din b.	► kudas
LİVARLI	sf.	Livarı olan
LİYAKAT	a.	Bir kimsenin, kendisine iş verilmeye uygunluk, yaraşırlık durumu; değim
LOBELYA	a.,bit. b.	Salkım durumunda mavi çiçekleri bulunan bir veya çok yıllık Kuzey Amerika bitkisi (Lobelia)
LODOSLU	sf.	Lodosu olan, lodosa sahip veya lodosa maruz kalan
LOĞLAMA	a.	Loğlamak işi
LOKANTA	a.	Yemek pişirilip satılan yer; aşevi, restoran
LOKATİF	a.,db.	► bulunma durumu
LOKMACI	a.	Lokma yapan veya satan kimse
LOTARYA	a.	Ad veya numara çekilerek oynanan şans oyunlarının genel adı
LÖKLEME	a.	Löklemek işi
LÖKOSİT	a.,anat.	► akyuvar
LÖSEMİT	a.,tıp	Kan kanserinde görülen deri belirtileri
LUMBAGO	a.,tıp	Soğuğun etkisiyle veya kasın ani kasılması sonucunda bel bölgesinde birdenbire beliren ağrı
LUSTRİN	sf.	Parlak kumaş kullanılarak yapılmış (ayakkabı)
LUTİLİK	a.	► oğlancılık
LÜFERCİ	a.	Lüfer avlayan veya lüfer yemesini seven kimse
LÜGATÇE	a.,esk.	Küçük sözlük
LÜGATÇİ	a.	► sözlükçü
LÜKSLÜK	a.	Lüks olma durumu
LÜTERCİ	sf.,din b.	Lütercilikten yana olan
LÜZUCET	a.,esk.	► yapışkanlık
LÜZUMLU	sf.	► gerekli
MAAŞSIZ	sf.	► aylıksız
MABEYİN	a.,esk.	İki şeyin arası
MACUNCU	a.	Macun yapan veya satan kimse
MAÇOLUK	a.	Maço olma durumu
MADALYA	a.	Savaşta yararlık gösterenlere, yarışlarda derece alanlara ödül, bazen de önemli bir olay dolayısıyla ilgililere hatıra olarak verilen metal nişan
MADDECİ	a.,mec.	Para, mal vb.ne çok önem veren kimse
MADEMKİ	bağ.	► madem
MADENCİ	a.	Maden işleten kimse
MADENSİ	sf.	Madene benzeyen, madeni andıran, maden gibi; madenimsi
MADIMAK	a.,ağz.,bit. b.	İlkbaharda kırlarda yetişen, ufak yeşil yapraklı, ıspanak gibi pişirilip yenilen bir bitki
MADİKÇİ	a.	Hile yapan, hileci kimse
MAESTRO	a.,müz.	► orkestra şefi
MAFYACI	sf.	Mafya gibi davranan
MAGANDA	a.,argo	Görgüsüz, kaba, terbiyesiz ve saldırgan kimse
MAGAZİN	a.	Halkın çoğunluğunu ilgilendirecek, çeşitli konulardan söz eden, bol resimli yayın
MAĞRİBÎ	sf.,esk.	► Batılı
MAHALLE	a.	Bir şehrin bir kasabanın, büyükçe bir köyün en az beş yüz nüfusa sahip parçalarından her biri
MAHALLÎ	sf.	► yöresel
MAHARET	a.	► beceri
MAHBUBE	a.,esk.	Sevilen kadın
MAHFAZA	a.	İçinde küpe, yüzük, bilezik vb. mücevherlerin saklandığı küçük, kapalı kutu
MAHİYET	a.	Nitelik, öz, asıl, esas; özlük, vasıf
MAHKEME	a.,huk.	Bir yargıçtan veya bazen savcı ve yargıçlardan oluşan bir kurulun, yargı görevini yerine getirdikleri yer; yargı yeri, yargıevi, mahkeme kapısı
MAHMUDE	a.,bit. b.	Çit sarmaşığıgillerden, yaprakları ok ucu biçiminde, çiçekleri soluk sarı renkte, 50-100 santimetre boyunda, çok yıllık ve otsu bir bitki (Convolvulus scammonia)
MAHRAMA	a.	Bazı bölgelerde kadınların sokağa çıkarken manto üstüne örtündükleri işlemeli geniş örtü; makrama
MAHRUTİ	sf.,esk.,mat.	► konik
MAHŞERÎ	sf.	Mahşeri andıran
MAHUNYA	a.,bit. b.	İki çeneklilerden, çiçekleri sarı renkte, kokulu ve salkım durumunda olan, köklerinden sarı boya çıkarılan bir süs bitkisi (Mahonia)
MAHYACI	a.	Mahya yapan kimse
MAJESTE	a.,mec.	Devlet başkanları için kullanılan san
MAKABİL	a.,esk.	Bir şeyin öncesi, geçmişi
MAKADAM	a.	Yolların kaplanması için genellikle 4-7 santimetre arasında parçalara bölünmüş taş
MAKAMLI	sf.	Makamı olan
MAKARNA	a.	İrmik veya una yumurta karıştırılarak hazırlanmış türlü biçimlerdeki kuru hamur
MAKASÇI	a.	Makas yapan veya satan kimse
MAKASLI	sf.	Makası olan
MAKETÇİ	a.	Maket yapan kimse
MAKİLİK	a.	Maki yetişen yer
MAKLUBE	a.	Kızartılmış ve halka şeklinde doğranmış patateslerin üzerine kavrulmuş et ve pirincin eklenerek pişirilmesi ve tencerenin servis tabağına ters çevrilmesiyle yapılan bir tür yemek
MAKOSEN	a.	Kuzey Amerika Kızılderililerinin giydiği deriden yapılmış, tek parça ayakkabı
MAKRAMA	a.	► mahrama
MAKROME	a.	Kalın iplikle elde örülmüş iş
MAKSURE	a.,din b.	Camilerde, parmaklıklarla çevrilmiş yer
MALAKÂR	a.	Ustuka işi yapan kimse; ustukacı
MALAKİT	a.,kim.	Yeşil renkli, yontulup parlatılabilen, doğal bakırlı, hidratlı karbonat; bakır taşı
MALARYA	a.,tıp	► sıtma
MALGAMA	a.,kim.	Cıvanın herhangi bir madenle birleşerek yaptığı alaşım; amalgam
MALİYET	a.,ekon.	Üretimde bir mal elde edilinceye değin harcanan değerlerin toplamı
MALULEN	zf.	Sakat, hasta bir biçimde
MALUMAT	a.	► bilgi
MALZEME	a.	Herhangi bir iş için gerekli her türlü nesne
MAMAFİH	zf.	► bununla birlikte
MAMELEK	a.,esk.,huk.	► mal varlığı
MAMULAT	a.	Yapılmış şeyler
MANASIZ	sf.	► anlamsız
MANCANA	a.,bit. b.	Sütleğengillerden, Antil Adaları'nda yetişen, çok zehirli bir ağaç (Manzenilla)
MANDACI	a.,huk.	Bir ülkeyi manda temeline göre yönetmesi için Birleşmiş Milletler Cemiyeti tarafından görevlendirilen devlet; mandater
MANDIRA	a.	Büyükbaş ve küçükbaş hayvanların süt elde etmek amacıyla beslenip barındırıldığı, süt ve süt ürünlerinin üretildiği çiftlik veya üreticiden satın alınan sütlerle süt ürünleri üretip satan yer
MANEVRA	a.	Bir aletin işleyişini düzenleme, yönetme işi veya biçimi
MÂNİALI	sf.	► engelli
MANİDAR	sf.	► anlamlı
MANİKÜR	a.	El masajı, ölü derinin temizlenmesi, tırnaklara şekil verme, tırnak törpüleme gibi işleri içeren el bakımı
MANİPLE	a.	Telgraf işaretlerini göndermek için bir devredeki akımı kesmekte veya yeniden vermekte kullanılan araç, manipülatör
MANİŞKA	a.,den.	İki dilli iki makara ile yapılan palanga
MANKAFA	sf.	► kalın kafalı
MANKURT	sf.	Ulusal kimlikten uzaklaşan, içinde bulunduğu topluma yabancılaşan
MANOLYA	a.,bit. b.	Manolyagillerden, yaprakları almaşık, iri ve parlak yeşil renkte bir süs ağacı (Magnolia grandiflora)
MANTICI	a.	Mantı yapan veya satan kimse
MANTIKİ	sf.	► mantıklı
MANTOLU	sf.	Manto giymiş olan
MANYETO	a.,fiz.	İçinde mıknatıslı demir bulunan elektrik üreteci
MANYEZİ	a.,tıp	Müshil olarak kullanılan, beyaz renkli, suda az eriyen, hiçbir tadı olmayan, magnezyum oksidin bir adı
MANZARA	a.	Bakış, görüş alanına giren, dikkati çeken her yer; görüntü, dekor
MANZUME	a.,ed.	► şiir
MARABUT	a.,esk.	Kuzey Afrika'da dervişlere verilen ad; murabıt
MARANTA	a.,bit. b.	Bir çenekliler sınıfından, Antillerde ve bütün tropikal bölgelerde yetiştirilen, kökündeki yumrulardan ararot çıkarılan bir tür kamış; ararot kamışı (Maranta arundinaca)
MARATON	a.,sp.	42.195 metrelik en uzun yol koşusu
MARAZLI	sf.	Hastalıklı, hasta
MAREŞAL	a.,ask.	En yüksek askerî rütbe
MARİFET	a.	Herhangi bir işi yapmada ustalık
MARİNAT	a.	Etlerin yumuşaması ve daha lezzetli olması için baharatlı sirke, zeytinyağı vb. ilave edilerek hazırlanan bir sos
MARJSIZ	sf.	Marjı olmayan
MARKACI	a.	Marka satan kimse
MARKALI	sf.	Markası olan
MARKSÇI	sf.	Marksçılık yanlısı olan (görüş veya kimse); Marksist
MAROKEN	a.	Fas'ta işlenen yumuşak bir tür keçi derisi
MARTİNİ	a.	Portakal kabuğu, cin ve vermutla yapılan içki
MARULCU	a.	Marul yetiştiren veya satan kimse
MARUZAT	a.	Mevki, makam veya yaş bakımından büyük birine sunulan, bildirilen dilek veya bilgi; sunuş
MASACIK	a.	Küçük masa
MASAJCI	a.	Sağlık veya tedavi amacıyla masaj yapan kimse
MASALCI	a.	Masal anlatan, yazan veya okuyan kimse
MASALSI	sf.	Masalı andıran, masala benzeyen, masal gibi; masalımsı
MASARİF	a.,esk.	Giderler, masraflar
MASASIZ	sf.	Masası olmayan
MASKARA	sf.	Eğlendirici, sevimli, güldürücü, soytarı (kimse)
MASKELİ	sf.	Maskesi olan, maskelenmiş
MASMAVİ	sf.	Her yanı mavi; gömgök
MASNUAT	a.,esk.	Sanatla yapılmış şeyler, sanat eserleri
MASTARA	a.,esk.,mat.	► iletki
MASTİKA	a.	► sakız rakısı
MASTORİ	a.,den.	Geminin en geniş yeri; masturi
MASTURİ	a.,den.	► mastori
MASUMCA	zf.	Suçsuz, temiz, masum bir biçimde; masumane, masumcasına
MAŞALIK	a.	Başkasının pek de hoş olmayan, sakıncalı isteklerine, amaçlarına alet olma durumu
MAŞRAPA	a.	Metal, toprak, plastik vb.nden yapılmış, ağzı açık, kulplu, bardağa benzeyen, küçük kap
MATADOR	a.	► boğa güreşçisi
MATBUAT	a.	► basın
MATEMLİ	sf.	► yaslı
MATRİKS	a.,biy.	İçinde birçok biyolojik olayın meydana geldiği, akıcılığı az, cansız bir sıvı ortam
MAVERAİ	sf.	► uhrevi
MAVİKÜF	a.,bit. b.	Özellikle tütün fidelerinde üreyerek yaprak hastalığına yol açan asalak mantar
MAVİLİK	a.	Mavi renkte olma durumu
MAVİMSİ	sf.	Rengi maviyi andıran, maviye benzeyen; mavimtırak
MAVNACI	a.	Mavna işleten kimse
MAVRACI	sf.	► geveze
MAVRUKA	a.	Kurşundan dökülmüş uzun ve yuvarlak, iki ucu delikli, mazgallanıp cıvayla parlatılmış veya sarı madenden döküm yapılıp nikelajlanmış, 80-130 gr ağırlığında bir av aleti
MAYALIK	sf.	Maya olarak kullanılmak için ayrılmış, maya olmaya yarar
MAYASIL	a.,tıp	Tende kızartı, kaşınma, sulanma, kabuk bağlama vb. doku bozukluklarıyla kendini gösteren ve bulaşıcı olmayan bir deri hastalığı; egzama
MAYASIZ	sf.	İçinde maya bulunmayan
MAYINCI	a.	Mayın dökmeye yardım eden veya mayın döşeyen kimse
MAYINLI	sf.	Mayını olan, mayınlanmış yer
MAYISLI	sf.	Bolca taze sığır dışkısı karıştırılmış (toprak)
MAYIŞIK	sf.,argo	Çok yemekten, sıcaktan veya zevkten gevşemiş olan, üzerine rehavet çökmüş olan (kimse)
MAYIŞMA	a.	Mayışmak işi
MAYONEZ	a.	Yumurta sarısı, zeytinyağı ve limonla yapılan bir tür koyu, soğuk yiyecek
MAZBATA	a.,esk.	► tutanak
MAZERET	a.	► özür
MAZILIK	a.	Mazı ağaçlarının çok olduğu yer
MAZURKA	a.	Bir tür Leh dansı
MECAZEN	zf.	Mecaz yoluyla, mecaz olarak
MECAZLI	sf.	Gerçek anlamından saptırılarak benzetmeli olarak kullanılmış (söz)
MECBURİ	sf.	► zorunlu
MECCANİ	sf.,esk.	► parasız
MECELLE	a.	Kitap, mecmua, risale vb. yayınlar
MECİDİT	a.,min.	Uranyum ve kalsiyum hidratlı doğal sülfatı
MEDİKAL	sf.	Tıbba ait, tıpla ilgili
MEDRESE	a.,din b.	İslam ülkelerinde, genellikle İslam dini kurallarına uygun bilimlerin okutulduğu yer
MEDYACI	a.	Medya görevlisi
MEFAHİR	a.,esk.	Övünülecek şeyler, övünceler
MEFKÛRE	a.,esk.	► ülkü
MEGAFON	a.	Sesi yükseltip uzağa iletmeye yarayan koni biçiminde alet
MEGAPOL	a.	► megakent
MEGATON	a.	Bir milyon ton değerinde kütle birimi
MEGAVAT	a.,fiz.	Bir milyon vat değerinde elektrik güç birimi
MEĞERKİ	bağ.,esk.	İstek veya emir kipinde olan ve biri diğerini engelleyecek durumda bulunan iki cümleyi birbirine bağlayan bir söz
MEĞERSE	bağ.	► meğer
MEHABET	a.,esk.	Büyük ve saygıdeğer kimselere duyulan saygı
MEKÂNCI	a.	Bir yeri kendisine mekân tutan kimse
MEKANİK	a.,fiz.	Kuvvetlerin maddeler ve hareketler üzerine etkisini inceleyen fizik dalı
MEKKÂRE	a.,tar.	Osmanlı ordusunda taşıma işlerinde kullanılan at, deve, katır vb. hayvanlar
MEKSEFE	a.,fiz.	► kondansatör
MELAİKE	a.,din b.	Melekler
MELAMET	a.,esk.	► kınama
MELAMİN	a.,kim.	Mutfak eşyası yapımında, kâğıt ve dokuma sanayisinde kullanılan yapay reçinelerin üretiminde yer alan kimyasal bir madde
MELANET	a.,esk.	Büyük kötülük, lanetlenecek iş veya davranış
MELANİT	a.,min.	Doğal demir ve kalsiyum silikat
MELEKÛT	a.,esk.,din b.	Ruhlar ve melekler âlemi
MELEMEK	nsz.	Koyun, kuzu veya keçi bağırmak
MELEŞME	a.	Meleşmek işi
MELETME	a.	Meletmek işi
MELİNİT	a.,kim.	Aslı pikrik asit olan patlayıcı bir madde
MELODİK	sf.	► ezgili
MELUNCA	sf.	Meluna yakışan, melun gibi
MEMALİK	a.,esk.	Memleketler
MEMECİK	a.,anat.	Deri ve sümük doku üzerinde görülen küçük ve sivri çıkıntı
MEMEMSİ	sf.	Memeyi andıran, memeye benzeyen, meme gibi
MEMESİZ	sf.	Memesi olmayan
MEMLEHA	a.,esk.	► tuzla
MEMURİN	a.,esk.	Memurlar
MENAJER	a.	► yönetici
MENAKIP	a.,esk.	Menkıbeler
MENEDİŞ	a.	Menetmek işi
MENEMEN	a.	Yumurta, soğan, yeşilbiber ve domatesle yapılan bir yemek
MENETME	a.	Menetmek işi
MENEVİŞ	a.	► hare
MENFAAT	a.	► çıkar
MENGENE	a.,tek.	Onarma, işleme, düzeltme vb. işlemlerin uygulanacağı nesneyi sıkıştırıp istenildiği gibi tutturmaya yarayan bir tür alet
MENKIBE	a.,ed.	Din büyüklerinin veya tarihe geçmiş ünlü kimselerin yaşamları ve olağanüstü davranışlarıyla ilgili hikâye
MENOPOZ	a.,tıp	Kadınlarda gebe kalma ve doğurma yeteneğinin sona ermesi, âdetten kesilme; yaş dönümü, âdetgörmezlik
MENŞELİ	sf.	► kökenli
MENTEŞE	a.	Kapı, pencere, mobilya kapakları vb. açılır kapanır şeylerde kullanılan, bir mille birbirine tutturulmuş, biri sabit, öbürü hareketli iki parçadan oluşmuş metal parça; reze
MENZİLE	a.,esk.	Aşama, kerte, yükseklik derecesi
MERAKLI	sf.	Her şeyi anlamak ve bilmek isteyen; araştırıcı, mütecessis
MERARET	a.,esk.	► acılık
MERASİM	a.	► tören
MERDANE	sf.,esk.	Erkeğe yakışan
MERHALE	a.	► evre
MERHUME	a.	Ölmüş Müslüman kadın; rahmetli, rahmetlik
MERİNOS	a.,hay. b.	Uzun, çok ince, beyaz ve bol tüylü yapağısından dokumacılıkta yararlanılan bir koyun cinsi; merinos koyunu (Ovis aries hispanica)
MERİYET	a.,esk.	► yürürlük
MERKEZÎ	sf.	Merkezde olan, merkezi oluşturan
MERSİYE	a.,ed.	► ağıt
MERTEBE	a.	► aşama
MERTLİK	a.	► yiğitlik
MESAMAT	a.,esk.,anat.,biy.	Gözenekler
MESLEKİ	sf.	Mesleğe ilişkin, meslekle ilgili olan; mesleksel
MESNEVİ	a.,ed.	Her beyti ayrı uyaklı bir divan edebiyatı nazım biçimi
MESTANE	zf.,esk.	Sarhoş gibi, kendinden geçmişçesine
MESTLİK	a.	► sarhoşluk
MESTURE	sf.,esk.	► gizli
MESUTÇA	zf.	Mesut bir biçimde, mesut olarak; mesudane
MEŞECİK	a.,bit. b.	► kurtluca
MEŞELİK	a.	Meşe korusu veya meşe ormanı
MEŞGALE	a.	► uğraşı
MEŞİHAT	a.,esk.	► şeyhlik
MEŞRUTA	a.,huk.	Bir kimseye, mirasçılara veya bir kuruluşa satılmamak şartı ile verilmiş mülk
MEŞRUTİ	sf.,esk.	Meşrutiyetle ilgili olan
METAFOR	a.,ed.	► mecaz
METALİK	sf.	► madenî
METALSİ	a.,kim.	Metallerin fiziksel özelliklerini, metal olmayan ögelerin ise kimyasal özelliklerini taşıyan element; madensi, metaloit
METANET	a.	► dayanma
METANOL	a.,kim.	► odun ruhu
METATEZ	a.,db.	► göçüşme
METELİK	a.,esk.	Çeyrek kuruş, on para değerinde demir para
METHİYE	a.,esk.	► övgü
METİLEN	a.,kim.	Metanın iki hidrojen atomunu yitirmesiyle türeyen bir kök (CH2)
METİLİK	sf.,kim.	Metil özelliği taşıyan
METODİK	sf.	► yöntemli
METOTLU	sf.	► yöntemli
METRUKE	sf.,esk.	Bırakılmış, geriye kalmış
MEVDUAT	a.,ekon.	Belli bir süre sonunda veya istenildiğinde çekilmek üzere bankalara faizle yatırılan para; tevdiat
MEVHİBE	a.,esk.	Bağış, vergi, ihsan
MEVKUTE	a.,esk.	► süreli yayın
MEVZUAT	a.	Bir ülkede yürürlükte olan yasa, tüzük, yönetmelik vb.nin bütünü
MEVZULU	sf.	► konulu
MEYANCI	a.	Aracı, aracılık eden kimse
MEYDANİ	a.,esk.	Beyaz veya renkli, yol yol ipek çözgülü dokunmuş kumaş
MEYHANE	a.	İçki satılan ve içilen eğlence yeri; harabat
MEYİLLİ	sf.	► eğimli
MEYVECİ	a.	Meyve yetiştiren veya satan kimse; yemişçi
MEYVELİ	sf.	Meyvesi olan, meyve veren; yemişli, meyvedar
MEZALİM	a.,esk.	Zulümler, haksızlıklar, kıyımlar
MEZAMİR	a.,esk.	Düdükler
MEZARCI	a.	Mezar kazan kimse
MEZATÇI	a.	Arttırma ile satışı yönlendiren kimse
MEZBAHA	a.	► kesimevi
MEZBELE	a.	► çöplük
MEZELİK	sf.	Meze yapılmaya elverişli, meze olarak kullanılan
MEZHEBÎ	sf.	► mezhepsel
MEZİYET	a.	Bir kişiyi veya nesneyi benzerinden üstün gösteren nitelik
MEZOZOM	a.,biy.	Bakterinin üremesi sırasında bakteri zarından kıvrımlar yaparak meydana gelen mitokondri benzeri yapı
MIHLAMA	a.	► çivileme
MINTIKA	a.	► bölge
MIRILTI	a.	Alçak ve anlaşılmaz bir ses çıkararak konuşma
MIRLAMA	a.	Mırlamak işi
MISIRCI	a.	Mısır yetiştiren veya satan kimse
MISKALA	a.,esk.	Metal veya deri parlatmaya yarar alet
MIZIKÇI	sf.	► oyunbozan
MIZIMAK	nsz.	Mızıkçılık etmek
MİÇOLUK	a.	Miçonun yaptığı iş
MİDESİZ	sf.,mec.	Yenmeyecek şeyleri yiyen
MİDİBÜS	a.	Küçük otobüs
MİDİLLİ	a.,hay. b.	Normalden daha küçük boyda bir tür at
MİDYECİ	a.	Midye avlayan veya satan kimse
MİHRACE	a.	Hindistan'da racadan daha büyük hükümdarlara verilen ünvan
MİKAMSI	sf.	Mikayı andıran, mikaya benzeyen, mika gibi
MİKOLOG	a.	► mantar bilimci
MİLDİYU	a.	En çok bağlarda görülen, peronospora cinsinden, emeçlerini bitkilerin yapraklarına salarak yaşayan asalak bir mantarın oluşturduğu hastalık
MİLİBAR	a.,fiz.	Bir barın binde biri değerinde atmosfer basıncı ölçü birimi
MİLİTAN	a.	Bir düşüncenin, bir görüşün başarı kazanması için savaşan, mücadele eden kimse
MİLLÎCİ	a.,tar.	Kurtuluş Savaşı sırasında Ankara hükûmeti yanlısı
MİMLEME	a.	Mimlemek işi
MİNAKOP	a.,hay. b.	► gölge balığı (umbrina cirrosa)
MİNERAL	a.,jeol.	Normal sıcaklıkta doğada katı durumda birtakım maddelerle karışık veya birleşik olarak bulunan veya kimyasal yollarla elde edilen inorganik madde
MİNESİZ	sf.	Minesi olmayan
MİNİBÜS	a.	10-17 kişilik oturma kapasitesi olan küçük otobüs
MİNİCİK	sf.	► küçücük
MİNİMAL	sf.,mat.	► minimum
MİNİMUM		Değişken bir niceliğin inebileceği en alt olan (sınır); minimal
MİNKALE	a.,esk.,mat.	► iletki
MİNORKA	a.,hay. b.	Genellikle siyah tüylü, balta veya gül ibikli yumurta tavuğu
MİRALAY	a.,esk.,ask.	► albay
MİRASÇI	a.	Bir mirastan yasalar gereğince yararlanan kimse; kalıtçı, vâris
MİRLİVA	a.,esk.,ask.	► tuğgeneral
MİSAFİR	a.	► konuk
MİYASMA	a.,esk.	Salgın hastalıklara yol açtığına inanılan etken
MİYOSEN	a.,jeol.	Üçüncü Çağ'ın memeliler ve maymunların gelişmiş olduğu bölümü
MİZAÇLI	sf.	Mizacı herhangi bir özellikte olanı
MİZAHÇI	a.	Gülmece sanatçısı
MİZAHLI	sf.	Mizah içeren
MİZAHSI	sf.	Mizahı andıran, mizaha benzeyen, mizah gibi; mizahımsı
MOBBİNG	a.	343 bezdiri
MOBİLYA	a.	Oturulan, yemek yenilen, çalışılan, yatılan yerlerin döşenmesine yarayan taşınabilir eşyaya verilen genel ad; möble
MODAEVİ	a.	Moda giysilerin yapıldığı ve satıldığı yer
MODELAJ	a.	► oylumlama
MODELCİ	a.	Model hazırlayan sanatçı
MODÜLER	sf.	► parçalı
MODÜLLÜ	sf.	Modülü olan
MOLASIZ	sf.	Mola verilmeyen
MOLEKÜL	a.,kim.	Element veya bileşikleri oluşturan ve onların özgül niteliklerini gösteren en küçük birim; madde
MONARŞİ	a.,top. b.	Siyasi otoritenin genellikle miras yolu ile bir kişinin üzerinde toplandığı devlet düzeni veya rejim; tek erklik
MONATÇI	sf.,fel.	Monatçılık yanlısı olan; monadist
MONİTÖR	a.,fiz.,tek.	► göstergeç
MONOGAM	sf.	► tek eşli
MONOLOG	a.,tiy.	Bir oyunda, kişilerden birinin kendi kendine yaptığı konuşma
MONOPOL	a.	► tekel
MONORAY	a.	Tek bir raydan oluşan demir yolu
MONOTİP	sf.	Harfleri ayrı ayrı dizip döken (dizgi makinesi)
MONOTON	sf.	► tekdüze
MORARIŞ	a.	Morarmak işi
MORARMA	a.	Morarmak işi
MORARTI	a.	► morluk
MORTOCU	a.	Hristiyanlarda cenaze taşımak için tutulan kimse
MORUMSU	sf.	Mora çalan, moru andıran; morumtırak
MOTAMOT	sf.	► kelimesi kelimesine
MOTELCİ	a.	Motel işleten kimse
MOTİFLİ	sf.	Motifi olan
MOTORCU	a.	Deniz motoru işleten kimse
MOTORİN	a.,kim.	► mazot
MOTORLU	sf.	Motorla çalışan
MOZALAK	a.,ağz.	Olgunlaşmamış, eğri büğrü meyve
MÖBLELİ	sf.	► mobilyalı
MUACCEL	sf.,esk.	Acele olunmuş
MUACCİZ	sf.,esk.	Sıkıntı veren, taciz eden, bıktıran, usandıran
MUADDEL	sf.,esk.	► değişik
MUADELE	a.,esk.	Eşitlik, beraberlik, denklik
MUAFLIK	a.	Muaf olma durumu
MUAHEDE	a.,esk.	► antlaşma
MUAHEZE	a.,esk.	► kınama
MUAHHAR	sf.,esk.	Sonraki, sonradan gelen, ertelenmiş, daha sonraki
MUAKKİP	sf.,esk.	İzleyen, arkasından koşan, takip eden
MUALLAK	sf.,esk.	► asılı
MUALLEL	sf.,esk.	► eksik
MUALLİM	a.,esk.	► öğretmen
MUAMELE	a.	► davranış
MUAMMER	sf.,esk.	Yaşamış
MUANNİT	sf.,esk.	► İnatçı
MUARAZA	a.,esk.	► çekişme
MUAREFE	a.,esk.	Karşılıklı birbirini tanıma
MUAŞAKA	a.,esk.	► âşıktaşlık
MUATTAL	sf.,esk.	İşlemez, kullanılmaz duruma gelmiş
MUATTAR	sf.,esk.	► ıtırlı
MUAYEDE	a.,esk.	► bayramlaşma
MUAYENE	a.,tıp	Bir kimsenin hasta olup olmadığını veya hastalığın ne olduğunu araştırma; sağlık muayenesi
MUAYYEN	sf.	► belirli
MUAZZAM	sf.	► koskoca
MUAZZEP	sf.,esk.	Acı, sıkıntı, azap çeken
MUAZZEZ	sf.,esk.	Sayılan, saygı duyulan; aziz
MUDHİKE	a.,esk.	Gülünecek şey
MUGADDİ	sf.,esk.	► besleyici
MUGANNİ	a.,esk.,müz.	► şarkıcı
MUGAYİR	sf.,esk.	► aykırı
MUHABİR	a.	Basın ve yayın organlarına haber toplayan, bildiren veya yazan kimse
MUHACİM	a.,esk.	Hücum eden, saldıran kimse
MUHACİR	sf.	► göçmen
MUHAFIZ	a.	► koruyucu
MUHALİF	a.	Bir görüşe, tutuma veya harekete karşı olan kimse
MUHARİP	a.,ask.	► savaşçı
MUHASIM	a.,esk.	Birbirine düşman olanlardan her biri
MUHASIR	a.,esk.	Kuşatan, saran
MUHASİP	a.,esk.	► sayman
MUHATAP	a.	Kendisine söz söylenilen kimse, kendisiyle konuşulan kimse
MUHİBBE	sf.,esk.	Kadın arkadaş, kadın dost
MUHTERİ	sf.,esk.	Yeni bir şey yaratan, icat eden
MUHTEVA	a.	► içerik
MUHTEVİ	sf.,esk.	İhtiva eden, içine alan, kapsayan, içinde bulunduran
MUHTIRA	a.	Herhangi bir şeyi hatırlatmak, uyarmak amacıyla yazılan yazı
MUİNSİZ	sf.,tar.	Askere alındığında ailesine bakacak kimsesi olmayan
MUKABİL	sf.	Bir şeye karşılık olarak yapılan, bir şeyin karşılığı olan
MUKAFFA	sf.,esk.,ed.	► kafiyeli
MUKASSİ	sf.,esk.	► sıkıntılı
MUKATAA	a.,tar.	► kesim
MUKAVİM	sf.,esk.	► dayanıklı
MUKAVVA	a.	Kalın karton
MUKAVVİ	sf.,esk.	► güçlendirici
MUKTEZA	sf.	► gerekli
MUKTEZİ	sf.,esk.	► gerekli
MUMHANE	a.,esk.	Mum üretim yeri
MUMLAMA	a.	Mumlamak işi
MURABBA	sf.,esk.	► dörtlü
MURABIT	a.	Savaşçı derviş
MURAFAA	a.,esk.,huk.	► duruşma
MURAKIP	a.,esk.	► denetçi
MURASSA	sf.,esk.	Değerli taşlarla bezenmiş, cevherlerle süslenmiş
MUSAFFA	sf.,esk.	Temizlenmiş, arıtılmış
MUSAHİP	a.,esk.	Sohbet, arkadaşlık eden kimse
MUSAKKA	a.	Ufak parçalar biçiminde doğranmış sebzelerin, kuşbaşı et veya kıyma ve soğanla pişirilmesiyle yapılan bir yemek
MUSALLA	a.,din b.	► namazgâh
MUSALLİ	sf.,esk.	Beş vakit namazını sürekli olarak kılan
MUSANNA	sf.	► sanatlı
MUSİBET	a.	Ansızın gelen felaket, sıkıntı veren şey
MUSİKAR	a.,esk.	Gagasındaki deliklerden rüzgâr estikçe türlü sesler çıktığına inanılan bir masal kuşu
MUSKACI	a.	Muska yazan kimse
MUŞAMBA	a.	Bir tarafına kauçuk veya yağlı boya sürülerek su geçirmeyecek duruma getirilen kalın bez
MUŞMULA	a.,bit. b.	Gülgillerden, dikenli küçük bir ağaç (Mespilus germanica)
MUŞTUCU	a.	Muştu getiren kimse; savacı, müjdeci
MUŞTULU	sf.	Muştusu olan; müjdeli
MUTABIK	sf.	Birbirine uyan, karşılıklı olarak anlaşmaya varan, birbiriyle uzlaşan
MUTEBER	sf.	► saygın
MUTEDİL	sf.	► ılımlı
MUTEKİT	sf.	Bir şeye inanan, itikat eden (kimse)
MUTEMET	a.	Dairelerde, iş yerlerinde bazı para işlerine bakan görevli
MUTERİZ	sf.,esk.	► itirazcı
MUTLAKA	zf.	► kesinlikle
MUTLUCA	sf.	Mutlu olmaya yakın
MUTMAİN	sf.,esk.	İnanmış, gönlü kanmış, emin olan
MUTTALİ	sf.,esk.	Öğrenmiş, haber almış, bilgi edinmiş
MUVAFIK	sf.,esk.	► uygun
MUVAZAA	a.,esk.	► danışık
MUZİPÇE	zf.	Muzibe yakışır biçimde, muzip gibi
MUZUMSU	sf.	► muzsu
MÜBADİL	sf.	Başkasının yerine getirilmiş, mübadele edilmiş
MÜBAREK	sf.	► kutsal
MÜBAŞİR	a.,huk.	Mahkemede duruşmaya girecekleri ve tanıkları çağıran, yargıcın emirlerini bildiren, kâğıtları getirip götüren görevli; çağrıcı
MÜBAYAA	a.,esk.	► satın alma
MÜCAHİT	a.	Kutsal ülküler uğruna savaşan kimse
MÜCAMAA	a.,esk.	Cinsel ilişkide bulunma
MÜCAVİR	sf.,esk.	► komşu
MÜCAZAT	a.,esk.	İşlenen bir suçtan ötürü ceza verme
MÜCELLA	sf.,esk.	► cilalı
MÜDAFAA	a.	► savunma
MÜDAHİL	sf.	Karışan, araya giren, el atan
MÜDAVİM	sf.	Bir yere sürekli olarak giden (kimse); devamcı, gedikli
MÜDRİKE	a.,esk.,ruh b.	► anlık (II)
MÜEBBET	sf.	Sonu olmayan
MÜECCEL	sf.,esk.	İleriye atılmış, ertelenmiş
MÜEDDEP	sf.,esk.	► uslu
MÜELLİF	a.,esk.	► yazar
MÜEMMEN	sf.,esk.	Emniyete alınmış (kimse)
MÜENNES	sf.,esk.,db.	► dişil
MÜESSES	sf.,esk.	Kurulu, kurulmuş
MÜESSİF	sf.,esk.	Üzücü, üzüntü veren
MÜESSİR	sf.,esk.	► dokunaklı
MÜESSİS	sf.,esk.	► kurucu
MÜEZZİN	a.	Namaz vakitlerini bildirmek için ezan okuyan din görevlisi; ezancı
MÜFREZE	a.,ask.	Türlü askerî görev ve hizmetlerin yapılması amacıyla küçük birliklerden, belli bir kuruluşa bağlı kalmadan geçici olarak oluşturulan grup
MÜFTERİ	sf.,esk.	► karalamacı
MÜHEYYA	sf.,esk.	► hazır
MÜHLİYE	a.,bit. b.	► mülhiye
MÜHRELİ	sf.	Mühre ile cilalanmış
MÜHTEDİ	sf.,esk.,din b.	► dönme
MÜHÜRCÜ	a.	Mühür yapan veya kazıyan kimse
MÜHÜRLÜ	sf.	Mühür basılmış
MÜJDECİ	a.	► muştucu
MÜJDELİ	sf.	► muştulu
MÜKÂFAT	a.	► ödül
MÜLAKAT	a.	Bir yerde buluşularak yapılan karşılıklı görüşme ve konuşma
MÜLAYİM	sf.	Yumuşak huylu
MÜLAZIM	sf.	Bir işe girmek için bir süre parasız olarak o işe devam eden
MÜLEMMA	sf.,esk.	Alaca renkli, renk renk
MÜLHİYE	a.,bit. b.	Ihlamurgillerden, yaprakları sebze ve yeşillik olarak kullanılan bir bitki; Yahudi ebegümeci, mühliye (Corchorus olitorius)
MÜLKİYE	a.	Devlet yönetimindeki sivil görevliler sınıfı
MÜLKSÜZ	sf.	Mülkü olmayan
MÜLTECİ	a.	► sığınmacı
MÜMASİL	sf.,esk.	► benzer
MÜMTENİ	sf.,esk.	Bir şeyi yapmaktan çekinen, kaçınan
MÜNACAT	a.,din b.	► yakarış
MÜNAFIK	sf.	► arabozan
MÜNASİP	sf.	► yerinde
MÜNAZAA	a.,esk.	Ağız kavgası, çekişme, münakaşa
MÜNFAİL	sf.,esk.	Gücenmiş, alınmış, kırgın
MÜNHANİ	sf.,esk.	► eğri
MÜNŞEAT	a.,ed.	Sanatlı düzyazı veya mektupların toplandığı dergi
MÜNTEHA	a.,esk.	► son
MÜNZEVİ	sf.	Topluluktan kaçan, yalnız başına kalmayı seven
MÜPTEDİ	sf.,esk.	► başlayıcı
MÜPTELA	sf.	► bağımlı
MÜRADİF	sf.,esk.,db.	► eş anlamlı
MÜREBBİ	a.,esk.	Eğiten, terbiye eden, eğitici kimse
MÜRTECİ	sf.,esk.	► gerici (I)
MÜRTEFİ	sf.,esk.	► yüksek
MÜRTEŞİ	a.	Rüşvet yiyen kimse
MÜSAADE	a.	► izin
MÜSABIK	a.,esk.,sp.	► yarışçı
MÜSADİF	sf.,esk.	Rastlayan
MÜSAVAT	a.,esk.	► eşitlik
MÜSEMMA	sf.,esk.	Ad verilmiş, adı olan
MÜSİLAJ	a.	► deniz salyası
MÜSTAFİ	sf.	Kendi isteğiyle işinden çekilmiş, istifa etmiş
MÜSTAİT	sf.,esk.	Doğuştan yetenekli, kabiliyetli olan
MÜSTEAR	sf.,esk.	► takma
MÜSTEVİ	sf.,esk.	► düz (I)
MÜŞABİH	sf.,esk.	► benzer
MÜŞAHİT	a.,esk.	► gözlemci
MÜŞAVİR	a.	► danışman
MÜŞKÜLE	a.	Bağ bozumuna yakın bir zamanda yetişen, kalınca kabuklu, iri ve uzun taneli bir üzüm
MÜŞTEHİ	sf.,esk.	► istekli
MÜŞTEKİ	sf.,esk.	► şikâyetçi
MÜŞTERİ	a.	Hizmet, mal vb. alan ve karşılığında ücret ödeyen kimse
MÜTALAA	a.	Herhangi bir konu üzerinde ayrıntılı bir biçimde düşünme
MÜVEZZİ	a.,esk.	► dağıtıcı
MÜZAHİR	sf.,esk.	Yardımcı, destekleyici, arkalayan, arka çıkan
MÜZELİK	sf.	Müzeye konulacak değerde veya eskilikte olan
MÜZEVİR	sf.	► arabozan
MÜZİKAL	sf.	Müzikle ilgili
MÜZİKÇİ	a.	► müzisyen
MÜZİKLİ	sf.	Bazı bölümlerinde müzik kullanılan (film, oyun)
NABEKÂR	sf.,esk.	Yararsız, işe yaramaz
NADANCA	zf.	► nobranca
NADASLI	sf.	Nadasa bırakılmış
NADİRAT	a.	Seyrek, az görülen, az bulunan şeyler veya durumlar
NADİREN	zf.	► seyrek
NAGEHAN	zf.,esk.	► ansızın
NAĞMELİ	sf.	Nağmesi olan
NAHIRCI	a.	► sığırtmaç
NAİPLİK	a.	Naip olma durumu; niyabet
NAKARAT	a.,müz.	Bir şarkıda her kıtadan sonra tekrarlanan ve bestesi değişmeyen parça; kavuştak
NAKIŞÇI	a.	Nakış yapan (kimse); nakkaş
NAKIŞLI	sf.	Nakşı olan
NAKKARE	a.,tar.	Mehterhanede yer alan, birbirine bağlı iki yarım küre benzeri ve iki değnekle vurularak çalınan bir davul türü; çifte nağra, çifte nakkare
NAKLİYE	a.	Taşımak işi
NALAYIK	sf.,esk.	Yakışıksız, hoş olmayan
NALBANT	a.	Hayvanların ayağına nal çakan kimse
NALÇALI	sf.	Nalçası olan
NALEKÂR	sf.,esk.	İnleyen, iniltili
NALINCI	a.	► takunyacı
NALINLI	sf.	► takunyalı
NALLAMA	a.	Nallamak işi
NAMAZCI	a.	Namazını düzenli kılan kimse
NAMLULU	sf.	Namlusu olan
NAMUSLU	sf.	Ahlak kurallarına uygun olarak davranan; namuskâr
NANELİK	a.	İçine nane konulan kap
NANESİZ	sf.	Nanesi olmayan
NARDENK	a.,esk.	Nar, erik, kızılcık vb. yemişlerden yapılan pekmez
NARGİLE	a.	Tömbeki denilen bir cins tütünün dumanının sudan geçirilerek içilmesini sağlayan araç
NARİNCE	a.,bit. b.	Tokat ve Amasya yöresinde şarap yapımı için üretilen, orta kalın kabuklu, beyaz renkli bir tür üzüm
NARSİST	sf.,ruh b.	► özsever
NARTEKS	a.	Bizans kiliselerinde sahndan sütunlarla veya duvarla ayrılan bölüm
NASILSA	zf.	Herhangi bir sebeple veya bilinmeyen bir sebeple
NASIRLI	sf.	Nasırı olan, nasır bağlamış, nasırlaşmış
NASİHAT	a.	► öğüt
NASİPLİ	sf.	► kısmetli
NATAMAM	sf.,esk.	► eksik
NATÜREL	sf.	► doğal
NAVTEKS	a.,den.	Gemilere olası tehlike, emniyet, hava raporu ve uyarılarını orta frekansta otomatik olarak ileten uluslararası haberleşme sistemi
NAZARAN	e.	“Göre, oranla, kıyasla” anlamlarında kullanılan bir söz
NAZARLI	sf.	Nazara uğrayan
NAZENDE	sf.,esk.	► nazlı
NAZENİN	sf.,esk.	► nazlı
NAZİKÇE	sf.	Nazik, ince, saygılı
NAZLAMA	a.	Nazlamak işi
NEBATAT	a.,esk.,bit. b.	Bitkiler
NEBÜLÖZ	a.,gök b.	► bulutsu
NECABET	a.,esk.	Temiz bir soydan gelme
NECASET	a.,esk.	► kirlilik
NEDAMET	a.	► pişmanlık
NEDENLİ	sf.	► sebepli
NEDENSE	zf.	Bilinmeyen, belli olmayan bir sebep dolayısıyla; her nasılsa, her ne hikmetse, her nedense
NEFASET	a.,esk.	Nefis olma durumu
NEFESLİ	sf.	Soluk alıp vermeden uzunca bir zaman durabilen
NEFSANİ	sf.,esk.	► nefsî
NEGATİF	sf.	► olumsuz
NEKAHET	a.	Hastalıktan yeni kurtulmuş zayıf ve hâlsiz olan kimsenin durumu
NEOZOİK	sf.,jeol.	Üçüncü ve Dördüncü zamanla Çağ ile  ilgili
NEREDEN	zf.	Hangi yerden?
NERİTİK	sf.,coğ.	Kıyılarda oluşan tortullarla ilgili
NESKAFE	a.	343 hazır kahve
NEŞESİZ	sf.	Neşesi olmayan; keyifsiz
NEVAZİL	a.,esk.,tıp	► nezle
NEVAZİŞ	a.,esk.	İltifat, gönül alma, okşama; nüvaziş
NEVESER	a.,müz.	Klasik Türk müziğinde birleşik bir makam
NEZAFET	a.,esk.	► temizlik
NEZAHET	a.,esk.	Temizlik, ahlak temizliği
NEZAKET	a.	Başkalarına karşı saygılı ve kibar davranma; naziklik
NEZARET	a.	Bakma, gözetme, gözetim
NEZETME	a.	Nezetmek işi veya durumu
NEZLELİ	sf.	Nezlesi olan
NISFİYE	a.,müz.	Bir tür kısa ney
NİCELİK	a.	Bir şeyin sayılabilen, ölçülebilen veya azalıp çoğalabilen durumu; kemiyet, miktar, kantite
NİÇİNLİ	sf.	Herhangi bir soruya gerek duyan; nedenli
NİFAKÇI	sf.	► arabozan
NİHAYET	a.	► son
NİKÂHLI	sf.	Aralarında nikâh işlemi yapılan
NİKELAJ	a.	Metal bir yüzeyi nikelle kaplama işi
NİKELLİ	sf.	Birleşiminde nikel bulunan
NİKELSİ	sf.	Nikeli andıran, nikele benzeyen, nikel gibi
NİKOTİN	a.,kim.	Tütün yapraklarından çıkarılan, renksiz, açıkta bırakıldığında havadan oksijen alarak esmerleşen, 247 °C'de kaynayan, 1,033 yoğunluğunda çok zehirli bir alkaloit (C10H14N2)
NİLÜFER	a.,bit. b.	Nilüfergillerden, yaprakları yuvarlak ve geniş, çiçekleri beyaz, sarı, mavi, pembe renkte, durgun sularda veya havuzlarda yetişen bir su bitkisi (Nymphea)
NİNELİK	a.	Nine olma durumu; büyükannelik
NİRENGİ	a.	Belli sayıda noktanın konumunu kesin olarak tespit edebilmek için, bu noktaları tepe olarak kabul ederek bir alanı üçgenlere bölme işi
NİSAİYE	a.,tıp	► kadın hastalıkları
NİŞADIR	a.,kim.	► amonyak
NİŞANCI	sf.	Attığı kurşun, taş vb. ile hedefi vurmakta ustalık kazanmış olan
NİŞANLI	a.	Evlenmek için söz verip yüzük takmış olan kimse; adaklı, yavuklu
NİŞASTA	a.	Tahıl tanelerinden, mercimek, bezelye vb. bakla türleri veya patates gibi birtakım yumrulardan özel yöntemlerle çıkarılan una benzer bir madde
NİTEKİM	zf.	Gerçekten, hakikaten
NİTELİK	a.	Bir şeyin nasıl olduğunu belirten, onu başka şeylerden ayıran özellik; vasıf, keyfiyet
NİYABET	a.,esk.	► naiplik
NİYETÇİ	a.	Alıştırılmış güvercin, saka kuşu, tavşan vb. hayvanlara para karşılığında niyet çektiren kimse
NİYETLİ	sf.	Niyeti olan, niyet eden
NİZAMLI	sf.	Düzenli, tertipli olan
NİZASIZ	sf.	► kavgasız
NODULLU	sf.	Nodulu bulunan
NOHUTLU	sf.	İçine nohut katılmış (yiyecek)
NOHUTSU	sf.	Nohudu andıran, nohuda benzeyen, nohut gibi
NOKTACI	a.	Noktacılıkla ilgili, noktacılığı uygulayan kimse
NOKTALI	sf.	Nokta konmuş olan, üstünde noktalar olan
NOMİNAL	sf.	► saymaca
NOTLAMA	a.	Notlamak işi
NÖBETÇİ	a.	Nöbet bekleyen, nöbet sırası kendisinde olan kimse; nokta
NÖROLOG	a.,tıp	Sinir hastalıkları uzmanı
NÖROTİK	a.,tıp	Ruhsal sorunlar nedeniyle kaygı, sıkıntı, takıntı gibi rahatsızlıkları olan kimse
NÖTRLÜK	a.	Nötr bir cismin veya ortamın durumu, niteliği
NUHUSET	a.,esk.	► uğursuzluk
NUMERİK	sf.	► sayısal
NÜFUSÇU	a.	Nüfus memuru
NÜFUSLU	sf.	Herhangi bir nüfusa sahip olan
NÜFUZLU	sf.	Sözü geçer, istediğini yaptıran; erkli
NÜKLEER	sf.,fiz.	Atom çekirdeği ile ilgili; çekirdeksel
NÜKLEON	a.,fiz.	Atom çekirdeğini oluşturan proton ve nötronun ortak adı
NÜKTECİ	sf.	İnce anlamlı, düşündürücü, hoş sözler söyleyen (kimse); nekre, nüktedan
NÜKTELİ	sf.	Nükte ile süslenmiş, nüktesi olan, esprili; nüktedan
NÜMAYİŞ	a.,esk.	► gösteri
NÜZULLÜ	sf.	► inmeli
OBABAŞI	a.	Obanın başı olan kimse
OBELİSK	a.	► dikili taş
OBEZİTE	a.	Aşırı kiloluluk, hastalık ölçüsüne varan şişmanlık
OBEZLİK	a.	Obez olma durumu
OBRUKLU	sf.	Obruğu olan
OBRUMAK	nsz.	► çökmek
OBSESİF	sf.,ruh b.	► takıntılı
OBURLUK	a.	Obur olma durumu
OCAKAYI	a.	Sığırlarda asalaklara bağlı olarak görülen ve hayvanı öldüren bir hastalık
OCAKLIK	a.	► ocak
OCAKSIZ	sf.	Ocağı olmayan
ODABAŞI	a.	Hanlarda çalışan uşakların başı
ODAKSIZ	sf.	Herhangi bir şeye odaklanmamış, odağı olmayan
ODONTİT	a.,tıp	Diş iltihabı
ODONTOM	a.,tıp	Diş hücrelerinde oluşan ur
ODUNAĞA	sf.,kaba	► kalın kafalı
ODUNCUL	a.	Odunla beslenen böcek
ODUNLUK	a.	Odun konulan yer
ODUNSUZ	sf.	Odunu olmayan
OERSTİT	a.	Kalıcı mıknatıslanma özelliği taşıdığı için mıknatıs yapımında kullanılan, titan ve kobaltlı özel çelik
OFANSİF	sf.,sp.	Atağa dayalı
OFLAMAK	nsz.	"Of" diyerek sıkıntı, bezginlik, usanç, acı veya yorgunluk duyduğunu belli etmek
OFLAYIŞ	a.	Oflamak işi
OFSETÇİ	a.	Ofsetle uğraşan
OĞLANCI	a.,kaba	Hemcinsleriyle cinsel ilişkide bulunan erkek; luti, kulampara
OĞULCUK	a.	Oğlanlara sevgiyle yaklaşıldığını belirten bir söz
OĞULLUK	a.	Oğul olma durumu
OĞULSUZ	sf.	Oğlu olmayan
OHLAMAK	nsz.	Oh sesini çıkarmak
OJELEME	a.	Ojelemek işi
OKARİNA	a.,müz.	Orta Doğu, Uzak Doğu, Orta Amerika ve Güney Amerika’da kullanılan, seramikten yapılmış  bir tür flüt
OKAZYON	a.	► fırsat
OKÇULUK	a.	Ok yapma veya satma işi
OKKALIK	sf.	Herhangi bir okka ağırlığında veya oylumunda olan
OKLAMAK	nsz.	Ok gibi fırlamak
OKLANMA	a.	Oklanmak işi
OKRAMAK	nsz.,ağz.	Acıkmış, susamış olan at yiyecek veya su gördüğü zaman kişnemek
OKSALAT	a.,kim.	Billurları idrarda bulunabilen ve idrar yolunda taş yapan kalsiyum oksalatın kısa biçimi
OKSALİK	a.,kim.	Kuzukulağı vb. bitkilerde rastlanan, özellikle temizleme maddesi olarak kullanılan asit; kuzukulağı asidi, oksalik asit
OKSİJEN	a.,kim.	Atom numarası 8, atom ağırlığı 16 olan, hidrojenle birleşerek suyu oluşturan, rengi, kokusu ve tadı olmayan, havada beşte bir oranında bulunan bir gaz; müvellidülhumuza (simgesi O)
OKSİLİT	a.,kim.	Suyla birleştiğinde oksijen açığa çıkaran, birleşiminde nikel ve bakır tozları bulunan sodyum ve potasyum peroksit
OKSİTLİ	sf.	Bileşiminde oksit bulunan
OKSİYÜR	a.,hay. b.	► sivrikuyruk
OKŞAMAK	-i	Sevgi, şefkat belirtisi olarak elini bir şeyin üzerinde yavaş yavaş gezdirmek veya ona hafifçe vurmak; sevmek, sıvazlamak
OKŞANIŞ	a.	Okşanmak işi
OKŞANMA	a.	Okşanmak işi
OKŞANTI	a.	► okşama
OKŞATMA	a.	Okşatmak işi
OKŞAYIŞ	a.	Okşama işi
OKULDAŞ	a.	Aynı okulda okuyan kimseler
OKUNMAK	nsz.	Okuma işine konu olmak
OKURLUK	a.	Okur olma durumu
OKUTMAK	-i	Okumasını, öğrenim görmesini sağlamak
OKUTMAN	a.	Yükseköğretim kurumlarında ortak, zorunlu dersleri okutmak için görevlendirilen, uygulamalı çalışmaları yöneten öğretim elemanı; lektör
OKUYUCU	a.	Sürekli olarak gazete, dergi vb. okuyan; okur, kari
OLASICI	sf.	Olasıcılık yanlısı olan; probabilist
OLASILI	sf.	► muhtemel
OLASIYA	zf.	Olabileceği ölçüde, olabileceği kadar
OLAYCIK	a.	Küçük, önemsiz olay
OLAYSIZ	sf.	Olayı olmayan, hiçbir olay çıkmamış olan; hadisesiz
OLDUKÇA	zf.	► olabildiğince
OLDURMA	a.	Oldurmak işi veya durumu
OLGUNCA	sf.	Olgun gibi, olguna benzer
OLGUSAL	sf.	Olguya ilişkin
OLİGARK	a.	Oligarşi düzeni içinde yer alan, çok zengin yönetici veya iş adamı
OLİJİST	a.,jeol.	Kızıl renkli, kayaçlarda rastlanan doğal demir oksit
OLİMPİK	sf.	Olimpiyatlarla ilgili, olimpiyat ölçülerinde olan
OLMADIK	sf.	Daha önce olmamış, olağan karşıtı
OLMAMIŞ	sf.	Olgunlaşmamış, ham olan
OLMAZLI	sf.,man.	Olması ihtimal dışı olan
OLUKÇUK	a.	Küçük oluk
OLUMSAL	sf.,fel.	Olması kadar olmaması da mümkün bulunan, zorunlu karşıtı
OLUMSUZ	sf.	Gözetilen amaca veya beklenilene uygun olmayan; menfi, negatif
OLUNMAK	nsz.	Olma işine konu olmak
OLURLUK	a.	► olabilirlik
OLUŞMAK	nsz.	Belli bir varlık kazanmak, ortaya çıkmak, meydana gelmek; teşekkül etmek
OMENTUM	a.,anat.	İnsanın iç organlarını saran, karnın ön duvarını kaplayan zar
OMFAZİT	a.,min.	Piroksen grubundan, yeşil renkli doğal silikat
OMNİBÜS	a.,esk.	Şehirlerde yolcu taşıyan atlı araba
OMNİVOR	a.,biy.	Hem et hem ot ile beslenen canlı
OMUZDAŞ	a.	Aynı amaçla ve birlikte hareket eden kimse; ayaktaş, hempa
OMUZLUK	a.,ask.	► apolet
ONANİZM	a.	► mastürbasyon
ONANMAK	nsz.	Onama işine konu olmak
ONARICI	a.	Onarma işini yapan kimse; tamirci
ONARMAK	-i	Bozulmuş, eskimiş olan bir şeyi düzeltip işler veya kullanılır duruma sokmak, işe yarar duruma getirmek; tamir etmek
ONARTMA	a.	Onartmak işi
ONAŞMAK	nsz.	Karşılıklı rıza göstermek, razı olmak
ONATMAK	-i	Onama işini yaptırmak
ONAYSIZ	sf.	Onaylanmamış; tasdiksiz
ONBEŞLİ	sf.,tar.	Rumi takvime göre 1899 veya 1900 yılında doğanlar arasından Birinci Dünya Savaşı'na çağrılan (kimse)
ONDALIK	sf.,mat.	Temel olarak on sayısını alan; aşar, aşari
ONDURMA	a.	Ondurmak işi
ONDÜLİN	a.	Çatılarda kiremit altı levhası veya baraka vb. yapılarda çatı örtüsü olarak kullanılan özel levha
ONGUNCU	sf.,top. b.	► totemci
ONKOLOG	a.,tıp	Onkolojiyle ilgilenen bilim insanı
ONLARCA	sf.	► pek çok
ONMADIK	sf.	Talihi yaver gitmeyen, başı beladan kurtulmayan
ONSEKİZ	a.,sp.	► ceza alanı
ONULMAK	-den	Onma işine konu olmak
ONURLUK	a.	Bir başarıyı veya durumu ödüllendirmek amacıyla verilen türlü biçimlerde levha; plaket
ONURSAL	sf.	Saygı için verilen veya övünç için kabul edilen; fahri (başkanlık, üyelik, profesörlük vb. ünvan)
ONURSUZ	sf.	Onuru olmayan veya onura aykırı davranışlarda bulunan; haysiyetsiz
OPERACI	a.	Opera sanatçısı
OPSİYON	a.	► bekletme süresi
OPTİKÇİ	a.	► gözlükçü
OPTİMAL	sf.,mat.,ekon.	En uygun
OPTİMUM	sf.	En uygun, en elverişli
ORANSIZ	sf.	Kendinde oran bulunmayan; nispetsiz
ORDİNAT	a.,mat.	Bir noktanın uzaydaki yerini belirten sıralının ikinci bileşeni
ORDUEVİ	a.	Kara, deniz ve hava subay ve astsubaylarının buluştukları, sosyal gereksinimlerini karşılayabilecek biçimde yapılmış lokal veya yapı
ORDUGÂH	a.,ask.	Ordunun konakladığı yer
ORDUSUZ	sf.	Ordusu olmayan
ORGANEL	a.,biy.	Hücre içerisinde bulunan kendi içinde özelleşmiş yapı
ORGANİK	sf.	Doğal yolla yapılan
ORGANZE	a.	İpek veya keten iplikle dokunmuş, tülbent inceliğinde bir tür kolalı kumaş
ORİGAMİ	a.	Genellikle kare kâğıt parçalarını kesmeden ve yapıştırıcı kullanmadan sadece katlayıp çeşitli canlı ve cansız figürler oluşturularak yapılan kâğıt katlama sanatı
ORKİNOS	a.,hay. b.	► ton balığı
ORMANCI	a.	Ormanı korumakla görevli kimse; orman muhafaza memuru
ORNATMA	a.	Ornatmak işi, ikame etme
OROJENİ	a.,jeol.	► dağ oluşu
ORTAKÇA	zf.	► ortaklaşa
ORTAKÇI	a.	Ortakçılık yapan kimse; yarıcı, maraba
ORTALIK	a.	Bulunulan yer, çevre; piyasa
ORTANCA	sf.	Yaş bakımından üç kardeşin büyüğü ile küçüğü arasında bulunan
ORUÇSUZ	sf.	Oruç tutmayan (kimse)
OSMİYUM	a.,kim.	Atom numarası 76 olan, 5027 °C'de kaynayan, 3050 °C'de eriyen, mavi renkte, platin filizlerinde bulunan çok kırılgan bir element (simgesi Os)
OSURGAN	sf.,tkz.	Çok yellenen
OSURMAK	nsz.,kaba	► yellenmek
OSURTMA	a.	Osurtmak işi
OTALAMA	a.	Otalamak işi
OTANTİK	sf.	Eskiden beri mevcut olan özelliklerini taşıyan; orijinal
OTARMAK	-i,ağz.	► otlatmak
OTİSTİK	sf.,ruh b.	Otizmle ilgili
OTİZMLİ	sf.	Otizm belirtileri gösteren (kimse); otist, otistik
OTLAKÇI	sf.,argo	► asalak
OTLAMAK	nsz.	Hayvan, dolaşarak yerdeki ot, çimen, yaprak vb.ni yemek; yayılmak
OTLANMA	a.	Otlanmak işi
OTLATMA	a.	Otlatmak işi
OTODRAG	a.	► kalkış yarışı
OTOGRAF	sf.	Bir yazarın veya kişinin kendi elinden çıkan (yazı)
OTOKLAV	a.	Vida ve cıvatalarla tutturulmuş basit bir kapağı olan, iç basınca dayanıklı kap
OTOKRAT	sf.	Siyasal kudreti elinde bulunduran (hükümdar)
OTOKTON	sf.	► yerli
OTONOMİ	a.	► özerklik
OTOPARK	a.	Taşıtların trafik bakımından uygun olan ve belli bir süre bırakıldıkları açık veya kapalı yer; park yeri, park
OTORİTE	a.	Yaptırma, yasak etme, emretme, itaat ettirme hakkı veya gücü; yetke, sulta, velayet
OTOSİST	a.,anat.	► işitme kesesi
OTOSKOP	a.	Dış kulak yolunu ve kulak zarını muayeneye yarayan alet
OTOSTOP	a.	Bir yayanın yoldan geçen bir otomobili durdurarak binmesi ve gideceği yere para vermeden gitmesi
OTOTROF	sf.,biy.	► özbeslenen
OTURMAK	-e	Vücudun belden yukarısı dik duracak biçimde ağırlığı kaba etlere vererek bir yere yerleşmek
OTURMUŞ	sf.	Yerleşik, yerleşmiş, güçlenmiş; stabil
OTURTMA	a.	Oturtmak işi
OTURTUM	a.,müz.	Bir müzik parçasının seslendirilişinde insan sesleri ile çalgıların görevlendiriliş düzeni
OTUZLUK	sf.	Otuz tanesi bir arada olan veya içinde aynı şeyden otuz tane bulunan
OVALAMA	a.	Ovalamak işi
OVALLİK	a.	Oval olma durumu
OVDURMA	a.	Ovdurmak işi
OVERLOK	a.	Kumaş, halı, kilim vb.nin kenarına makine ile yapılan sıkı, zikzaklı dikiş
OVULMAK	nsz.	Ovma işine konu olmak
OVUNMAK	nsz.	Ovma işi yapılmak
OYALAMA	a.	Oyalamak işi
OYCULUK	a.	Oy alabilmek için türlü yollara başvurma işi
OYDAŞMA	a.	Düşünce birliği içerisinde olma
OYDURMA	a.	Oydurmak işi
OYLAMAK	-i	Oya koymak veya oya sunmak
OYLANIŞ	a.	Oylanmak işi
OYLANMA	a.	Oylanmak işi
OYLAŞMA	a.	► müzakere
OYLATMA	a.	Oylatmak işi
OYLUMLU	sf.	► hacimli
OYNAKÇA	sf.	Biraz oynak
OYNAMAK	nsz.	Vakit geçirme, eğlenme, oyalanma vb. amaçlarla bir şeyle uğraşmak
OYNANIŞ	a.	Oynanmak işi
OYNANMA	a.	Oynanmak işi
OYNAŞMA	a.	Oynaşmak işi
OYNATIM	a.	Oynatmak işi
OYNATIŞ	a.	Oynatmak işi
OYNATMA	a.	Oynatmak işi
OYNAYIŞ	a.	Oynamak işi
OYULMAK	nsz.	Oyma işi yapılmak
OYUNBAZ	sf.	Oynamayı seven
OYUNCAK	a.	Oyun aracı
OYUNLUK	a.	► sahne
OZANLIK	a.	► şairlik
ÖÇLENME	a.	Öçlenmek durumu
ÖDEMELİ	sf.	Değeri ödendikten sonra alıcıya verilecek olan
ÖDENMEK	nsz.	Ödeme işine konu olmak
ÖDEŞMEK	nsz.,-le	Birbirine olan borçları ödeyip alacak verecek bırakmamak
ÖDETMEK	-e,-i	Ödeme işini yaptırmak
ÖDEVCİL	sf.	Ödevine bağlı olan, ödevlerini yerine getirmeyi seven; vazifeşinas
ÖDLEKÇE	sf.	Ödleğe yaraşır, ödlek gibi
ÖDÜNSÜZ	sf.	Ödün niteliğinde olmayan, ödün vermeksizin yapılan; ivazsız, tavizsiz
ÖFKESİZ	sf.	Öfkelenmeyen; hiddetsiz
ÖĞLENCİ	a.	İkili öğretim yapan okullarda öğleden sonra ders gören öğrenci, sabahçı karşıtı
ÖĞLENDE	zf.	► öğleyin
ÖĞLEYİN	zf.	Günün öğle saatlerinde; öğlende
ÖĞRENCE	a.	Öğrenmek amacıyla deneme olarak yapma
ÖĞRENCİ	a.	Öğrenim görmek amacıyla ders alan kimse; okul çocuğu, mektep çocuğu, mektepli, şakirt, talebe, tilmiz
ÖĞRENİM	a.	Herhangi bir meslek, sanat veya iş için gerekli bilgi, beceri ve alışkanlıkların elde edilmesi amacıyla yapılan çalışma; tahsil
ÖĞRENİŞ	a.	Öğrenmek işi
ÖĞRENME	a.	Öğrenmek işi; istihbar
ÖĞRETİM	a.	Belli bir amaca göre gereken bilgileri verme işi; talim, tedrisat
ÖĞRETİŞ	a.	Öğretmek işi
ÖĞRETME	a.	Öğretmek işi; tedris
ÖĞÜRLÜK	a.	Öğür olma durumu
ÖĞÜRMEK	nsz.	Kusarken veya kusacak gibi olurken "öğürtü" sesi çıkarmak
ÖĞÜRTME	a.	Öğürtmek işi
ÖĞÜTMEK	-i	Tane durumundaki nesneleri bir araçla ezerek un durumuna getirmek
ÖĞÜTÜCÜ	sf.	Öğütme özelliği olan
ÖKÇESİZ	sf.	Ökçesi olmayan (ayakkabı)
ÖKSEMEK	-i,ağz.	Özlemek, göreceği gelmek, istemek
ÖKSÜRME	a.	Öksürmek işi
ÖKSÜRÜK	a.	Ciğerlerdeki havanın, solunum organlarının kasılması ve zorlanmasıyla ağızdan gürültü ile çıkması
ÖKSÜRÜŞ	a.	Öksürmek işi
ÖKÜZLÜK	a.	Budalalık, sersemlik
ÖLÇEKLİ	a.,geom.	Ölçek farkıyla aynı bütünü veren geometrik şekil veya eleman
ÖLÇERME	a.	Ölçermek işi
ÖLÇÜLEN	a.,fiz.	Bir ölçme işlemine imkân sağlayan fiziksel büyüklük
ÖLÇÜLME	a.	Ölçülmek işi
ÖLÇÜLÜK	a.	Ölçü olma durumu
ÖLÇÜMLÜ	sf.,mat.	Metre veya metreyi temel olarak alan ölçülerle ilgili; metrik
ÖLÇÜNLÜ	sf.	► standart
ÖLÇÜNME	a.	Ölçünmek durumu
ÖLÇÜSÜZ	sf.	Ölçülmemiş, ölçüsü alınmamış olan
ÖLÇÜŞME	a.	Ölçüşmek işi
ÖLÇÜTLÜ	sf.	Ölçütü olan
ÖLDÜRME	a.	Öldürmek işi; gebertme, katil (II)
ÖLDÜRÜM	a.	Öldürmek işi
ÖLDÜRÜŞ	a.	Öldürmek işi
ÖLESİYE	zf.	Ölümü göze alacak kadar; ölürcesine
ÖLÜDOĞA	a.	► natürmort
ÖLÜMCÜL	sf.	Ölümle sona erme ihtimali olan veya ölümle sona eren
ÖLÜMLÜK	a.	Bazı kimselerin, öldüklerinde cenazelerinin kaldırılmasına harcanmak için ayırdıkları para
ÖLÜMSEK	sf.,ağz.	► ölümcül
ÖLÜMSÜZ	sf.	Hiçbir zaman ölmeyecek olan; bengi (I), kalımlı, ölmez, baki, ebedî, layemut
ÖLÜMÜNE	zf.	Her türlü olumsuzluğu var gücüyle göze alarak
ÖLÜNMEK	nsz.	Kendini feda etmek
ÖMRÜNCE	zf.	Ömrü boyunca, yaşadığı süre içinde
ÖMÜRSÜN		beklenilmeyen iyi davranışlar karşısında kullanılan bir söz
ÖMÜRSÜZ	sf.	Ömrü kısa olan
ÖNCEDEN	zf.	Başlarken, başlangıçta, daha önce; evvelce, evvelden, peşinen
ÖNCELİK	a.	Bir şeyin başka bir şeyden veya şeylerden daha önce olması veya yapılması durumu; evvellik, rüçhan, takaddüm
ÖNCESİZ	sf.	Zamanda başlangıcı olmayan; ezelî
ÖNCÜLÜK	a.	Öncü olma durumu
ÖNDELİK	a.	Yapılacak bir hizmet veya satın alınacak bir mal için anlaşmaya göre önceden ödenen miktar; avans
ÖNEMSİZ	sf.	Önemi olmayan; ehemmiyetsiz, ufak çapta, yarım yırtık, çurçur
ÖNERMEK	-i	Tavsiye etmek
ÖNGÖRME	a.	Öngörmek işi
ÖNLEMEK	-i	Bir şeyin olmasına veya yapılmasına engel olmak
ÖNLENİŞ	a.	Önlenmek işi
ÖNLENME	a.	Önlenmek işi
ÖNLEYİŞ	a.	Önleme işi
ÖNLÜKLÜ	sf.	Önlük giymiş olan
ÖNOLOJİ	a.	Şarapla ve şarap yapımıyla ilgilenen bilim dalı
ÖNÜNDEN	zf.	-den biraz önce
ÖPTÜRME	a.	Öptürmek işi
ÖPÜLMEK	nsz.	Öpme işine konu olmak
ÖPÜŞMEK	nsz.,-le	Birbirini öpmek
ÖRDÜRME	a.	Ördürmek işi
ÖRENLİK	a.	Ören durumuna gelmiş yer; ören yeri
ÖRGÜSÜZ	sf.	Örgüsü olmayan
ÖRGÜTÇÜ	a.	Örgütleme işleriyle uğraşan kimse; teşkilatçı
ÖRGÜTLÜ	sf.	Örgütlenmiş olan; teşkilatlı
ÖRKLEME	a.	Örklemek işi
ÖRNEĞİN	bağ.	► söz gelişi
ÖRTENEK	a.,anat.	Hayvanların vücudunu örten deri, kıl, tüy, pul vb. dokuların bütünü
ÖRTMECE	a.,ed.	Söylenmesi kaba, çirkin veya sakıncalı görülen nesnelerin, kavramların, başka kelimelerle daha uygun ve edepli bir biçimde anlatılması; edebikelam
ÖRTÜLME	a.	Örtülmek işi
ÖRTÜLÜŞ	a.	Örtülmek işi
ÖRTÜNME	a.	Örtünmek işi
ÖRTÜNÜŞ	a.	Örtünmek işi
ÖRTÜSÜZ	sf.	Örtüsü olmayan
ÖRTÜŞME	a.	Örtüşmek durumu veya biçimi
ÖRÜLMEK	nsz.	Örme işi yapılmak
ÖRÜMCEK	a.,hay. b.	Örümcekler takımından, ince bir ağ örerek küçük böcekleri avlayan eklemli bir hayvan; örümce (Araneae)
ÖTANAZİ	a.	► ölme hakkı
ÖTEBERİ	a.	Önemsiz, ufak tefek şeyler
ÖTEKİSİ	zm.	Sözü edilenden başkası; diğeri, yekdiğeri
ÖTELEME	a.	Ötelemek işi
ÖTLEĞEN	a.,hay. b.	► çalı bülbülü
ÖTTÜRME	a.	Öttürmek işi
ÖTÜMSÜZ	sf.,db.	► tonsuz
ÖTÜRMEK	nsz.,ağz.	İshal olmak
ÖTÜŞMEK	nsz.,-le	Birlikte veya karşılıklı ötmek
ÖVDÜRME	a.	Övdürmek işi
ÖVÜLMEK	nsz.	Övme işine konu olmak
ÖVÜNGEN	sf.	Çok övünen
ÖVÜNMEK	-le	Bir niteliği sebebiyle kendini yücelmiş sayarak bundan abartmalı bir biçimde söz etmek; kıvançlanmak, iftihar etmek
ÖYKÜNCE	a.,ed.	► fabl
ÖYKÜNME	a.	► taklit
ÖYKÜNÜŞ	a.	Taklit ediş
ÖYLEYSE	zf.	Bu durum karşısında, sonuç olarak denilebilir ki; o hâlde
ÖZÇEKİM	a.	Cep telefonu vb.nin ön kamerası ile kendisinin veya kendisiyle birlikte bir grubun fotoğrafını çekme
ÖZDEKÇİ	sf.,fel.	► maddeci
ÖZDEYİŞ	a.	Bir düşünceyi, bir duyguyu, bir ilkeyi kısa ve kesin bir biçimde anlatan, genellikle kim tarafından söylendiği bilinen özlü söz; vecize, kelamıkibar, aforizm, aforizma, motto
ÖZELLİK	a.	Bir şeyin benzerlerinden veya başka şeylerden ayrılmasını sağlayan nitelik; hususiyet, hasiyet, hassa, mahsusluk, spesiyalite
ÖZENGEN	sf.	► amatör
ÖZENMEK	-e	Beğendiği şeye benzemeye çalışmak, o şeyi yapmak için çaba göstermek
ÖZENSİZ	sf.	Özen gösterilmeyen (iş); itinasız
ÖZGECİL	sf.	► özgeci
ÖZGÜLÜK	a.	Özgü olma durumu; mahsusluk
ÖZGÜRCE	zf.	Özgür bir biçimde; özgürcesine
ÖZİŞLER	a.	Endüstride, yönetimde ve bilimsel işlerde insan aracılığı olmadan işlerin otomatik olarak yapılması; öz devim, otomasyon
ÖZLEMEK	-i	Bir kimseyi, bir yeri veya bir şeyi görmeyi, ona  kavuşmayı istemek, göreceği gelmek
ÖZLEMLİ	sf.	Özlemi olan, özleyen; hasretli
ÖZLENİŞ	a.	Özlenmek işi
ÖZLENME	a.	Özlenmek işi
ÖZLENTİ	a.	► özlem
ÖZLEŞME	a.	Özleşmek işi; arılaşma
ÖZLETME	a.	Özletmek işi
ÖZLEYİŞ	a.	Özlemek işi
ÖZLÜLÜK	a.	Özlü olma durumu
ÖZNELCİ	sf.,fel.	Öznelcilik yanlısı, öznelciliği benimseyen ve savunan; subjektivist
ÖZSEVER	sf.,ruh b.	Kendi benliğine bağlanan, hayran olan (kimse); narsist
ÖZÜRSÜZ	sf.	Özrü olmayan
ÖZVEREN	sf.	► özverili
PABUÇÇU	a.	► ayakkabıcı
PABUÇLU	sf.	Ayağında pabucu olan
PAÇALIK	a.	Pantolon, şalvar veya uzun külot paçasının ayak bileğini saran bölümü
PAÇARIZ	sf.,ağz.	► çaparız
PAÇASIZ	sf.	Paçası olmayan
PAÇAVRA	a.	Eskimiş bez veya kumaş parçası; çaput
PADALYA	a.	Öldürüldükten sonra süs amacıyla içi doldurulmuş hayvan
PADİŞAH	a.,tar.	Osmanlı Devleti'nde devlet başkanına verilen ünvan
PAFTALI	sf.	Paftası olan
PAHLAMA	a.	Pahlamak işi
PAKLAMA	a.	► temizleme
PALALIK	a.,mim.	Çatı kirişinin yanı
PALAMAR	a.,den.	Gemileri iskele, rıhtım veya şamandıraya bağlamaya yarayan kalın halat
PALAMUT	a.,hay. b.	Uskumrugillerden, eti esmer, büyüklüğüne göre "Çingene palamudu, torik, sivri, altıparmak (I), piçuta" adlarını alan, pulsuz bir balık; sivri (Pelamys sarda)
PALANGA	a.	Bir halatla makaralardan oluşturulan, ağır cisimleri kaldırmaya, sağa sola döndürmeye yarayan düzenek; caraskal
PALANKA	a.,tar.	Ağaç ve toprakla yapılmış, hendekle çevrilmiş küçük hisar
PALASKA	a.,ask.	Askerlerin bellerine bağladıkları veya göğüslerine çaprazlama taktıkları, üzerinde fişek, kasatura vb. koymak için yerleri bulunan, genellikle köseleden yapılmış kayış
PALAVRA	a.,argo	Herhangi bir konuda gerçeğe aykırı, uydurma söz veya haber; balon, mavra
PALETLİ	sf.	Paleti olan (taşıt)
PALMİYE	a.,bit. b.	Palmiyegillerden olan ağaçların genel adı
PALTOLU	sf.	Paltosu olan
PALYAÇO	a.	Kendisini seyredenleri güldüren ve eğlendiren, acayip kılıklı, yüzü aşırı ve komik biçimde boyalı oyuncu
PAMUKÇU	a.	Pamuk yetiştiren kimse
PAMUKLU	sf.	Pamuk ipliği veya başka iplikler karıştırılarak dokunmuş (kumaş)
PANAYIR	a.	Belli zamanlarda ve genellikle küçük yerleşim birimlerinde kurulan, sergi niteliğini de taşıyan büyük pazar
PANDEMİ	a.,tıp	► küresel salgın
PANKART	a.	Toplantı ve gösterilerde taşınan, üzerinde benimsenen amacın birkaç sözle gösterildiği karton veya bezden levha
PANKRAS	a.	Güreşle boksu birleştiren spor karşılaşması
PANTEON	a.	Yunan ve Romalıların en büyük tapınaklarına verdikleri ad
PAPAĞAN	a.,hay. b.	Papağangillerden, tırmanıcı, eğri gagalı, pek çok türü bulunan, insan sesini taklit edebilen kuşların genel adı; dudu
PAPALIK	a.	Papanın makamı veya görevi
PAPELCİ	a.	► zarfçı
PAPİKÇİ	a.	Sokak satıcısı
PAPİRÜS	a.,bit. b.	Papirüsgillerden, Nil kıyılarında yetişen, sürüngen, çıplak saplı, otsu bir bitki (Cyperus papirus)
PAPRİKA	a.	Acısı az bir tür kırmızıbiber
PARABOL	a.,mat.	Bir düzlemin odak denen sabit bir noktadan ve doğrultman denen sabit bir doğrudan eşit uzaklıktaki noktalarının geometrik yeri; yarı kübik
PARAÇOL	a.,den.	Gemi çatmasında eğri parça
PARAFİN	a.,kim.	Katran, petrol, neft vb. maddelerden çıkarılan, katı, beyaz, yarı saydam, buharı parlak bir alevle yanan, kimyasal etkenlere karşı ilgisiz, katı hidrokarbon; alkan
PARAGAT	a.,den.	► paraketa
PARAGÖZ	sf.,mec.	Parayı çok seven, paraya çok düşkün (kimse); para canlısı, paragözlü
PARALEL	sf.,mat.	Aynı düzlem içinde ikişer ikişer bulunan ve kesişmeyen; koşut, muvazi, mütevazi
PARAPET	a.,den.,mim.	► küpeşte
PARASAL	sf.	Para ile ilgili, para bakımından; mali, nakdî, akçasal
PARASIZ	sf.	Parası olmayan; zil (II)
PARAŞÜT	a.	Hava taşıtından veya yüksek bir yerden atılan bir cismin veya atlayan bir insanın kontrollü biçimde yere inmesini sağlayan araç
PARAVAN	a.	Menteşelerle birbirine bağlı birkaç parçadan oluşan ve yapılarda bazı bölümleri ayırmakta kullanılan, katlanır, taşınır çerçeveli perde; paravana
PARAZİT	a.,biy.	► asalak
PARÇACI	a.	Kumaş toplarından artmış parçaları satan kimse
PARÇALI	sf.	Birden çok parçadan oluşmuş
PARDÖSÜ	a.	Serin havalarda öbür giysilerin üzerine giyilen, paltodan ince üstlük
PARILTI	a.	Parıldama, göze çarpan parlaklık; balkır, ışılak, şaşaa, şimşek, şule
PARKECİ	a.	Parke yapan, satan veya döşeyen kimse
PARLAMA	a.	Parlamak işi; delepme
PARTİCİ	a.	Parti üyesi; fırkacı
PARTİLİ	sf.	Bir partiden olan (kimse)
PARTNER	a.	► eş
PASAKLI	sf.	Kılığının veya eşyasının düzgün ve temiz olmasına özenmeyip düzensizlik içinde yaşayan (kimse); çapaçul, etekserpen
PASAVAN	a.	Sınırdaş olan ülkelerin sınır bölgeleri içinde oturan kendi vatandaşlarına komşu bölge sınırları içinde kısa süreli dolaşmalarını sağlamak üzere verdiği belge
PASTACI	a.	Pasta (I) yapan veya satan kimse
PASTALI	sf.	Üzerinde pasta (III) bulunan
PASTANE	a.	Pasta vb. yapılan, yenilen ve satılan yer; pastacı
PAŞALIK	a.	Paşa ünvanı veya paşa olma durumu
PATADAK	zf.	► ansızın
PATALYA	a.,den.	Her iki küreği bir kişi tarafından çekilen, birden üç çifteye kadar savaş gemisi sandalı
PATATES	a.,bit. b.	Patlıcangillerden, yaprakları ve sürgünleri acı bir bitki (Solanum tuberosum)
PATENCİ	a.	Buz pateni yapan veya patenle kayan kimse
PATETİK	sf.	► etkili
PATIRTI	a.	Pat pat çıkan sesin adı
PATİKLİ	sf.	Patiği olan
PATİNAJ	a.,sp.	► buz pateni
PATİSKA	a.	Genellikle pamuktan dokunmuş sık ve düzgün bez
PATLAMA	a.	Patlamak işi
PATOJEN	sf.,tıp	Hastalık oluşturan
PATOLOG	a.,tıp	Özellikle patoloji ile uğraşan doktor
PATOZCU	a.	Patozuyla ücret karşılığı harman işi yapan kimse
PATRONA	a.,ask.	Osmanlı donanmasında kaptan paşadan sonra gelen, üç büyük amiral rütbesinden ikincisi
PATSOCU	a.	Patso yaparak satan kimse
PAVURYA	a.	Bir cins iri yengeç
PAYANDA	a.	► destek
PAYİDAR	sf.	Sonsuza kadar yaşayacak ve kalıcı olan
PAYLAMA	a.	► azarlama
PAYREKS	a.	Isıya ve kimyasal etkilere dayanıklı bir cam türü
PAZARCI	a.	Değişik günlerde kurulan pazarlarda mal satan kimse
PAZVANT	a.,tar.	Rumeli'de gece bekçisi
PEÇESİZ	sf.	Yüzünü örtmek için peçe takmamış olan
PEDAGOG	a.	► eğitim bilimci
PEDAVRA	a.	Köknar ve ladin ağaçlarından elde edilen, çatı örtüsü olarak kullanılan ince tahta; balar
PEDİKÜR	a.	Tırnakları kesip düzeltme, nasırları yumuşatma veya çıkarma gibi işlerden oluşan  ayak bakımı
PEDOFİL	a.	► sübyancı
PEDOLOG	a.	► çocuk bilimci
PEELİNG	a.	343 soyum
PEGANİT	a.,min.	Hidratlı doğal alüminyum fosfat
PEKİŞME	a.	Pekişmek işi
PEKİTME	a.	► tekit
PELERİN	a.	Omuzlardan aşağı dökülen, geniş, kolsuz bir tür üstlük
PELİKAN	a.,hay. b.	Pelikangillerden, pembeye çalan beyaz tüylü, kanatları gri renkli, alt gagasında deriden bir kesesi olan iri kuş; kaşıkçı kuşu (Pelecanus onocrotalus)
PELİKÜL	a.	Boş film, film şeridi
PENALTI	a.,sp.	Futbol ve hentbolda ceza alanı içinde gerçekleşen kural dışı bir hareket sebebiyle yalnız kalecinin koruduğu kaleye ortadan ve tam karşıdan yapılan atış; ceza atışı, ceza vuruşu
PENCÜDÜ	a.	Zarla oynanan oyunlarda, atılan zarlardan birinin beş, öbürünün iki benekli olan yüzünün üste gelmesi
PENCÜSE	a.	Zarla oynanan oyunlarda, atılan zarlardan birinin beş, öbürünün üç benekli olan yüzünün üste gelmesi
PENÇELİ	sf.	Pençesi olan
PENÇGÂH	a.,müz.	Klasik Türk müziğinde rast ve bayati dizilerinden oluşan birleşik makam
PENGUEN	a.,hay. b.	Penguengillerden, Güney Kutbu'nda yaşayan, sırtı kara, göğsü ak, iyi yüzen, deniz hayvanlarıyla beslenen, uçamayan, kısa kanatlı deniz kuşu (Aptenodytes patagonica)
PENUVAR	a.	Bir tür sabahlık
PEPELİK	a.	Pepe olma durumu; pepemelik
PERDECİ	a.	Perde satan veya diken kimse
PERDELİ	sf.	Perdesi olan veya perde ile örtülü bulunan
PERENDE	a.	Havada çark gibi dönerek atılan takla
PERGOLA	a.	► gölgelik
PERİCİK	a.	Kilit dili
PERİDOT	a.,jeol.	► olivin
PERİŞAN	sf.	Dağınık, düzensiz, karmakarışık olan; berduş
PERİTON	a.,anat.	► karın zarı
PERİYOT	a.	► dönem
PERMALI	sf.	Saçları perma olan
PERMEÇE	a.,den.	Yedek olarak kullanılan ince halat
PERSENK	a.	► pelesenk (II)
PERUKAR	a.,esk.	► berber
PERUKÇU	a.	Peruk yapan, hazırlayan veya satan kimse
PERVANE	a.	Geceleri ışık çevresinde dönen küçük kelebek; kepenek (II)
PESPAYE	sf.	► alçak
PEŞİNAT	a.	Bir alışveriş veya hizmet için önceden verilen bir miktar para
PEŞİNCİ	a.	Malı peşin para ile satan veya satın alan kimse
PEŞİNEN	zf.	Peşin olarak
PETUNYA	a.,bit. b.	Patlıcangillerden, çeşitli renkte çiçekler açan, kokulu bir süs bitkisi (Petunia)
PEYAPEY	zf.,esk.	► arka arkaya
PEYKLİK	a.	Peyk olma durumu
PEYLEME	a.	Peylemek işi
PIRILTI	a.	Pırıldayan şeyin yansıttığı ışık
PIRLAMA	a.	Pırlamak işi
PIRPIRI	a.,tar.	Yeniçeri salma erlerinin giydikleri kırmızı çuhadan yapılmış cübbe; pirpiri
PIRTLAK	sf.	Pırtlamış, dışarı fırlamış
PISIRIK	sf.	Tutuk, sünepe, aşırı çekingen, yüreksiz ve beceriksiz (kimse); ezik, girgin karşıtı
PITIRTI	a.	Çok hafif patırtı, hafif gürültü
PİGMENT	a.,biy.	► boyar madde
PİKAJCI	a.	Pikaj yapan kimse
PİLESİZ	sf.	Pilesi olmayan; plisiz
PİLİSİZ	sf.	Pilisi olmayan
PİLOTAJ	a.	Bir hava taşıtını yönetme
PİPOSUZ	sf.	Piposu olmayan
PİRAMİT	a.,mat.	Tepeleri ortak bir noktada birleşen, tabanları da herhangi bir çokgenin birer kenarı olan birtakım üçgenlerden oluşmuş cisim; ehram
PİRELER	a.,hay. b.	İnsanlarla hayvanlarda dış asalağı olarak yaşayan, ağız yapıları kan emmeye elverişli, birçok familyaya ayrılan kanatlılar takımı
PİRPİRİ	a.,tar.	► pırpırı
PİRSİNG	a.	Vücudun herhangi bir yerine süs amacıyla takılan metal halka, kanca, top vb
PİRÜPAK	sf.,esk.	► tertemiz
PİRZOLA	a.	Kasaplık hayvanda omurganın iki yanındaki kaburga kemiklerine bağlanan bölge
PİSLEME	a.	Pislemek işi
PİSTOLE	a.	Kâğıt üzerine tasarım yaparken doğrusal eğri çizmek için kullanılan, ölçü işaretsiz cetvel
PİSUVAR	a.	Genel tuvaletlerde erkeklerin kullandığı, duvar kenarına yerleştirilmiş sidiklik
PİŞEĞEN	sf.	► pişkin
PİŞİRİM	a.	Pişirmek işi; pişim
PİŞİRİŞ	a.	Pişirmek işi
PİŞİRME	a.	Pişirmek işi
PİYANGO	a.	Düzenleyenlerce bastırılmış numaralı kâğıtları satın alanlar içinden, kazananların kura ile belirlendiği talih oyunu
PİYAZCI	a.	Piyaz yapıp satan kimse
PİZOLİT	a.,jeol.	Kalsiyum karbonat birleşimli, nohut büyüklüğünde, yuvarlağımsı kalsit tanecikleri veya bunların bağlanmasıyla taş durumuna geçen kireç taşı
PİZZACI	a.	Pizza yapan veya satan kimse
PLAKACI	a.	Plaka yapıp satan kimse
PLAKALI	sf.	Üzerinde plaka bulunan
PLANSIZ	sf.	Belirli bir planı olmayan
PLASMAN	a.,ekon.	► yatırım
PLASTER	a.	Genellikle ciltteki yara vb. hasarların dış etkenlerden korunması veya tıbbi gereçlerin cilde sabitlenmesi için kullanılan yapışkan özellikte malzeme
PLASTİK	a.	Isı ve basınç etkisiyle biçim verilen, organik veya sentetik olarak yapılan madde
PLEYBEK	a.,sin.,TV	Önceden kaydedilmiş bir şarkı çalınırken, seslendirmeye uygun olarak çeşitli mimik ve hareketlerle o anda söylüyormuş gibi yapılması
PLONJON	a.,sp.	► dalış
POKERCİ	a.	Poker oynayan kimse
POLARGI	a.,fiz.	► polarıcı
POLARMA	a.,fiz.	Doğrudan doğruya kendi kaynağından çıkan bir ışığın, yansıdıktan veya kırıldıktan sonra gösterdiği özelliklerin tümü; polarizasyon
POLEMİK	a.	► söz dalaşı
POLİGAM	sf.,top. b.	► çok eşli
POLİGON	a.	► atış poligonu
POLİMCİ	a.,argo	► gösterişçi
POLİMER	sf.,kim.	Aynı yapıda iki veya daha fazla molekülün birbirine eklenmesiyle meydana gelen (madde)
POLİNOM	sf.,mat.	► çok terimli
POLİSAJ	a.	Dokunmuş kumaşlardaki tarak izlerini yok etmek için bu kumaşları bir bıçaktan geçirme işlemi
POLİTİK	sf.	► siyasal
POLONEZ	a.,müz.	Üçerli ölçülü ve orta tempolu müzik eşliğinde oynanan, keskin bir biçimde birbirine eklemlenen ritimlere sahip bir tür halk dansı
POMPALI	sf.	Pompası olan
POPÜLER	sf.	Halkın arasında yaşayan motiflere, ögelere yer veren, onlardan yararlanan, halkın zevkine uygun, halk tarafından tutulan
PORNOCU	sf.	Porno ile uğraşan (kimse)
PORSUMA	a.	► pörsüme
PORTFÖY	a.,ekon.	Banka, simsar veya bir aracı kuruluşun kendi elinde tuttuğu, istediği gibi tasarruf ettiği menkul değerler toplamı
PORTMAK	nsz.	Sıyrılıp kaçmak, kayıp gitmek
POSASIZ	sf.	Posası olmayan
POSTACI	a.	Mektup, gazete, havale, paket vb.ni gönderilen yere ulaştıran posta idaresi görevlisi; çapar (I)
POSTANE	a.	Posta ile gönderilen maddelerin kabul edildiği, postaya verilmiş maddelerin ayrım ve dağıtımının yapıldığı bina
POSTSUZ	sf.	Postu olmayan
POŞUSUZ	sf.	Poşusu olmayan
POTBAŞI	a.	Potun yanaştığı geçiş noktası
POTPURİ	a.,müz.	► karmaca
POTURLU	sf.	Potur giymiş olan
POZİTİF	sf.	► olumlu, negatif karşıtı
POZLAMA	a.	Çekilen fotoğrafın doğru oranlarda ışık alıp almaması durumu
PÖHRENK		► künk
PÖRSÜME	a.	Pörsümek işi; porsuma
PÖRTLEK	sf.	Dışarıya doğru çıkık, patlak (göz)
PÖSTEKİ	a.	Koyun veya keçi postu
PÖTİBÖR	a.	Çifte fırınlanmış, tereyağlı, dikdörtgen biçiminde, kenarları tırtıklı bir bisküvi türü
PÖTİFUR	a.	Kuru hamurdan hazırlanan veya arasına krema doldurulan küçük pasta
PRATİKA	a.,den.	Kıyı sağlık idaresi tarafından gemilere verilen giriş çıkış izni
PREBOLİ	a.	► arı zamkı
PRENSES	a.	Hükümdar ailesinden olan kadın veya kızlara verilen ünvan
PRENSİP	a.,man.	► ilke
PRESBİT	sf.	Presbitliğe uğramış (göz veya kimse)
PRESTİJ	a.	► saygınlık
PRİNTER	a.,bl.	343 yazıcı
PROBLEM	a.,mat.	Teoremler veya kurallar yardımıyla çözülmesi istenen soru; mesele
PROGRAM	a.	Belirli şartlara ve düzene göre yapılması öngörülen işlemlerin bütünü; izlence
PROJECİ	a.	Proje sahibi veya proje yapan kimse
PROSTAT	a.,anat.	Erkeklerde idrar torbasının altında bulunan, siyeğin başlangıç bölümünü çevreleyen ve meni yapımında görev alan, iç salgı da salgılayan bez; kestanecik
PROTEİN	a.,kim.	Canlı hücrelerin ana maddesini oluşturan, genellikle sülfür, oksijen ve karbon ögeleri bulunan amino asit birleşiminden oluşmuş, yumurta akı, et, süt vb. yiyeceklerde bulunan, karmaşık yapılı doğal madde
PROVALI	sf.	Provası yapılmış olan veya bulunan
PROVOKE	sf.	"Kışkırtmak" anlamındaki provoke etmek birleşik fiilinde geçen bir söz
PROZODİ	a.,müz.	Bir şiirin bestelenmesinde, şiirin hece vurgularının müzik vurgu ve yükselişleriyle iyice uyuşmuş olması ve bunu sağlayan müzik kurallarının tümü
PUANLIK	sf.	Puan değerinde olan
PUANSIZ	sf.	Üzerinde puan bulunmayan
PUANTAJ	a.	Bir şeyin denetlendiğini veya görüldüğünü belirtmek için işaretleme, işaret koyma
PUANTER	a.,hay. b.	Güzel ve düzgün vücutlu, kısa kıllı, uzun ince kuyruklu, koku alma duygusu çok gelişmiş, hızlı koşabilen bir tür av köpeği
PUANTÖR	a.	Çalışanların giriş çıkış saatlerini işaretleyen kimse veya alet
PUDRALI	sf.	Pudra sürülmüş olan (yüz, cilt)
PUFLAMA	a.	Puflamak işi
PULLAMA	a.	Pullamak işi
PUNTOLU	sf.	Herhangi bir büyüklükte puntosu olan
PUSARIK	sf.	Puslu, puslanmış, sisli
PUSATÇI	a.,esk.	Orta oyununda şakşak ve tahta kılıç vb. kullanan oyuncu
PUSATLI	sf.	Pusatı olan
PUSETÇİ	a.	Puset yapan, satan veya onaran kimse
PUSULUK	a.	Pusu kurulan yer
PUŞTLUK	a.	Puşt olma durumu
PÜFLEME	a.	Püflemek işi
PÜRİTEN	sf.	Kutsal kitapları yeniden ve değişik bir anlayışla okumaya özen gösteren
PÜRNEŞE	sf.,esk.	► neşeli
PÜRÜZLÜ	sf.	Pürüzü olan
PÜSÜRLÜ	sf.	Püsürü olan; pürüzlü
PÜTÜRLÜ	sf.	Pütürü olan; pürüzlü, pürtüklü
RABBANİ	sf.,din b.	Allah ile ilgili, Allah'a bağlı, ilahi, Allah'tan gelen
RABBENA	ünl.,din b.	"Tanrı'mız!" anlamında kullanılan bir söz
RADANSA	a.,den.	Yelkenlere açılan deliklere ve halat ilmiklerine geçirilen metal halka
RADARCI	a.	Radar kullanan veya radarın bakım ve onarımıyla görevli kimse
RADİKAL	sf.	► kökten
RADYOCU	a.	Radyo yapan, onaran veya satan kimse
RAFADAN	sf.	Kaynar suda kabuğu ile az pişirilmiş (yumurta)
RAFİNAJ	a.	► arıtım
RAFTİNG	a.,sp.	343 sal yarışı
RAHATÇA	zf.	Rahat bir biçimde
RAHMANİ	sf.,esk.	► ilahi (I)
RAKAMLI	sf.	Rakamı olan, içinde rakam bulunan
RAKKASE	a.	Raksı meslek edinmiş kadın
RALLİCİ	a.	Ralliye katılan yarışmacı
RAMAZAN	a.	Ay takviminin dokuzuncu ayı, üç ayların sonuncusu, oruç tutulan ay
RAMPACI	a.,tar.	Deniz savaşlarında, borda bordaya savaşıldığında karşı gemiden gelen saldırıları önleyen veya düşman gemisine atlayıp savaşan er
RAMPALI	sf.	Yokuşu olan
RANDEVU	a.	Belli bir saatte, belli bir yerde iki veya daha çok kişi arasında kararlaştırılan buluşma; termin
RANTABL	sf.,ekon.	Gelir getiren, kâr sağlayan; verimli, getirimli
RANTİYE	a.	► getirimci
RAPORCU	a.	Bir işi, bir konuyu inceleyerek onunla ilgili rapor vermekle görevli kimse
RAPORLU	sf.	Raporu olan
RAPSODİ	a.,müz.	İçinde, Homeros'un şiirlerindeki olaylardan birini işleyen şarkı veya parça
RAPTİYE	a.	Düz, geniş başlı, kısa bir çivi görünüşünde, kâğıt veya karton vb. şeyleri bir yere tutturmak için kullanılan araç; pünez
RASATÇI	a.	► gözlemci
RASPACI	a.	Raspa yapan kimse
RAŞİTİK	sf.	Raşitizm hastalığına yakalanmış (çocuk)
RATANYA	a.,bit. b.	Karabuğdaygillerden, basit yapraklı, kökü sürgün kesici olarak kullanılan ağaççık (Krameria triandra)
RAZILIK	a.	Razı olma durumu
REAKTİF	a.,kim.	► ayıraç
REAKTÖR	a.,fiz.	Yakıt olarak çevre havayı kullanan ve pervanelerin yardımı olmaksızın doğrudan doğruya tepki ile çalışan, iki ucu açık boru biçiminde itici
REALİST	sf.	► gerçekçi
REALİTE	a.	► gerçeklik
REALİZM	a.	► gerçekçilik
REÇELCİ	a.	Reçel yapan veya satan kimse
REDDİYE	a.,esk.	Bir düşünceyi, bir öğretiyi çürütmek için yazılan yazı
REELLİK	a.	► gerçeklik
REFAHLI	sf.	► gönençli
REFAKAT	a.	Arkadaşlık etme, birlikte bulunma
REFETME	a.	Refetmek işi
REFLEKS	a.,ruh b.	Dıştan gelen bir uyarım sonucu doğan hareket, salgı gibi iç tepkilere yol açan irade dışı sinir etkinliği; tepke
REFTİYE	a.,tar.	Osmanlı Devleti'nde Tanzimat'a kadar ihraç edilen maldan alınan vergi
REHAVET	a.	Vücutta görülen gevşeklik, ağırlık, tembellik
REİSLİK	a.	► başkanlık
REJİSÖR	a.,sin.,tiy.	► yönetmen
REKABET	a.	Aynı amacı güden kimseler arasındaki çekişme; rakiplik, yarışma, yarış
REKÂKET	a.,esk.	► kekemelik
REKOLTE	a.	Tarımda bir yılda derlenen ürünlerin bütünü
REMİLCİ	a.	Kumla fala bakan kimse
RENCİDE	sf.	İncinmiş, kalbi kırılmış
RENÇPER	a.	Tarla, bağ, bahçe, yapı ve toprak işlerinde ağır işleri gören gündelikçi; ırgat
RENDELİ	sf.	Rendesi olan, rendelenmiş
RENKSER	sf.,fiz.	Renklerle ilgili olan; kromatik
RENKSİZ	sf.	Rengi olmayan
RENKTAŞ	a.	Aynı renkte olanlardan her biri
REPLİKA	a.	Bir sanat eserinin bire bir kopyası
RESESİF	sf.,biy.	► çekinik
RESİMCE	a.,bl.	Genellikle sanal yazışmalarda kelimelerin yerine kullanılan, yüz ve el ifadeleri ile taşıt, bina, yiyecek vb. görsel malzemelerden oluşan simgelerin her biri; emoji
RESİMCİ		Resim öğretmeni
RESİMLİ	sf.	İçinde resimler bulunan; musavver
RESİMSİ	sf.	Resmi andıran, resme benzeyen, resim gibi
RESİTAL	a.,müz.	Tek bir sanatçının tek bir çalgı ile verdiği konser
RESTORE	sf.,mim.	"Eski ve değerli bir yapıyı onarıp eski durumuna getirmek" anlamındaki restore etmek birleşik fiilinde geçen bir söz
REŞMECİ	a.	Tekstil alanında lastik geçirilmesi, kıvrımların dikilmesi gibi düz dikişleri reşmeyle yapan kimse
RETORİK	a.,ed.	Güzel söz söyleme
REVAÇTA	sf.	Gözde, tutulan, rağbet edilen
REVAKLI	sf.	Revak bulunan
REYHANİ	sf.	İnce nakışlı
REZALET	a.	► rezillik
REZİLCE	sf.	Rezil bir nitelikte olan
RİMELLİ	sf.	Rimel sürülmüş (kirpik)
RİNDANE	sf.,esk.	► rintçe
RİNTLİK	a.	Rint olma durumu
RİSKSİZ	sf.	Riski olmayan
RİTİMLİ	sf.	Düzenli aralıklarla tekrarlanan; dizemli, tartımlı, ritmik
RİVAYET	a.	► söylenti
RİYAKÂR	sf.	► ikiyüzlü
RİYASET	a.,esk.	► başkanlık
RİYASIZ	sf.	Olduğu gibi görünen, ikiyüzlü davranmayan
RİYAZET	a.,esk.	Nefsin isteklerini kırma
RİYOLİT	a.,jeol.	Granitle aynı kimyasal yapıda, içinde mikrolitler olan kayaç; liparit
ROAMİNG	a.	343 dolaşım ortaklığı
ROBOTİK	a.	Birtakım işlevlerde insanın yerini alabilecek düzeneklerin hazırlanmasıyla ilgili çalışma ve tekniklerin bütünü
RODEOCU	a.	Rodeo yapan kimse
ROMANCI	a.	Roman yazarı
ROMANSI	sf.	Romanı andıran, romana benzeyen, roman gibi; romanımsı
RONDELA	a.,tek.	Sıkıştırılacak parça ile somun arasına konan ve bu somunun parça üzerine uyguladığı kuvveti iletmeye ve dağıtmaya yarayan küçük delikli pul
ROTATİF	a.	Büyük bir çabuklukla dönerek işleyen ve saatte binlerce adet baskı yapan bir tür basım makinesi
RÖFLELİ	sf.	Değişik tonlarda boyanmış (saç)
RÖLANTİ	a.	Motorlu taşıtlarda motorun en az yakıtla çalışma ayarı
RÖLATİF	sf.,fel.	► bağıntılı
RÖLİKER	a.	Röliklerin saklandığı veya korunduğu cam, metal, mermer, ahşap vb. malzemeden yapılmış özel kutu
RÖNTGEN	a.,fiz.	Havada iyon oluşturabilen gama veya x ışınlarının miktarına ilişkin ölçüm birimi
RÖTARLI	sf.	► gecikmeli
RÖTUŞÇU	a.	Rötuş yapan kimse
RÖTUŞLU	sf.	Rötuş yapılmış, düzeltilmiş
RÖYALTİ	a.,huk.	► telif hakkı
RUHİYAT	a.,esk.	► psikoloji
RUJLAMA	a.	Rujlamak işi
RUMUZLU	sf.	Rumuzu olan, rumuzla anlatılan
RUTUBET	a.	► nem
RUZNAME	a.,esk.	Günlük olayların yazıldığı defter
RUZUŞEB	zf.,esk.	Gece gündüz
RÜSUBAT	a.	Oluştuğu yerden çökeldiği yere kadar suda asılı hâlde veya tabanda sürüntü maddesi olarak su tarafından taşınan katı maddeler
RÜSUMAT	a.,esk.	Bazı mallardan devletçe alınan vergiler
RÜŞTİYE	a.,esk.	Ortaokul derecesinde olan eğitim kurumu
RÜTBELİ	sf.	Rütbesi olan
SAATİNE	zf.	Bir saat için
SAATLİK	sf.	Belli bir saat süresince yapılan veya olan
SABAHÇI	a.	İkili öğretim yapan okullarda öğleden önce ders gören öğrenci, öğlenci karşıtı
SABAHKİ	sf.	Sabaha özgü, sabah olan, sabah yapılan
SABIRLA	zf.	Sabrederek, sabır göstererek
SABIRLI	sf.	Sabır gösteren, katlanan, sabreden
SABOTAJ	a.	► baltalama
SABUNCU	a.	Sabun yapan veya satan kimse
SABUNLU	sf.	İçinde sabun eritilmiş
SACAYAK	a.,mec.	► sacayağı
SAÇAKLI	sf.	Saçağı olan
SAÇILIŞ	a.	Saçılmak işi
SAÇILMA	a.	Saçılmak işi
SAÇINTI	a.	Saçılıp dağılan şey; döküntü
SAÇMACI	sf.	Saçma sapan söz söyleyen
SADAKAT	a.	İçten bağlılık
SADAKLI	sf.	Sadağı olan
SADAKOR	a.	Düz dokunmuş, açık saman renginde bir tür ipek kumaş
SADARET	a.,tar.	► sadrazamlık
SADELİK	a.	Yalın olma durumu
SADEYAĞ	a.	► tereyağı
SADIKÇA	zf.	Sadığa yaraşır bir biçimde; sadıkane
SAFAHAT	a.	Evreler
SAFİYET	a.,esk.	► saflık
SAFRALI	sf.	Safrası olan
SAFSATA	a.	Boş, temelsiz, asılsız söz
SAĞALMA	a.	Sağalmak işi
SAĞANAK	a.	Birdenbire başlayan, genellikle kısa süren şiddetli yağmur; boğanak
SAĞDUYU	a.	Doğru, akla uygun yargılar verme yeteneği; aklıselim, hissiselim
SAĞGÖRÜ	a.	► basiret
SAĞILIŞ	a.	Sağılmak işi
SAĞILMA	a.	Sağılmak işi
SAĞIMLI	sf.	► sağmal
SAĞLAMA	a.	Sağlamak işi
SAĞTÖRE	a.	► ahlak
SAHABET	a.,esk.	Koruma, kayırma
SAHAVET	a.,esk.	El açıklığı, seleklik, cömertlik
SAHİDEN	zf.	► gerçekten
SAHİPLİ	sf.	Bir kimsenin malı olan
SAHTECİ	sf.	► sahtekâr
SAKALIK	a.	Sakanın işi
SAKALLI	sf.	Sakalı olan
SAKAMET	a.,esk.	► bozukluk
SAKARCA	zf.	Sakar gibi, sakara benzer bir biçimde
SAKARİN	a.,kim.	Genellikle şeker hastalarının ve diyet yapanların şeker yerine kullandığı, maden kömürü katranından elde edilen, beyaz, tatlandırıcı bir madde
SAKATAT	a.	Kesilmiş hayvanın yürek, karaciğer, böbrek, işkembe, beyin, vb. iç organlarıyla baş ve ayakları
SAKATÇI	a.	► sakatatçı
SAKINCA	a.	Çekinilmesi, dikkatli olunması gereken, sakınmayı gerektiren durum; beis, mahzur
SAKINIM	a.	Herhangi bir tehlikeye karşı alınan önlem; ihtiyat, tedbir
SAKINIŞ	a.	Sakınmak işi
SAKINMA	a.	Sakınmak işi; içtinap, tahaffuz, tevakki
SAKINTI	a.	Sıkıntıya yol açabilecek durumlara karşı alınan önlem; ihtiyat
SAKIRGA	a.,ağz.	► kene
SAKIRTI	a.,ağz.	Korkudan veya soğuktan titreme
SAKIZCI	a.	Sakız yapan veya satan kimse
SAKIZLI	sf.	Sakızı olan, içinde sakız bulunan
SAKİNCE	sf.	Sakin
SAKLAMA	a.	Saklamak işi; hıfız, muhafaza
SALABET	a.,esk.	Katılık, sağlamlık
SALACAK	a.	► teneşir
SALAKÇA	sf.	Salağa benzer, salak gibi
SALAVAT	a.,esk.,din b.	Namazlar
SALÇALI	sf.	Salça konmuş, içinde salça olan
SALDIRI	a.	Kötülük yapmak, yıpratmak amacıyla doğrudan doğruya silahlı veya silahsız bir eylemde bulunma; hücum, taarruz, tecavüz
SALEPÇİ	a.	Salep yapıp satan kimse
SALGILI	sf.	Salgı çıkaran veya üreten
SALHANE	a.,esk.	► kesimevi
SALINIM	a.	Salınmak işi
SALINIŞ	a.	Salınmak işi
SALINMA	a.	Salınmak işi
SALINTI	a.	Salınmak işi
SALİMEN	zf.	Sağ ve esen olarak, hiçbir kötü durumla karşılaşmadan
SALİPLİ	sf.	Salibi olan
SALİSEN	zf.,esk.	Üçüncü olarak
SALKIMA	a.	Salkımak durumu
SALLAMA	a.	Sallamak işi
SALNAME	a.,esk.	► yıllık
SAMANLI	sf.	Samanı olan
SAMBACI	a.	Samba yapan kimse
SAMURAY	a.	Japon derebeyinin hizmetindeki savaşçı
SANATÇI	a.	Güzel sanatların herhangi bir dalında yaratıcılığı olan, eser veren kimse; sanat adamı, sanat eri, sanatkâr
SANATLI	sf.	Sanatla yapılmış, bir usta elinden çıkmış; musanna
SANCILI	sf.	Sancıya tutulan, sancısı olan
SANCIMA	a.	Sancımak işi
SANÇMAK	-i,esk.	Saplamak, batırmak
SANDUKA	a.	Mezarın üzerine yerleştirilmiş, tabut büyüklüğünde tahta veya mermer sandık
SANDVİÇ	a.	İki ince ekmek dilimi arasına tereyağı, peynir, sucuk vb. konularak hazırlanan yiyecek
SANILMA	a.	Sanılmak işi; zannedilme, zannolunma
SANİDİN	a.,jeol.	Volkanik kayaçlarda bulunan ortoz feldspat türü
SANTİAR	a.,mat.	Bir arın yüzde biri, bir metrekare (ca)
SANTRAL	a.	Doğadaki başka enerji türlerini elektrik enerjisine çeviren fabrika
SANTURİ	a.	► santurcu
SAPARNA	a.,bit. b.	Zambakgillerden, yeşilimsi çiçekli, dikenli ve tırmanıcı, eskiden kökü hekimlikte kullanılmış olan, çok yıllık bir bitki (Smilax)
SAPARTA	a.	Gemi bordasındaki top çıkarılan dört köşe boşluk ve açıklık
SAPIKÇA	zf.	Sapık bir biçimde
SAPILMA	a.	Sapılmak işi
SAPINTI	a.	Doğru yoldan sapma durumu
SAPITIŞ	a.	Sapıtmak işi
SAPITMA	a.	Sapıtmak işi
SAPLAMA	a.	Saplamak işi
SAPSARI	sf.	Her yanı sarı, çok sarı
SAPTAMA	a.	Saptamak işi; tespit
SARAHAT	a.	► belginlik
SARARIŞ	a.	Sararmak işi
SARARMA	a.	Sararmak işi
SARARTI	a.	Sarı olma durumu
SARAYLI	sf.	Osmanlı Devleti'nde padişah sarayında bulunmuş olan (kadın)
SARGILI	sf.	Sargısı olan
SARIAĞI	a.,bit. b.	Kışın yapraklarını döken, sarı çiçekli ve çalı görünüşünde bir bitki; zifin (Rhododendron luteun)
SARICIK	a.,hay. b.	► sarıasma
SARIÇAM	a.,bit. b.	Çamgillerden, genellikle Akdeniz Bölgesi'nde yetişen bodur, iğne yapraklı bir tür çam (Pinus sylvestris)
SARIFİĞ	a.	Sarı renkli bir tür fiğ
SARIGÖZ	a.,hay. b.	İzmaritgillerden, rengi altın sarısı olan, Atlantik Okyanusu'nda ve Akdeniz'de yaşayan bir balık (Sargus salvieri)
SARIKÇI	a.,esk.	Sarık için gerekli tülbent, abani vb. kumaşları satan kimse
SARIKIZ	a.,bit. b.	► horoz mantarı
SARIKLI	sf.	Başına sarık sarmış olan, sarığı olan; destarlı
SARILIK	a.	Sarı olma durumu
SARILIŞ	a.	Sarılmak işi
SARILMA	a.	Sarılmak işi
SARIMLI	sf.	Sarılmış; burgulu
SARIMSI	sf.	Rengi sarıyı andıran, sarıya benzeyen; sarımtırak
SARINIŞ	a.	Sarınmak işi
SARINMA	a.	Sarınmak işi
SARIŞIN	sf.	Sarı saçlı ve ak tenli (kimse)
SARKMAK	-e	Aşağıya doğru uzamak veya uzanmak
SARPLIK	a.	Sarp olma durumu
SARSICI	sf.	Sarsan, sarsma özelliği gösteren
SARSMAK	-i	Birdenbire ve güçle kımıldatmak; oynatmak, sallamak, silkelemek, titretmek
SASIMAK	nsz.,ağz.	Küf ve çürük gibi kokmak; tefessüh etmek
SATAŞMA	a.	Sataşmak işi
SATILIK	sf.	Satışa çıkarılmış olan
SATILIŞ	a.	Satılmak işi
SATILMA	a.	Satılmak işi
SATIMCI	a.	Satım işini yapan (kimse)
SATİRİK	sf.	Yergi ile ilgili, yergi niteliğinde olan
SATRANÇ	a.	İki kişi arasında altmış dört kareli bir tahta üzerinde değerleri ve adları değişik siyah ve beyaz on altışar taşla oynanan bir oyun; şatranç
SATSUMA	a.,bit. b.	Kabuğu kolay soyulabilen, güzel kokulu bir tür mandalina
SAVAŞÇI	sf.,ask.	Savaşan, savaş durumunda bulunan; cenkçi, muharip
SAVAŞIM	a.	► mücadele
SAVAŞMA	a.	Savaşmak işi; cenkleşme
SAVATLI	sf.	Savatı olan, savatlanmış
SAVILMA	a.	Savılmak işi; tardedilme, tardolunma
SAVLAMA	a.	Savlamak işi
SAVMACI	a.	Savma işi yapan kimse
SAVSAMA	a.	Savsaklama; ihmal
SAVULMA	a.	Savulmak işi
SAVUNMA	a.	Saldırıya karşı koyma; müdafaa
SAVUNUŞ	a.	Savunmak işi
SAVURMA	a.	Savurmak işi
SAVURUŞ	a.	Savurmak işi
SAVUŞMA	a.	Savuşmak işi; cızlam
SAYAÇLI	sf.	Sayaç takılmış olan
SAYEBAN	a.,esk.	► gölgelik
SAYFİYE	a.	Yaz mevsimini geçirmek için gidilen yer veya ev
SAYGILI	sf.	Saygısı olan, saygı gösteren; hürmetli, hürmetkâr
SAYILIŞ	a.	Sayılmak işi
SAYILMA	a.	Sayılmak işi; ad (II), addedilme, addolunma
SAYILTI	a.	Bir araştırmada, mevcut araştırma sürecini ve sonucunu önemli ölçüde etkileyeceği düşünülen, araştırıcının gerekçeli kabulleri
SAYIMLI	sf.	Sayısı bulunan
SAYISAL	sf.	Sayı ile ilgili, sayı temeline dayanan; numerik, dijital
SAYISIZ	sf.	Sayılmayacak kadar çok; sayımsız
SAYIŞMA	a.	Sayışmak işi; değişim
SAYLAMA	a.	► seçme
SAYMACA	sf.	Gerçekte öyle olmadığı hâlde öyleymiş gibi kabul edilen; itibari, fiktif, nominal
SAZENDE	a.,esk.	► sazcı
SEBATLI	sf.	Bir işi yılmadan sonuna kadar götüren; direşken, sebatkâr
SEBEPLİ	sf.	Sebebi olan; nedenli
SEBİLCİ	a.	Sokaklarda dolaşarak sebil dağıtan kimse
SEBZECİ	a.	Sebze satan kimse; zerzevatçı
SEBZELİ	sf.	İçinde sebze bulunan
SECCADE	a.	Bir kişinin üzerinde namaz kılabileceği büyüklükte, halı, kilim, post veya kumaştan yaygı; namazlık
SEÇENEK	a.	Birinin yerine seçilebilecek bir başka yol, yöntem, tutum; şık, alternatif, opsiyon
SEÇİLİŞ	a.	Seçilmek işi
SEÇİLME	a.	Seçilmek işi
SEÇMECE	sf.	Seçerek alınan veya satılan
SEÇMECİ	sf.	Seçmecilik yanlısı olan (filozof, görüş vb.); eklektik
SEÇMELİ	sf.	Seçilebilen
SEDASIZ	sf.,db.	► tonsuz
SEDEFÇİ	a.	Abanoz, maun, ceviz vb. ahşapların üzerine sedef kakma yapan kimse; sedefkâr
SEDEFLİ	sf.	Sedefle işlenmiş
SEDEFSİ	sf.	Sedefi andıran, sedefe benzeyen, sedef gibi; sedefimsi
SEDİRLİ	sf.	Sediri (I) olan
SEDYECİ	a.	Sedye taşıyan kimse
SEFAHAT	a.	► uçarılık
SEFALET	a.	► yoksulluk
SEFARET	a.	► elçilik
SEFASIZ	sf.	Şenliği, eğlencesi olmayan
SEFERLİ	sf.	Sefere giden veya sefere çıkan
SEFİLCE	zf.	Sefile yakışır bir biçimde; sefilane
SEGMENT	a.	Bir organ, yapı veya bütünün doğal veya yapay olarak sınırlanmış her bir bölümü
SEĞİRME	a.	Seğirmek işi; seğrime
SEĞRİME	a.	► seğirme
SEKİLİK	a.	► tribün
SEKİNCİ	sf.,fel.	► dinginci
SEKİTME	a.	Sekitme işi
SEKİZER	sf.	Sekiz sayısının üleştirme sayı sıfatı
SEKİZLİ	sf.	Kendinde sekiz sayısı bulunan
SEKSÜEL	sf.	► cinsel
SEKÜLER	sf.	Yüzyıllık, yüzyılda bir olan
SELAMET	a.	► esenlik
SELANİK	a.	Atkı, hırka vb.nde kullanılan bir tür örgü biçimi
SELASET	a.,ed.	► akıcılık
SELATİN	a.	Sultanlar
SELİNTİ	a.,coğ.	Yağış sebebiyle oluşan ufak sel
SELOFAN	a.	Selülozdan yapılmış, ince, saydam, ambalaj yapımında kullanılan tabaka
SELÜLİT	a.	Bağ dokusu iltihabı
SELÜLOZ	a.,kim.	Bitkilerde hücre yapısının büyük bir bölümünü oluşturan kâğıt, yapay ipek ve patlayıcı maddelerin yapımında kullanılan bir karbonhidrat (C6H10O5)
SELVİÇE	a.,den.	Gemi armasında bulunan oynak halat
SELZEDE	a.	Sel felaketine uğramış, selden zarar görmüş kimse
SEMAFOR	a.	Demir yollarında gündüz mekanik olarak kırmızı bir kolla, gece kırmızı ışıkla işaret veren alet
SEMAHAT	a.,esk.	► cömertlik
SEMAHÇI	a.	Alevilik ve Bektaşilikte cem törenlerinde semah dönen kimse; pervane
SEMAVER	a.	Özellikle çay demlemekte kullanılan, içinde kömür yakacak ocağı bulunan, elektrikle de çalışabilen, bakır, pirinç vb. metallerden yapılmış musluklu kap
SEMAZEN	a.	Semada dönen derviş
SEMERCİ	a.	Semer yapan veya satan kimse
SEMERLİ	sf.	Semeri olan (yük hayvanı)
SEMİNER	a.	Bir konu ile ilgili bilgi vermek ve bu bilgiler üzerinde tartışmak amacıyla birkaç yetkilinin yönetimi altında düzenlenen toplantı
SEMİRME	a.	Semiz duruma gelme
SEMİTİK	a.	Sami dillerine ait
SEMİZCE	sf.	Semiz gibi, semize yakın, semizi andıran
SEMİZOT	a.,bit. b.	► semizotu
SEMPATİ	a.	► sıcakkanlılık
SEMPTOM	a.,tıp	► belirti
SENARYO	a.	Tiyatro oyunu, piyes, film, dizi film vb. eserlerin sahnelerini ve akışını gösteren yazılı metin
SENATÖR	a.	Senato üyesi
SENCESİ	zm.	Sana göre olanı
SENDİKA	a.	İşçilerin veya işverenlerin iş, kazanç, toplumsal ve kültürel konular bakımından çıkarlarını korumak ve daha da geliştirmek için aralarında kurdukları birlik
SENDROM	a.,tıp	► belirge
SENELİK	sf.	► yıllık
SENETLİ	sf.	Senedi olan, senetle sağlamlaştırılmış olan
SENFONİ	a.,müz.	Orkestra için bestelenmiş, birkaç bölümden oluşan uzun müzik eseri
SENİNKİ	sf.	Senin olan, seninle ilgili olan
SENKRON	sf.	► eş zaman, asenkron karşıtı
SENTAKS	a.,db.	► cümle bilgisi
SEPETÇİ	a.	Sepet yapan veya satan kimse
SEPETLİ	sf.	Sepeti olan
SERAMİK	a.	Yüksek ısıda pişirilmiş topraktan yapılan vazo, çanak, çömlek vb. nesne
SERAZAT	sf.,esk.	Serbest, özgür
SERBEST	sf.	Hiçbir şarta bağlı olmayan, istediği gibi davranabilen; azade
SERENAT	a.,müz.	Sesli olarak söylenen veya müzik aracılığıyla çalınan serbest biçimli müzik parçası
SERENDİ	a.	Dört, altı veya sekiz direk üstüne yapılmış tahıl, meyve ve sebze kurusunu saklamak için kullanılan kiler
SERETAN	a.,esk.,hay. b.	► yengeç
SERGİCİ	a.	Mallarını sergileyerek satan kimse
SERİLİŞ	a.	Serilmek işi
SERİLME	a.	Serilmek işi
SERİNCE	sf.	Az serin, serine yakın
SERMAYE	a.,ekon.	Bir ticaret işinin kurulması, yürütülmesi için gereken anapara ve paraya çevrilebilir malların tamamı; anamal, başmal, kapital, meta, resülmal
SERMEST	sf.,esk.	► sarhoş
SERPİCİ	a.	Su, tuz, tohum vb. serpen veya saçan alet
SERPİLİ	sf.	Serpilmiş
SERPMEK	-i	Bir şeyi dağılacak biçimde dökmek
SERSERİ	sf.	Belli bir işi ve yeri olmayan, başıboş (kimse)
SERTLİK	a.	Sert, katı olma durumu; berklik
SERÜVEN	a.	► macera
SESLEME	a.	Seslemek işi
SEVDACI	sf.	Sevgi düşkünü
SEVDALI	sf.	Sevdaya tutulmuş olan
SEVECEN	sf.	Acıyarak ve koruyarak seven; şefkatli, müşfik
SEVGİLİ	a.	Gönülden sevilen, gönül verilmiş olan kimse; habip, manita, yavuklu, yâr
SEVİLİŞ	a.	Sevilmek işi
SEVİLME	a.	Sevilmek işi
SEVİMLİ	sf.	Hoşa gitme özelliği olan, hoşa giden; şirin
SEVİNİŞ	a.	Sevinmek işi
SEVİNME	a.	Sevinmek işi
SEVİŞME	a.	Sevişmek işi
SEYAHAT	a.	► yolculuk
SEYELAN	a.,esk.	Akma, akıntı
SEYFİYE	a.,tar.	Osmanlı Devleti’nde idari ve askerî zümre mensupları
SEYİRCİ	a.	Bir olayı gören, izleyen kimse; izleyici
SEYRET!		beklenmedik bir şey olacağını anlatan bir söz
SEYYALE	a.	Hava, su gibi akıcı olan şey, akıcı madde
SEYYARE	a.,esk.,gök b.	► gezegen
SEYYİAT	a.,esk.,din b.	Kötülükler
SEYYİBE	sf.,esk.	Dul (kadın)
SEZDİRİ	a.	Sezdirmek işi
SEZGİCİ	sf.,fel.	Sezgicilik öğretisini benimseyen
SEZGİLİ	sf.	Sezgi ile edinilen, sezgiye dayanan; sezgisel
SEZİLİŞ	a.	Sezilmek işi
SEZİLME	a.	Sezilmek durumu
SEZİNTİ	a.	Sezmek işi
SFAGNUM	a.,bit. b.	Bataklıklarda, nemli yerlerde kümeler durumunda yetişen, küçük yapraklı bir tür yosun (Sphagnum)
SICACIK	sf.	Yeter derecede ve hoşa giden bir sıcaklığı olan
SICAKÇA	sf.	Biraz sıcak, sıcağa yakın
SIÇRAMA	a.	Sıçramak işi
SIFATLI	sf.	Ünvanı, sıfatı olan
SIFIRCI	a.,argo	Notu kıt olan öğretmenlere öğrencilerin taktığı ad
SIĞINAK	a.	Yağmur, güneş veya çeşitli tehlikelerden korunmak için sığınılacak yer; melce
SIĞINIK	a.	► sığınmacı
SIĞINIŞ	a.	Sığınmak işi
SIĞINMA	a.	Sığınmak işi; iltica
SIĞINTI	a.	Bulunduğu yerde kalması istenmeyen, varlığı gereksiz görülen kimse
SIĞIRCI	a.	Sığır besleyen veya satan kimse
SIĞIŞMA	a.	Sığışmak işi
SIHHİYE	a.,esk.	Sağlık işlerinin tümü
SIKACAK	a.	Bir nesneyi, iki ağırlık arasında mekanik olarak sıkıştırmaya yarayan araç
SIKILIK	a.	Sıkı olma durumu
SIKILIŞ	a.	Sıkılmak işi
SIKILMA	a.	Sıkılmak işi
SIKINMA	a.	Sıkınmak işi
SIKINTI	a.	İşsizlik, tekdüzelik, bezginlik vb. sebeplerden doğan ruhsal huzursuzluk; bun, bungunluk, ezgi, ezginlik, çile (I), dert, kasavet, zor
SIKIŞIK	sf.	Sıkışmış bir durumda olan
SIKIŞMA	a.	Sıkışmak durumu
SIKIYSA		kendine güveniyorsa, yürekliyse
SIMSIKI	sf.	Çok sıkı
SINAMAK	-i	Değerini anlamak, gerekli niteliği taşıyıp taşımadığını bulmak için birini, bir nesneyi veya bir düşünceyi yoklamak; denemek, tecrübe etmek
SINANIŞ	a.	Sınanmak işi
SINANMA	a.	Sınanmak işi
SINATMA	a.	Sınatmak işi
SINAYIŞ	a.	Sınamak işi
SINIFLI	sf.	Sınıfı olan
SINIKÇI	a.	► kırıkçı
SINIRLI	sf.	Sınırı olan, bir sınırla ayrılmış olan; hudutlu
SIRADAĞ	a.,coğ.	Uzunlamasına sıralanmış dağ dizisi
SIRADAN	sf.	Herhangi bir özelliği olmayan; bayağı, beribenzer, alelade, amiyane, lalettayin, banal
SIRALAÇ	a.	► klasör
SIRASIZ	sf.	Sırada olmayan, sırası olmayan, sıralanmamış olan, düzenlenmemiş olan; düzensiz
SIRIKÇI	a.,sp.	Atletizmde sırıkla atlayan sporcu
SIRIMAK	-i,ağz.	Yorgan, şilte vb.ni iri ve aralıklı dikmek
SIRITIK	sf.	Sürekli olarak sırıtan (kimse)
SIRITIŞ	a.	Sırıtmak işi
SIRITMA	a.	Sırıtmak işi
SIRLAMA	a.	Sırlamak işi
SIRMALI	sf.	Sırma ile işlenmiş veya süslenmiş
SIRTLAN	a.,hay. b.	Sırtlangillerden, genellikle leşle beslenen, etçil, postu benekli bir hayvan; andık, yeleli kurt (Hyaena)
SIRTLIK	a.	Sırt dayayacak yer
SISKACA	sf.	Biraz sıska
SITMALI	sf.	Sıtmaya tutulmuş (kimse)
SIVAMAK	-i	Duvar vb. bir yeri sıva kullanarak kaplamak, sıva vurmak, sıva yapmak; sıvalamak
SIVANIŞ	a.	Sıvanmak işi
SIVANMA	a.	Sıvanmak işi
SIVAŞIK	sf.	Sıvaşmış, bulaşmış olan
SIVAŞMA	a.	► bulaşma
SIVATIŞ	a.	Sıvatmak işi
SIVATMA	a.	Sıvatmak işi
SIVAYIŞ	a.	Sıvamak işi
SIVINMA	a.,fiz.	Sıvınmak işi
SIVIRYA	zf.	► alabildiğine
SIVIŞIK	sf.	Yapışıp bulaşan
SIVIŞMA	a.	► bulaşma
SIYANET	a.,esk.	► koruma
SIYIRGA	a.,ağz.	Harmanda sap toplamaya veya damlardan karı küremeye yarayan araç
SIYIRGI	a.	Lüle taşı işlemeciliğinde kullanılan bir bıçak türü
SIYIRIŞ	a.	Sıyırmak işi
SIYIRMA	a.	Sıyırmak işi
SIZILMA	a.	Sızılmak işi
SIZILTI	a.	► sızlanma
SIZINTI	a.	Sızan şey
SIZIRMA	a.	► sızdırma
SIZISIZ	sf.	Sızısı olmayan
SIZLAMA	a.	Sızlamak işi
SİCİLLİ	sf.	Sicile geçmiş, sicili defterine işlenmiş; müseccel
SİDERİT	a.,gök b.	İçinde yalnız demir ve nikel bulunan gök taşı
SİDEROZ	a.,jeol.	Çoğunlukla kahverengi demir karbonat birleşimli demir cevheri; siderit
SİDİKLİ	sf.	Üstüne sidik bulaşmış bulunan
SİFİLİS	a.,tıp	► frengi (I)
SİGORTA	a.	Bir şeyin veya bir kimsenin herhangi bir yönden ileride karşılaşabileceği zararı gidermek için önceden ödenen prim karşılığında bu işle uğraşan kuruluşla yapılan iki taraflı bağlantı sözleşmesi
SİHİRLİ	sf.	► büyülü
SİKALAR	a.,bit. b.	Açık tohumlulardan, parklarda süs bitkisi olarak yetiştirilen, yurdu Güney Asya olan, palmiyelere benzer ağaç ve ağaççıkları içine alan bir familya
SİKATİF	sf.,kim.	Yükseltgenerek polimerleşmeye uygun olan
SİKKECİ	a.	Darphanede madenî paralara damga vuran kimse
SİKTİR!		"defol!" anlamında kullanılan bir söz
SİLAHÇI	a.	Silah yapan veya satan kimse
SİLAHLI	sf.	Silahı olan
SİLECEK	a.	Motorlu taşıtlarda ön camı silmeye, temizlemeye yarayan alet; silgeç, silgiç
SİLİKAT	a.,kim.	Yapı malzemesi olarak kullanılan cam, çimento, tuğla vb. maddelerin birleşiminde bulunan, silisik asidin bazlarla birleşerek oluşturduğu tuz
SİLİKON	a.,kim.	Kapı, pencere vb.ndeki aralıkları örterek hava ve su geçmesini önlemek amacıyla kullanılan şeffaf ve yapışkan bir madde
SİLİKOZ	a.,tıp	Silis tozu içinde çalışan işçilerin yakalandıkları akciğer hastalığı
SİLİLİK	a.	► temizlik
SİLİNİŞ	a.	Silinmek işi
SİLİNME	a.	Silinmek işi
SİLİNTİ	a.	Bir yazının silinmiş olduğunu gösteren iz
SİLİSİZ	sf.	► iffetsiz
SİLİSLİ	sf.	Yapısında veya birleşiminde silis bulunan
SİLKMEK	-i	Üstündeki şeyleri düşürmek veya temizlemek için bir şeyi kuvvetle sallamak, sarsmak
SİLMECE	zf.	Ağzına kadar dolacak bir biçimde
SİLMECİ	a.	Silme işini yapan usta
SİLSİLE	a.	Birbirine bağlı, birbiriyle ilgili şeylerin oluşturduğu dizi, sıra
SİMETRİ	a.,mat.	► bakışım
SİMGECİ	sf.	Simgecilik yanlısı olan; sembolist
SİMİTÇİ	a.	Simit yapan veya satan kimse
SİMYACI	a.	► alşimist
SİNAGOG	a.,din b.	Yahudilerin ibadet etmek için toplandıkları yer; Yahudi tapınağı, havra
SİNARİT	a.,hay. b.	İzmaritgillerden, Marmara ve Akdeniz'de yaşayan, pullu, eti beğenilen bir balık (Dentex vulgaris)
SİNCABİ	a.	► sincap rengi
SİNERJİ	a.	► artı güç
SİNİRCE	a.,ruh b.	► nevroz
SİNİRLİ	sf.	İçinde sinir bulunan
SİNONİM	sf.,db.	► eş anlamlı
SİNSİCE	sf.	Gizlice, belli etmeden yapılan
SİNTİNE	a.,den.	Geminin içinde en alt bölüm
SİNÜZİT	a.,tıp	Ateş, baş ağrısı, burun tıkanıklığı ve akıntı ile kendini gösteren, burun boşluğuna yakın bulunan kemik içindeki boşluklardan bir veya daha fazlasının iltihaplanması
SİNYORA	a.	İtalya'da "kadın" anlamında kullanılan bir unvan
SİPARİŞ	a.	► ısmarlama
SİPERLİ	sf.	Siperi olan
SİPOLİN	a.,jeol.	Katmanlarında iç içe daireler bulunan billurlu bir kalker türü
SİRAYET	a.	Hastalık başkalarına geçme, bulaşma
SİRETEN	zf.	Huy ve karakter bakımından
SİRKECİ	a.	Sirke yapan veya satan kimse
SİRKELİ	sf.	Üzerinde veya içinde sirke oluşmuş olan
SİROZLU	sf.	Siroza yakalanmış olan
SİRTAKİ	a.	Kolların ve ayak hareketlerinin önemli olduğu, giderek hızlanan bir tür halk oyunu
SİSLEME	a.	Sislemek işi
SİSTİRE	a.	Tahta vb.nin üzerindeki ufak pürüzleri giderip onu dümdüz bir duruma getirmeye yarayan ince çelik lama
SİTAYİŞ	a.,esk.	► övme
SİTEMLİ	sf.	Sitem taşıyan
SİVİLCE	a.,tıp	İçinde irin bulunan küçük deri kabarcığı, en küçük çıban
SİVİLDE	zf.	Bulunulan resmî ortamın dışında
SİYAHLI	sf.	Siyahı bulunan
SİYAKAT	a.,esk.	Genellikle devlet dairelerinde kullanılmış bir yazı türü
SİYANÜR	a.,kim.	Hidrosiyanik asidin tuzu veya esteri olan çok güçlü bir zehir
SİYASAL	sf.	Politika ile ilgili; siyasi, politik
SİYASET	a.	► politika
SİYATİK	a.,tıp	Kalça siniri
SİYENİT	a.,jeol.	Kuvarssız granit, ortoklaz, mika, hornblentten oluşan plütonik kayaç
SİZCESİ	zm.	Size göre olanı
SİZİNKİ	sf.	Sizin olan, sizinle ilgili olan
SKANDAL	a.	Büyük yankı uyandıran, utanç verici veya küçük düşürücü olay
SKLEROZ	a.,tıp	İçindeki katılgan dokunun artmasından dolayı bir organ veya dokunun patolojik sertleşmesi
SNOBİZM	a.	► züppelik
SNOPLUK	a.	► züppelik
SOBALIK	sf.	Sobaya girebilecek büyüklükte olan
SOBASIZ	sf.	Sobası olmayan
SOFASIZ	sf.	sofası olmayan
SOFRACI	a.,tar.	Saraylarda, konaklarda sofrayı kurma, kaldırma, yemeği dağıtma vb. işlerle görevlendirilmiş kimse
SOFTACA	zf.	Softaya yaraşır bir biçimde
SOFULUK	a.	Sofu olma durumu
SOĞANCI	a.	Soğan yetiştiren veya satan kimse
SOĞANLI	sf.	İçinde soğan bulunan, içine soğan doğranmış olan, soğanla pişirilmiş olan
SOĞANSI	sf.	Soğanı andıran, soğana benzeyen, soğan gibi; soğanımsı
SOĞUKÇA	sf.	Soğuğa yakın
SOĞULMA	a.	Soğulmak işi
SOĞUMAK	nsz.	Isısını hızla veya yavaş yavaş yitirerek soğuk duruma gelmek; soğuklaşmak
SOĞURMA	a.	Soğurmak işi; emme, mas, massetme, absorbe
SOĞURUŞ	a.	Soğurmak işi
SOĞUŞMA	a.	Soğuşmak işi
SOĞUTMA	a.	Soğutmak işi
SOĞUTUŞ	a.	Soğutmak işi
SOĞUYUŞ	a.	Soğumak işi
SOKULMA	a.	Sokulmak işi
SOKULUŞ	a.	Sokulmak işi
SOKUNMA	a.	Sokunmak işi
SOKUŞMA	a.	Sokuşmak işi
SOLLAMA	a.	Sollamak işi
SOLOZCU	a.	Soloz oynayan kimse
SOLUCAN	a.,hay. b.	Yuvarlak veya yassı, uzun kurtlara verilen genel ad
SOLUĞAN	sf.	Nefes darlığına tutulmuş
SOLUMAK	nsz.	Nefes alıp vermek
SOLUNMA	a.	Solunmak işi
SOLUNUM	a.,biy.	Bütün canlılarda, oksijen alıp karbondioksit verme biçiminde görülen hareket; teneffüs
SOLUTMA	a.	Solutmak işi
SOLUYUŞ	a.	Solumak işi
SOMURMA	a.	Somurmak işi; soruma
SONLAMA	a.	Sonlamak işi
SONRAKİ	sf.	Sonra olan
SONUÇTA	zf.	Sonuç olarak; son kertede, binnetice
SONUNCU	a.	Zaman, yer, sıra bakımından başkalarına göre sonda olan kimse, şey
SONUNDA	zf.	Son anda; nihayetinde, ahir, akıbet
SONURGU	a.,fel.	Bir başlangıcın, bir olgunun, bir ilginin renkli ve zorunlu görülen sonucu, vargısı
SONURTU	a.,man.	Birbirine bağlı iki önermeden ikincisi
SOPRANO	a.,müz.	Kadın veya çocuklarda en ince ses
SORMACA	a.	► anket
SORULMA	a.	Sorulmak işi
SORULUŞ	a.	Sorulmak işi
SORUMAK	-i	► somurmak
SORUMLU	sf.	Üstüne aldığı veya yaptığı işlerden dolayı hesap vermek zorunda olan, sorumluluk taşıyan (kimse); mesul, mesuliyetli
SORUNLU	sf.	Sorunu olan; meseleli, problemli
SORUŞMA	a.	Soruşmak işi
SORUTMA	a.	Sorutmak işi
SOSYETE	a.	Toplumun kibar, zevkli, zarif, gelir düzeyi yüksek olan insanlarının oluşturduğu ve kendilerine özgü yaşama biçimleri olan kesimi
SOYTARI	a.	Söz ve davranışlarıyla halkı güldürüp eğlendiren kimse; kaşmer
SOYULMA	a.	Soyulmak işi
SOYULUŞ	a.	Soyulmak işi
SOYUNMA	a.	Soyunmak işi
SOYUNTU	a.	Soyulup atılan şey
SOYUNUK	sf.	Soyunmuş olan
SOYUNUŞ	a.	Soyunmak işi
SOYUTÇU	sf.,fel.	Soyutçuluk yanlısı olan; abstraksiyonist
SÖBELEN	a.,bit. b.	Orman açıklıklarında, yol kenarlarında, meralarda, park ve bahçelerde ilkbahar ve sonbahar aylarında öbekler hâlinde yetişen, beyaz tonlarındaki silindir biçimli şapkası pütürlü, bazitli bir tür mantar; pösteki mantarı (Coprinus comatus)
SÖĞÜRME	a.,ağz.	Ateşte közlenerek hazırlanmış patlıcan
SÖĞÜTLÜ	sf.	Söğüt ağaçları bulunan (yer)
SÖKÜKÇÜ	a.	Sökük dikip yama yapan kimse
SÖKÜLME	a.	Sökülmek işi
SÖKÜLÜŞ	a.	Sökülmek işi
SÖKÜMCÜ	sf.	Sökme işini yapan (kimse)
SÖKÜNTÜ	a.	Sökülen şeyin parçası
SÖLPÜME	a.	Sölpümek işi
SÖMİKOK	a.,mdn.	Taş kömürünün 500-600 °C'de damıtılmasıyla elde edilen kömür
SÖMÜRGE	a.	Bir devletin kendi ülkesinin sınırları dışında egemenlik kurarak yönettiği ekonomik veya siyasal çıkarlar sağladığı ülke, sömürülen ülke; müstemleke, koloni
SÖMÜRME	a.	Sömürmek işi; istismar
SÖMÜRÜŞ	a.	Sömürmek işi
SÖNÜMLÜ	sf.,fiz.	Belirli bir sürede genliği sıfıra inen (salınım hareketi)
SÖVGÜCÜ	sf.	► küfürbaz
SÖVÜLME	a.	Sövülmek işi
SÖVÜNTÜ	a.	Hafif sövme yollu, kaba ve yakışıksız söz
SÖVÜŞME	a.	Sövüşmek işi
SÖYLEME	a.	Söylemek işi; irat
SÖYLEŞİ	a.	Karşılıklı yapılan arkadaşça, dostça konuşma
SÖZLEME	a.	Sözlemek işi
SPASTİK	a.,tıp	Beyin zedelenmesi yüzünden kasları istemsiz olarak kasılan kimse
SPATULA	a.,tek.	Ev işleri, duvarcılık, boyacılık gibi alanlarda kullanılan, bir maddeyi kazımaya, yaymaya yarayan, küçük bir kürek veya ucu keskin olmayan, bükülebilen bir bıçak biçiminde metal, ağaç, kemik vb. maddelerden yapılmış araç
SPONSOR	a.	► destekleyici
SPORTİF	sf.	Sporla ilgili
STADYUM	a.,sp.	Takım oyunları, atletizm karşılaşmaları ve çeşitli törenlerin yapılabilmesi, seyircilerin de bunları izleyebilmesi için elverişli oturma yerleri olan alan, stat
STAJYER	a.	Staj yapan kimse
STATÜKO	a.	Süregelen düzenin korunması durumu; sürer durum
STEARİK	a.,kim.	Bitkisel ve özellikle hayvansal stearin durumunda bulunan stearik asit (CH3-(CH2)16-CO2H)
STEARİN	a.,kim.	Gliserinin stearik asit esteri
STERLİN	a.	Yüz peniden oluşan Birleşik Krallık’ın para birimi; paunt
STEYŞIN	a.	Eşya konacak yeri aracın içine dâhil edilmiş binek otomobili
STİCKER	a.	343 çıkartma
STİLİST	a.	► giyimçizer
STRAFOR	a.	Genellikle binaların dış cephe kaplamasında kullanılan süngerimsi madde
STRATUS	a.,meteor.	► katman bulut
STRESLİ	sf.	Stresi olan, stresi bulunan
SUALSİZ	sf.	Suali olmayan
SUBASAR	a.	Basınç uygulayarak suyu binanın üst katlarına çıkaran düzenek; hidrofor
SUCUKÇU	a.	Sucuk yapan veya satan kimse
SUCUKLU	sf.	İçinde sucuk bulunan
SUCULUK	a.	Sucunun yaptığı iş
SUÇLAMA	a.	Suçlamak işi; itham, töhmet
SUÇÜSTÜ	a.,huk.	Birini suç işlerken yakalama; cürmümeşhut, meşhut suç
SUFİLİK	a.	Sufi olma durumu
SUHULET	a.,esk.	► kolaylık
SUHUNET	a.,esk.	► sıcaklık
SUİKAST	a.	Gizlice cana kıyma ve kötülük etmeye kalkışma
SULAMAK	-i	Toprak, bitki, hayvan vb.ne su vermek
SULANIŞ	a.	Sulanmak işi
SULANMA	a.	Sulanmak işi
SULANTI	a.	Birine karşı hissedilen duygusal ilgi
SULATMA	a.	Sulatmak işi
SULFATA	a.,ağz.	Kinin sülfatı ve genel olarak kinin tuzu
SULTANİ	sf.	Sultanlara yaraşan veya sultanlarla ilgili
SULULUK	a.	Sulu olma durumu
SUNİLİK	a.	► yapaylık
SUNULMA	a.	Sunulmak işi
SUNULUŞ	a.	Sunulmak işi
SUÖLÇER	a.	Su vb. akışkanlara ilişkin derinliği ve ağırlığı, basıncı ölçmeye yarayan alet; hidrometre
SURATLI	sf.	► yüzlü
SURETEN	zf.	Dış görünüş bakımından
SURNAME	a.,ed.	Osmanlı şehzadelerinin sünnet düğünlerini, padişah kızlarının doğum ve evlenme şenliklerini tasvir eden eserlere verilen ad
SUSAMAK	nsz.	Su içme gereksinimi duymak
SUSAMLI	sf.	Susamı olan
SUSAMSI	sf.	Susamı andıran, susama benzeyen, susam gibi
SUSATMA	a.	Susatmak işi
SUSAYIŞ	a.	Susamak işi
SUSTALI	sf.	Sustası olan
SUVARIM	a.	Bir suvarmada veya sulamada verilen su miktarı
SUVARMA	a.	Suvarmak işi
SUZİDİL	a.,müz.	Klasik Türk müziğinde bir birleşik makam
SUZİNAK	a.,müz.	Klasik Türk müziğinde bir basit makam
SÜBEKLİ	sf.	Sübeği olan
SÜBLİME	a.,kim.	Süblimleştirme yoluyla elde edilen ürün
SÜDREME	a.	Südremek işi
SÜKÛNET	a.	► dinginlik
SÜLÜĞEN	a.	Erimiş kurşunun, bir hava akımında yükseltgenmesiyle üretilen, çok yoğun ve zehirli, pas önleyici astar boyaların hazırlanmasında kullanılan kırmızı boya
SÜLÜKÇÜ	a.	Sülük satan kimse
SÜLÜMEN	a.,kim.	► ak sülümen
SÜMBÜLE	a.,müz.	Klasik Türk müziğinde bir makam
SÜMBÜLİ	sf.	Yağmur yağdırmayan koyu renkli bulutlarla örtülü (hava)
SÜMÜKLÜ	sf.	Sümüğü olan
SÜMÜKSÜ	sf.	Sümük özelliğinde olan, sümüğe benzer, sümük gibi; sümüğümsü
SÜNGÜLÜ	sf.	Süngü takmış olan
SÜNUHAT	esk.	Akla gelen şeyler, zihinden geçirilen şeyler
SÜPÜRGE	a.	Süpürme işinde kullanılan araç
SÜPÜRME	a.	Süpürmek işi
SÜPÜRÜŞ	a.	Süpürmek işi
SÜRATLE	zf.	► çabucak
SÜRATLİ	sf.	► hızlı
SÜRÇMEK	nsz.	Yürürken yanlış adım atıp dengesini yitirmek
SÜREĞEN	sf.	Ne kadar süreceği belli olmaksızın sürüp giden; müzmin, kronik
SÜREKÇİ	a.,ağz.	Davar alışverişiyle uğraşan kimse
SÜREKLİ	sf.	Kesintisiz olarak süren, devamlı; kalıcı, temelli, daimî, paso
SÜREMLİ	sf.	Belirli bir zaman ilgisi bulunan
SÜRESİZ	sf.	Süresi belirli olmayan; müddetsiz
SÜRFİLE	sf.	Seyrek ve çapraz (dikiş)
SÜRGÜLÜ	sf.	Sürgü kolu olan
SÜRMELİ	sf.	Sürme ile boyanmış olan
SÜRPRİZ	a.	Beklenmeyen ve insanı şaşırtarak sevindiren veya üzen olay, beklenmedik durum; şaşırtı
SÜRREAL	sf.	► gerçeküstü
SÜRŞARJ	a.	Bir sayının, kelimenin yerine geçmek için üzerine başka bir sayı veya kelime basma işi
SÜRTMEK	-e,-i	Bir şeyi bastırarak diğer bir şeyin üzerinden geçirmek
SÜRÜCÜL	sf.	Sürü durumunda yaşayan
SÜRÜLME	a.	Sürülmek işi
SÜRÜLÜŞ	a.	Sürülmek işi
SÜRÜMEK	-i	► sürüklemek
SÜRÜMLÜ	sf.	Sürümü çok olan, çok satılan (mal)
SÜRÜNME	a.	Sürünmek işi
SÜRÜNTÜ	a.,tıp	Test yapılmak üzere mukoza veya yara üzerinden özel bir çubukla alınan salgı
SÜRÜNÜŞ	a.	Sürünmek işi
SÜRÜSÜZ	sf.	Sürüsü olmayan
SÜRÜTME	a.	Sürütmek işi
SÜSLEME	a.	Süslemek işi; bezeme, bezekleme, donama, tezyin
SÜSLÜCE	sf.	Süslüye yakın
SÜTANNE	a.	Bir çocuğun, annesi dışında sütünü emmiş olduğu kadın; sütana, sütnine
SÜTBABA	a.	Çocuğa göre sütannenin kocası
SÜTBAŞI	a.	Kaynatılmış sütün yüzeyinde oluşan kaymak tabakası
SÜTHANE	a.	Süt ve süt ürünleri üretilen ve satılan yer
SÜTLÜCE	a.,bit. b.	► düğün çiçeği
SÜTNİNE	a.	► sütanne
SÜTOĞUL	a.	Bir kadının kendi çocuğu değilken emzirdiği ve kocasıyla birlikte evlat olarak benimsediği erkek çocuk
SÜTUNLU	sf.	Sütunu olan
SÜTÜMSÜ	sf.	► sütsü
SÜVETER	a.	Genellikle altına gömlek veya bluz giyilen kolsuz kazak
SÜVEYDA	a.,esk.	Kalbin ortasında var olduğuna inanılan siyah benek
SÜZÜLME	a.	Süzülmek işi
SÜZÜLÜŞ	a.	Süzülmek işi
SÜZÜNTÜ	a.	Bir sıvıyı süzerek elde edilen tortu
SÜZÜŞME	a.	Süzüşmek işi
ŞAHESER	a.	Kendi türünde mükemmel olan, üstün ve kalıcı nitelikte eser; başyapıt, başeser
ŞAHİNCİ	a.	Avcı şahin yetiştiren ve avda kullanan kimse
ŞAHİTLİ	sf.	► tanıklı
ŞAHTERE	a.,bit. b.	Şahteregillerden, tarla ve yol kenarlarında yetişen, 20-40 santimetre yüksekliğinde, çiçekleri hekimlikte kullanılan, çok yıllık ve otsu bir bitki (Fumaria officinalis)
ŞAİBELİ	sf.	Şaibesi olan
ŞAİRANE	sf.	Şaire yakışır biçimde; ozanca
ŞAİRLİK	a.	Şair olma durumu; ozanlık
ŞAKADAN	zf.	Şaka olarak, şaka diye; şakacıktan, mahsus (I)
ŞAKAMSI	zf.	Şakaya benzer biçimde
ŞAKASIZ	zf.	Şaka yapmaksızın, ciddi olarak
ŞAKAYIK	a.,bit. b.	Düğün çiçeğigillerden, çiçekleri türlü renkte, çok yıllık güzel bir süs bitkisi (Paeonia mascula)
ŞAKIMAK	nsz.	Ötücü kuşlar ezgili ses çıkarmak, ötmek; şakramak, terennüm etmek
ŞAKIRTI	a.	Şakırdayan bir şeyin çıkardığı sesin adı
ŞAKIYIŞ	a.	Şakımak işi
ŞAKİLİK	a.	► haydutluk
ŞAKLAMA	a.	Şaklamak işi
ŞAKRAMA	a.	► şakıma
ŞAMANLI	sf.	Şamanı olan
ŞAMBABA	a.	Bir tür hamur tatlısı; baba tatlısı, şambabası
ŞAMBREL	a.	► iç lastik
ŞAMPUAN	a.	Çoğunlukla saç yıkamakta kullanılan, kokulu ve bol köpüklü bir tür sıvı sabun
ŞANSSIZ	sf.	Şansı olmayan
ŞANTİYE	a.	Yapı gereçlerinin yığılıp saklandığı veya işlendiği yer
ŞANTUNG	a.	Genellikle yazlık giyim eşyası yapılan, üzerinde kendinden desenli çizgileri bulunan, ham ipekle dokunmuş kumaş
ŞAPHANE	a.	Şap çıkarılan yer, şap ocağı
ŞAPIRTI	a.	Öperken veya yemek yerken çıkan sesin adı
ŞAPKACI	a.	Şapka yapan veya satan kimse
ŞAPKALI	sf.	Şapka giymiş olan (kimse)
ŞAPLAMA	a.	Şaplamak işi
ŞARAPÇI	a.	Şarap yapan veya satan kimse
ŞARAPLI	sf.	İçinde şarap bulunan
ŞARILTI	a.	Şarıldayan şeyin çıkardığı sesin adı
ŞARKICI	a.	Şarkı söyleyen, şarkı söyleme yeteneği olan veya mesleği şarkı söylemek olan kimse; okuyucu, hanende, muganni
ŞARKILI	sf.	İçinde şarkı bulunan
ŞARLAMA	a.	Şarlamak işi
ŞARTSIZ	sf.	Şarta bağlı olmayan; koşulsuz
ŞAŞAALI	sf.,esk.	► görkemli
ŞAŞILIK	a.	Şaşı olma durumu
ŞAŞILMA	a.	Şaşılmak işi
ŞAŞIRIŞ	a.	Şaşırmak işi
ŞAŞIRMA	a.	Şaşırmak işi
ŞAŞIRTI	a.	► sürpriz
ŞATAFAT	a.	► görkem
ŞATHİYE	a.,esk.,ed.	Yergiye, alaya, şakaya yer veren manzum eser
ŞATRANÇ	a.	► satranç
ŞAVALAK	sf.,ağz.	Aptal, alık, sersem, budala olan
ŞAVKIMA	a.	Şavkımak işi
ŞAYESTE	sf.,esk.	Uygun, yakışır
ŞEBABET	a.,esk.	► gençlik
ŞEBEKÇİ	a.	Şebek oynatan kimse
ŞEDDADİ	sf.,esk.	Çok büyük ve sağlam (yapı)
ŞEDDELİ	sf.	Üzerinde şedde işareti bulunan veya yan yana iki tane imiş gibi okunan (harf)
ŞEFTALİ	a.,bit. b.	Gülgillerden, ılıman bölgelerde yetişen, çiçekleri pembe renkli bir ağaç (Prunus persica)
ŞEHADET	a.	► tanıklık
ŞEHİRCİ	a.	Şehircilik uzmanı, şehircilikle uğraşan kimse; kentçi
ŞEHİRLİ	sf.	Şehir halkından olan; kentli
ŞEHNAME	a.,ed.	Hükümdarların niteliklerini, üstün başarılarını anlatan, mesnevi biçiminde yazılmış manzume
ŞEHRİYE	a.	Çorba ve pilavda kullanılan, türlü biçimlerde kesilerek kurutulmuş buğday unu hamuru
ŞEHVANİ	sf.,esk.	► erotik
ŞEHZADE	a.,tar.	Padişahların ve oğullarının erkek çocuklarına verilen san
ŞEKAVET	a.,esk.	► haydutluk
ŞEKERCİ	a.	Şeker ve şekerleme yapan veya satan kimse
ŞEKERLİ	sf.	İçinde şeker bulunan
ŞEKERSİ	sf.	Şekere benzeyen, şekeri andıran; şekerimsi
ŞEKİLCİ	sf.	► biçimci
ŞEKİLLİ	sf.	► biçimli
ŞEKVACI	sf.	► şikâyetçi
ŞEMATİK	sf.	Şema biçiminde olan
ŞEMSELİ	sf.	Şemsesi olan
ŞENDERE	a.	Kaplamacılıkta kullanılan ince tahta
ŞENELME	a.	Şenelmek işi
ŞENİYET	a.,esk.	► gerçeklik
ŞEREFLİ	sf.	Şerefi olan; onurlu
ŞERİTÇİ	a.	Süs şeridi yapan veya satan kimse
ŞERİTLİ	sf.	Şeridi olan
ŞEŞTARİ	a.	İpek veya ipekle pamuk karışımı bir tür çizgili kumaş
ŞETARET	a.,esk.	► şenlik
ŞETLANT	a.	Shetland Adaları'nda yetişen koyun türünün yününden yapılan kumaş, örgü vb
ŞEVAHİT	a.,esk.	Tanıklar
ŞEVKSİZ	sf.	Şevki olmayan
ŞEYHLİK	a.	Şeyh olma durumu; meşihat
ŞEYTANİ	sf.	► şeytanca
ŞEZLONG	a.	Üzerine uzanılabilecek biçimde ayarlanan, döşeme yerine bez gerilen bir tür taşınabilir koltuk
ŞIKIRTI	a.	Şıkırdama sonucu çıkan sesin adı
ŞIMARIK	sf.	Şımarmış, şımartılmış (kimse)
ŞIMARIŞ	a.	Şımarmak işi
ŞIMARMA	a.	Şımarmak işi
ŞIPIDIK	a.	Ökçesiz ve arkalıksız terlik veya pabuç; şıpşıp
ŞIPIRTI	a.	Şıpırdama sırasında çıkan sesin adı
ŞIRALIK	sf.	Şıra olmaya elverişli (meyve)
ŞIRASIZ	sf.	Şırası olmayan
ŞIRILTI	a.	Şırıldayan suyun çıkardığı sesin adı
ŞIRINGA	a.	Havayı, sıvıları emmeye veya itmeye yarayan alet
ŞIRLAMA	a.	Şırlamak işi
ŞİFAHEN	zf.	Ağızdan, sözle söyleyerek
ŞİFASIZ	sf.	Şifası olmayan
ŞİFLEME	a.	Şiflemek işi
ŞİFRECİ	a.	Metinleri şifreleyen kimse
ŞİFRELİ	sf.	Şifresi olan
ŞİİRSEL	sf.	Şiir niteliğinde olan
ŞİKÂYET	a.	Hoşnutsuzluk belirten söz veya yazı; yakınma (II), yakıntı, ağlantı, şekva
ŞİKESİZ	sf.	Şike yapılmayan
ŞİKESTE	sf.,esk.	Kırılmış
ŞİLEPÇİ	a.	Yük gemisi işleten kimse
ŞİMALLİ	sf.	► Kuzeyli
ŞİMDİKİ	sf.	İçinde bulunulan anda olan veya yapılan, bu andaki, bu zamandaki
ŞİNANAY	ünl.,ağz.	Sevinç, mutluluk, hoşnutluk, kıvanç belirten bir söz
ŞİNTOCU	sf.	Şintoculuk yanlısı
ŞİRESİZ	sf.	► şerbetsiz
ŞİRÜRJİ	a.,tıp	► cerrahi
ŞİŞELİK	a.	Şişe konulacak yer
ŞİŞHANE	a.,esk.	Namlusu altı yivli tüfek veya top
ŞİŞİNME	a.	Şişinmek işi
ŞİŞİRİŞ	a.	Şişirmek işi
ŞİŞİRME	a.	Şişirmek işi
ŞİŞLEME	a.	Şişlemek işi
ŞİTAİYE	a.,esk.,ed.	Divan edebiyatında kış mevsimini konu olarak işleyen şiir
ŞİVEKÂR	sf.,esk.	► cilveli
ŞİVESİZ	sf.	Konuşması şive özelliği taşımayan, ölçünlü dille konuşan
ŞNİTZEL	a.	Dana veya tavuk etinin galeta ununa bulanıp kızartılması ile yapılan bir yemek türü
ŞNORKEL	a.	Dizel motorlu denizaltının su altında uzun süre kalmasını sağlayan düzen
ŞORLAMA	a.	Şorlamak işi
ŞOROLOP	zf.,ağz.	Birdenbire ve hırsla (yutmak)
ŞOSONLU	sf.	Şosonu bulunan
ŞÖBİYET	a.	İnce yufkaların içine kaymak konulup üstüne dövülmüş fıstık serpilerek yapılan bir baklava türü
ŞÖMİZLİ	sf.	Şömizi olan
ŞÖMİZYE	a.	Yakası erkek gömleğini andıran (kadın giysisi)
ŞÖVALYE	a.,tar.	Eski Roma'da üç sınıftan ikincisinin üyesi olan yurttaş
ŞÖYLECE	zf.	Tam şöyle; şu biçimde, şu şekilde
ŞUNCASI	zm.	Şu kadarı
ŞURACIK	a.	Yakın ve belirli bir yer
ŞURUPÇU	a.	► şerbetçi
ŞURUPLU	sf.	► şerbetli
ŞUTLAMA	a.	Şutlamak işi
ŞUURSUZ	sf.	► bilinçsiz
ŞÜMULLÜ	sf.	► kapsamlı
ŞÜPHECİ	sf.	► kuşkucu
ŞÜPHELİ	sf.	► kuşkulu
ŞVESTER	a.	► hemşire
TAACCÜP	a.,esk.	► şaşma
TAADDÜT	a.,esk.	Çoğalma, sayısı artma
TAAFFÜN	a.,esk.	Kokuşma, pis kokma
TAAHHÜT	a.	Bir şey yapmayı üstüne alma; üstenme, üstlenme
TAALLUK	a.,esk.	► ilgi
TAAMMÜM	a.,esk.	► genelleşme
TAAMMÜT	a.,esk.	Bir işi veya suçu bile bile, tasarlayarak yapma
TAANNÜT	a.,esk.	Direnme, ayak direme, inat etme
TAARRUZ	a.	► saldırı
TAASSUP	a.	► bağnazlık
TAAŞŞUK	a.,esk.	Karşılıklı âşık olma
TAAYYÜN	a.,esk.	Belli olma, ortaya çıkma, belirme
TAAYYÜŞ	a.,esk.	Geçimini sağlama
TABABET	a.	► tıp
TABAKÇI	a.	Tabak yapan veya satan kimse
TABAKLI	sf.	Tabağı olan
TABANCA	a.	Kısa, hafif, cepte veya belde taşınan ateşli silah
TABANLI	sf.	Tabanı olan
TABETME	a.	► basma
TABİİYE	a.,esk.	Tabiat bilgisi dersi
TABİLİK	a.	► yayımcılık
TABİRCİ	a.	Rüya yorumlayan kimse; yorumcu
TABLACI	a.	Mallarını tabla üzerinde satan kimse; tablakâr
TABLALI	sf.	Tablası olan
TABLİYE	a.,mim.	Köprü yapımında ilk olarak yerleştirilen ve köprüyü oluşturan bölüm
TABURCU	sf.	Hastaneden çıkması kararlaştırılmış (hasta)
TADILMA	a.	Tadılmak işi
TADİLAT	a.	Değişiklikler
TAFRACI	sf.	Böbürlenen, yüksekten atan (kimse)
TAGADDİ	a.,esk.	► beslenme
TAHARET	a.	Temizlik, temiz olma
TAHARRİ	a.,esk.	► arama
TAHİNLİ	sf.	İçinde tahin bulunan (çörek, ekmek, pide vb.)
TAHKİYE	a.	Bir olayı anlatmadaki düzen, anlatış düzeni
TAHLİLÎ	sf.,esk.	► çözümlemeli
TAHLİYE	a.	► boşaltma
TAHMİNÎ	sf.	Oranlamaya, tahmine göre; kararlama, kestirmece
TAHRİRÎ	sf.,esk.	Yazılı, yazı ile, şifahi karşıtı
TAHŞİYE	a.,esk.	Dipnot yazma, çıkma yapma
TAHTACI	a.	Orman işletmelerinin izni doğrultusunda ağaçları işleyen, budayan, doğrayan kişi
TAHTALI	sf.	Tahtası olan
TAKANAK	a.,ağz.	► alacak
TAKATLİ	sf.	Takati olan
TAKILIŞ	a.	Takılmak işi
TAKILMA	a.	Takılmak işi
TAKINAK	a.,ruh b.	Bilince takılarak korku ve bunalım yaratan, kişinin çabalarına karşın kurtulamadığı düşünce
TAKINIŞ	a.	Takınmak işi
TAKINMA	a.	Takınmak işi
TAKINTI	a.	Bir durum ve sorunla ilişkisi olan başka durum veya sorun
TAKIRTI	a.	Bir şeyin çıkardığı kuru ve sert ses
TAKIŞMA	a.	Takışmak işi
TAKİBAT	a.,huk.	► kovuşturma
TAKİBEN	zf.	► ardınca
TAKİPÇİ	a.	Takip eden, izleyen kimse
TAKKELİ	sf.	Takkesi olan
TAKLACI	a.	► taklacı güvercin
TAKLİDÎ	sf.,esk.	Taklit yoluyla yapılan
TAKRİBÎ	sf.,esk.	► yaklaşık
TAKSALI	sf.	Pulu yapıştırılmadığı veya eksik yapıştırıldığı için parası, cezasıyla birlikte kendisine gönderilen kimseden alınan (mektup)
TAKSİCİ	a.	Taksi çalıştıran kimse
TAKUNYA	a.	Genellikle hamam vb. ıslak tabanlı yerlerde kullanılan, yüksek ökçeli, ağaçtan yapılmış bir tür ayak giysisi; nalın
TAKVİYE	a.	► sağlamlaştırma
TALAKAT	a.,esk.	Kolayca düzgün söz söyleme durumu
TALANCI	a.	Talan eden kimse
TALİHLİ	sf.	► bahtlı
TALİMAR	a.,den.	Baş bodoslamasından omurgaya kadar uzanan, cıvadra donanımına desteklik etmek amacıyla konulan ekleme
TALİMAT	a.	► yönerge
TALİMLİ	sf.	Talim görmüş, eğitilmiş
TALİPLİ	sf.	► istekli
TALLAHİ	ünl.	► vallahi
TAMAMEN	zf.	Her şeyiyle kapsayıcı bir biçimde, bütün olarak, olduğu gibi; ağız ağıza, baştan aşağı, baştan başa, baştan sona, boylu boyunca, büsbütün, bütün bütün, bütün bütüne, bütünüyle, hepten, heyetiyle, iyice, külliyen, milimi milimine, satır satır, sıkı sıkı, tam tamına, tamamı tamamına, tamamıyla, tamı tamına, tastamam, tekmil, temelli, tepeden ayağa, tepeden tırnağa, top, tümden, tümüyle
TAMANİT	a.,min.	Doğal kalsiyum ve demir fosfat
TAMBURA	a.,müz.	Türk halk müziğinde kullanılan, cura, bulgari, çöğür, bağlama gibi telli ve mızrapla çalınan çalgıların genel adı
TAMBURİ	a.	Tambur çalan kimse
TAMİRAT	a.	► onarım
TAMİRCİ	a.	► onarıcı
TAMKARE	a.,mat.	Bir rasyonel sayının veya cebirsel ifadenin karesi olan sayı veya ifade
TAMLAMA	a.,db.	Bir tamlayan ile bir tamlanandan oluşan kelime grubu; terkip: Evin kapısı, bizim evimiz, karlı dağlar vb
TAMZARA	a.,müz.	Doğu Anadolu'da, toplu olarak oynanan bir halk oyunu
TANDANS	a.	► eğilim
TANECİK	a.	Küçük tane
TANECİL	sf.,hay. b.	Tahılla beslenen
TANESİZ	sf.	Tanesi olmayan
TANGRAM	a.	Bir kareden belli bir düzene göre kesilmiş iki büyük iki küçük, bir orta boy ikizkenar dik üçgen, bir kare ve bir paralel kenardan oluşan eski bir Çin bulmacası
TANIDIK	sf.	Tanışılıp konuşulan (kimse); bildik, biliş, tanış
TANIKLI	sf.	Tanığı olan; şahitli
TANILMA	a.	► tanınma
TANIMAK	-i	Daha önce görülen, bilinen bir kimse veya şeyle karşılaşıldığında bunun kim veya ne olduğunu hatırlamak
TANIMAZ	sf.	Tanımayan
TANIMLI	sf.	Tanımı olan, tanımlanmış
TANINIŞ	a.	Tanınmak işi
TANINMA	a.	Tanınmak işi; tanılma
TANISIZ	sf.	Tanısı olmayan
TANIŞIK	a.	Birbirini tanıyanlardan her biri
TANIŞIŞ	a.	Tanışmak işi
TANIŞMA	a.	Tanışmak işi
TANITIM	a.	Tanıtmak işi; lansman
TANITIŞ	a.	Tanıtmak işi
TANITLI	sf.,fel.	Tanıtlanmış, tanıta dayanan; ispatlı
TANITMA	a.	Tanıtmak işi; takdim, prezantasyon
TANIYIŞ	a.	Tanımak işi
TANİNLİ	sf.	► tınlamalı
TANJANT	a.,mat.	Başka bir çizgiye, eğriye veya yüzeye dokunan fakat onu kesmeyen çizgi, eğri veya yüzey
TANLAMA	a.	Tanlamak işi
TANRICI	sf.,din b.	Evreni yaratan ve yöneten, vahiy yoluyla insanlara buyruklar veren bir Tanrı'nın varlığına inanan; teist
TANRIÇA	a.	Çok tanrıcılıkta kadın tanrı; ilahe, mabude
TANTANA	a.	► görkem
TANTUNİ	a.	Kuşbaşından daha küçük et parçalarının soğan, biber, maydanoz, domates vb. ile bir sac üzerinde pişirilmesi sonunda hazırlanan kebap türü
TAPASIZ	sf.	Tapa konmamış olan; tıpasız
TAPINAK	a.,din b.	► mabet
TAPINIŞ	a.	Tapınmak işi
TAPINMA	a.	Tapınmak işi; perestiş
TAPIRTI	a.	Yürürken çıkan ayak sesini andırır sesin adı
TAPONCU	a.	Tapon mal alıp satan kimse
TAPTAZE	sf.	Çok taze
TAPUSUZ	sf.	Tapusu olmayan
TAPYOKA	a.	Manyok kökünden çıkarılan nişasta
TARAFÇI	a.	► yandaş
TARAFLI	sf.	Yanı ve yönü olan
TARAKÇI	a.	Tarak yapan veya satan kimse
TARAKLI	sf.	Tarağı olan
TARAKSI	sf.	Tarağı andıran, tarağa benzeyen, tarak gibi
TARAMAK	-i	Bir şeyin tellerini birbirinden ayırıp karışıklığını gidermek
TARANGA	a.,ağz.	Bir tür tatlı su balığı
TARANIŞ	a.	Taranmak işi
TARANMA	a.	Taranmak işi
TARANTI	a.	Taramak sonunda çıkan gereksiz şeyler
TARATIŞ	a.	Taratmak işi
TARATMA	a.	Taratmak işi
TARATOR	a.	Ceviz içi, sarımsak, tuz, ekmek içi, sirke ve tahinin limon suyu ile çırpılmasından sonra kıyılmış maydanozla hazırlanan salça veya sos
TARAVET	a.,esk.	► körpelik
TARAYIŞ	a.	Taramak işi
TARAZLI	sf.	Tel tel kabarmış olan
TARÇINİ	a.,esk.	► tarçın rengi
TARDİYE	a.,esk.,ed.	Beş dizelik bentlerden oluşan nazım parçası
TARHANA	a.	İçine domates, biber, soğan, kokulu otlar, süt veya yoğurt katılan, bulgur, mayalanmış ve kurutularak ufalanmış hamur vb.nden yapılan çorba malzemesi
TARIMCI	a.	Tarım işleriyle uğraşan kimse; ziraatçı
TARİFLİ	sf.	Tarifi olan
TARİHÇE	a.	Bir olay veya nesnenin özet olarak yazılmış tarihi
TARİHÇİ	a.	Tarihsel konular üzerinde araştırmalar yapan, tarih kitapları yazan kimse; müverrih
TARİHEN	zf.,esk.	Tarih bakımından, tarihe göre
TARİHLİ	sf.	Herhangi bir tarihi taşıyan; günlü
TARİKAT	a.,din b.	Aynı dinin içinde birtakım yorum ve uygulama farklılıklarına dayanan, bazı ilkelerde birbirinden ayrılan Tanrı'ya ulaşma ve onu tanıma yollarından her biri
TARTICI	a.	Tartı aletiyle tartan kimse
TARTILI	sf.	Tartılmış; vezinli
TARTMAK	-i	Bir şeyin birim cinsten ağırlığını bulmak
TARTURA	a.,ağz.	Çıkrıkçı çarkı
TARUMAR	sf.,esk.	► darmadağın
TARZİYE	a.,esk.	Söylenen kırıcı bir söz veya yapılan kötü bir davranış için karşıdakinden özür dileme, gönül alma
TASANNU	a.,esk.	Bir şeyi olduğundan daha değerli göstermek için doğallıktan uzaklaşma; yapmacık
TASARIM	a.	Zihinde canlandırılan biçim; tasavvur
TASASIZ	sf.	► kaygısız
TASFİYE	a.	Arıtma, ayıklama, temizleme
TASLAMA	a.	Taslamak işi
TASVİRÎ	sf.,esk.	► betimlemeli
TAŞAKLI	sf.	Taşağı olan
TAŞEMEN	a.,hay. b.	Taşemengillerden, suda yaşayan, çok ilkel yapılı omurgalı hayvan (Petromyzon)
TAŞERON	a.	Büyük bir işin bir bölümünü yaptırmayı, asıl müteahhitten alarak kendisi üstlenen diğer yüklenici
TAŞILLI	sf.	► fosilli
TAŞIMAK	-i	Bir şeyi bir yerden alıp başka bir yere götürmek; gezdirmek
TAŞIMSI	sf.	► taşsı
TAŞINIM	a.	Taşınma işi
TAŞINIR	sf.	Taşınabilen (eşya)
TAŞINIŞ	a.	Taşınmak işi
TAŞINMA	a.	Taşınmak işi
TAŞINTI	a.,coğ.	Sel ile taşınmış taş, toprak
TAŞIRMA	a.	Taşırmak işi
TAŞITÇI	a.	► sürücü (I)
TAŞITIŞ	a.	Taşıtmak işi
TAŞITMA	a.	Taşıtmak işi
TAŞIYIŞ	a.	Taşımak işi
TAŞLAMA	a.	Taşlamak işi
TAŞRALI	sf.	Taşra halkından olan (kimse); dışarılı, dışarlıklı
TATBİKÎ	sf.	► uygulamalı
TATİLCİ	a.	Tatile çıkmış kimse
TATLICA	sf.	Biraz tatlı, az tatlı
TATLICI	a.	Tatlı yapan veya satan kimse
TATLILI	sf.	Tatlısı olan, içinde tatlı bulunan
TATLISU	a.	Suyu acı veya tuzlu olmayan akarsu, göl vb
TAVALIK	sf.	Tavada pişirilmeye uygun (et, balık, midye)
TAVERNA	a.	Çalgılı meyhane
TAVHANE	mec.	Yoksul hastaların iyileştikten sonra nekahet dönemini geçirdikleri hayır kurumu
TAVIRLI	sf.	Mesafeli davranan, uzak duran
TAVİZCİ	sf.	► ödüncü
TAVLACI	a.	At beslenen tavlaya bakan kimse
TAVLAMA	a.	Tavlamak işi
TAVSAMA	a.	Tavsamak işi
TAVSİYE	a.	Öğütleme, öğüt verme, yol gösterme
TAVUKÇU	a.	Tavuk besleyicisi
TAVUKLU	sf.	İçinde tavuk eti bulunan
TAVUKSU	sf.	Tavuğu andıran, tavuğa benzeyen, tavuk gibi
TAVULGA	a.,bit. b.	Kabuğu kırmızı veya erguvan renginde olan ve tabaklamada kullanılan bir tür söğüt
TAYALIK	a.	► dadılık
TAYİNLİ	sf.	Tayine bağlı olan
TAYLAMA	a.	Taylamak işi
TAYYARE	a.,esk.	► uçak
TAZARRU	a.,esk.	► yakarma
TAZEKAN	sf.	Kan ihtiyacı olan hastaya verilmek üzere bir başkasından yeni alınan kan
TAZELİK	a.	Taze olma durumu
TAZILIK	a.	Tazı gibi olma durumu
TAZİMAT	a.,esk.	Yüksek saygı
TAZİYET	a.,esk.	► başsağlığı
TEBARÜZ	a.,esk.	► belirme
TEBERLİ	sf.	Teberi olan
TEBERRU	a.,esk.	► bağış
TEBEŞİR	a.	Toz zerreciklerinden oluşan, çizdiği yerde iz bırakan, beyaz veya açık renkte kireçli kaya
TEBRİYE	a.,esk.,huk.	► aklama
TECAHÜL	a.,esk.	Bilmez gibi görünme, bilmezlikten gelme
TECANÜS	a.,esk.	Bir bütünü oluşturan ögeler arasında uyum bulunması durumu
TECAVÜZ	a.	► saldırı
TECELLİ	a.	Belirme, görünme, ortaya çıkma, zuhur etme, meydana çıkma
TECEMMU	a.,esk.	► yığınak
TECEZZİ	a.,esk.	Parçalara ayrılma, ayrılma, bölünme
TECİMEN	a.,esk.	► tüccar
TECRÜBE	a.	► deneyim
TECRÜBİ	sf.,esk.	► deneysel
TECZİYE	a.,esk.	► cezalandırma
TEDAFÜİ	sf.,esk.	► savunmalık
TEDAHÜL	a.,esk.	Birbirinin içine girme
TEDARİK	a.	Araştırıp bulma, sağlama, elde etme
TEDAVÜL	a.,ekon.	► dolanım
TEDENNİ	a.,esk.	Gerileme, düşme
TEDRİCÎ	sf.,esk.	Derece derece, yavaş yavaş olan
TEEDDÜP	a.,esk.	► utanma
TEEHHÜL	a.,esk.	► evlenme
TEEHHÜR	a.,esk.	► gecikme
TEEMMÜL	a.,esk.	Bir işi ayrıntılarıyla düşünme, düşünüp taşınma
TEENAGE	a.	343 ergenlik
TEESSÜF	a.	► yazıklanma
TEESSÜR	a.,esk.	► üzüntü
TEESSÜS	a.,esk.	Kurulma, ortaya çıkma
TEEYYÜT	a.,esk.	► gerçeklenme
TEFAHÜR	a.,esk.	► övünme
TEFARİK	a.,esk.	Genellikle kırmızı, beyaz ve mor kumaştan dikilen, gömlek ve şalvardan oluşan, kol ağızları, paça kenarları ile şalvarın yanları işlenmiş kadın giysisi
TEFAVÜT	a.,esk.	► farklılık
TEFRİKA	a.	Gazete veya dergilerde çıkan, birbirini tamamlayan yazılardan oluşan dizi
TEGAFÜL	a.,esk.	Anlamazlıktan gelme
TEGANNİ	a.,esk.,müz.	Şarkı söyleme
TEĞELTİ	a.,ağz.	Binek hayvanlarında eyerin altına konulan keçe
TEHACÜM	a.,esk.	► saldırma
TEHALÜF	a.,esk.	► aykırılık
TEHALÜK	a.,esk.	Can atma, çok isteme
TEHİRLİ	sf.	Geciktirilmiş
TEHLİKE	a.	Büyük zarar veya yok olmaya yol açabilecek durum; muhatara
TEKABÜL	a.,esk.	Karşılık olma, karşılama, yerini tutma
TEKÂLİF	a.,esk.	Teklifler
TEKÂMÜL	a.,esk.	► olgunlaşma
TEKÂSÜF	a.,esk.	► toplanma
TEKÂSÜL	a.,esk.	► üşengeçlik
TEKDÜZE	sf.	Değişmeksizin, düzenli, aynı biçimde tekrarlanan, sürüp giden; tek örnek, muttarit, yeknesak, monoton
TEKELCİ	a.	Tekel kuran ve bu tekeli kabul ettiren kimse; inhisarcı
TEKERLİ	sf.	► tekerlekli
TEKİDEN	zf.,esk.	Tekit ederek, tekit yoluyla, üsteleyerek, yineleyerek
TEKLEME	a.	Teklemek işi
TEKNECİ	a.	Tekne, özellikle deniz teknesi yapan ve satan kimse
TEKSTİL	a.	► dokuma
TELAKKİ	a.	► anlayış
TELAŞLI	sf.	Telaş eden, telaşa düşen; pürtelaş
TELATİN	a.	Bir tür sağlam, yumuşak dana veya öküz derisi
TELEFAT	a.,esk.	Hastalık, afet vb. sebeplerle hayvanların toplu ölümü
TELEFON	a.	Konuşmaları ileten ve yansıtan düzenek
TELEKIZ	a.	Telefon ile iletişim kurarak fuhuş yapan kadın
TELEKLİ	sf.	Teleği olan
TELETIP	a.,tıp	Hastanın yaşamsal verilerinin mobil cihazlar kullanılarak sağlık kuruluşuna gönderilmesiyle gerçek zamanlı tanı, tedavi, takip ve değerlendirme yapılabilmesini sağlayan sağlık hizmeti
TELGRAF	a.	İki merkez arasında, kararlaştırılmış işaretlerin yardımıyla yazılı haberlerin veya belgelerin iletimini sağlayan bir telekomünikasyon düzeni; tel (II)
TELKÂRİ	a.	Tel durumundaki gümüşü, altını örerek veya bir şey üzerine kakarak yapılan iş
TELLEME	a.	Tellemek işi
TELLİCE	a.	Tek kadın tarafından oynanan bir oyun türü
TELYAZI	a.	► telgraf
TEMARUZ	a.,esk.	► sayrımsama
TEMASLI	sf.	Teması olan
TEMATİK	sf.	Bir tema etrafında oluşan
TEMAYÜL	a.	► meyletme
TEMAYÜZ	a.	Başkalarına göre üstün duruma gelme, sivrilme, seçkinleşme
TEMELLİ	sf.	Herhangi bir nitelikte temeli olan
TEMENNA	a.	Öne doğru eğildikten sonra doğrulurken eli başa götürerek verilen selam
TEMENNİ	a.	Bir şeyin gerçekleşmesini dileme
TEMETTÜ	a.,esk.,tic.	► kazanç
TEMİNAT	a.	► güvence
TEMİZCE	zf.	Temiz bir biçimde
TEMPOLU	sf.	Temposu olan
TEMRİYE	a.,tıp	Deride yer yer küme durumundaki birtakım kabartılarla kendini gösteren hastalık
TEMSİLÎ	sf.	Bir şeyi göz önünde canlandıran, temsille ilgili
TENAFÜR	a.,esk.,ed.	► ses uyumsuzluğu
TENAKUS	a.,esk.	► eksilme
TENAKUZ	a.,esk.	► çelişki
TENASÜH	a.,esk.	► ruh göçü
TENASÜL	a.,esk.,biy.	► üreme
TENASÜP	a.,esk.	► orantı
TENAZUR	a.,esk.,mat.	► bakışım
TENCERE	a.	İçinde yemek pişirilen, kapaklı, genellikle metal kap
TENEŞİR	a.	Üzerinde ölü yıkanan ayaklı tahta; salacak, teneşir tahtası
TENEVVÜ	a.,esk.	► çeşitlilik
TENHACA	sf.	Kalabalık olmayan
TENİSÇİ	a.	Tenis oynayan kimse
TENKİDÎ	sf.,esk.	► eleştirel
TENKİYE	a.,esk.	Anüsten su vererek kalın bağırsağın içini temizleme
TENNURE	a.	Mevlevi dervişlerinin giydiği kolsuz, yakasız, yırtmaçlı, beli kırmalı, uzun ve geniş giysi
TENTELİ	sf.	Tentesi olan
TENTENE	a.,ağz.	► dantel
TENZİHÎ	sf.,esk.	Tenzihle ilgili
TEOGONİ	a.	Tanrıların meydana gelişi hakkında bilgi
TEOKRAT	a.	Teokrasiye dayanan iktidar sahibi kimse
TEOLOJİ	a.	► tanrı bilimi
TEPECİK	a.,coğ.	Yerden yükseklikleri çok az olan tepeler
TEPEGÖZ	a.	Derslerde, konferanslarda asetat üzerine yazılan yazıyı veya grafiği kuvvetli bir ışık kaynağı aracılığıyla perdeye yansıtan optik araç
TEPELİK	sf.	Tepesi çok olan (yer)
TEPESİZ	sf.	Tepesi olmayan
TEPİLME	a.	Tepilmek işi
TEPİNİŞ	a.	Tepinmek işi
TEPİNME	a.	Tepinmek işi
TEPİŞME	a.	Tepişmek işi
TEPKİLİ	sf.	Tepkisi olan
TEPKİME	a.,kim.	Birbirini etkileyen maddeler arasında ortaya çıkan durum; reaksiyon, teamül
TERAKKİ	a.,esk.	İlerleme, yükselme, gelişme
TERAKÜM	a.,esk.	► birikme
TERAVİH	a.,din b.	Ramazan ayı boyunca, yatsı namazından sonra kılınan namaz; teravih namazı
TERBİYE	a.	► eğitim
TERCÜME	a.	► çeviri
TEREDDİ	a.,esk.	► yozlaşma
TERFİEN	zf.,esk.	Terfi ederek, yükselerek
TERİLEN	a.	Yapay polyester lifleri veya ipliği; tergal
TERİMLİ	sf.	Terimi olan
TERKİBÎ	sf.,esk.	Tamlama ile ilgili
TERLEME	a.	Terlemek işi
TERMİYE	a.,bit. b.	İki çenekliler sınıfının baklagiller familyasından beyaz çiçekleri olan, acı taneleri suda tatlılaştırılarak yenilen bir yıllık otsu bitki; acı bakla, delice bakla, gâvur baklası, koyun baklası, kurt baklası, Mısır baklası, yaban baklası, Yahudi baklası (Lupinus termis)
TERÖRCÜ	a.	► terörist
TERSANE	a.	Gemi yapılan yer; gemilik
TERSİNE	zf.	Beklenenin, umulanın aksine, karşıt olarak; bilakis, aksine
TERSLİK	a.	Ters olma durumu
TESADÜF	a.	Yalnızca ihtimallere bağlı olduğu düşünülen olayların kesin olmayan, değişebilen sebebi
TESAHUP	a.,esk.	► benimseme
TESALÜP	a.,esk.	İki şeyin birbiri üzerine çapraz biçimde gelmesi
TESANÜT	a.,esk.	► omuzdaşlık
TESELLİ	a.	► avuntu
TESİRLİ	sf.	► etkili
TESİSAT	a.	Belli bir işin sağlanmasına yardım eden araçların uygun yerlere döşenmesi veya döşenen bu araçların tümü; döşem, donanım
TESKERE	a.,esk.	► sedye
TESMİYE	a.,esk.	Adlandırma, ad koyma, ad verme
TESTİCİ	a.	Testi yapan veya satan kimse
TESVİYE	a.	Düz duruma getirme; düzleme
TETABUK	a.,esk.	Uyma, uygun gelme
TETANOS	a.,tıp	İnsan ve hayvan vücuduna açık yaralardan giren, genellikle toprakta, gübrede yaşayan bir basilin yol açtığı, kasların sürekli ağrılı kasılmasıyla kendini gösteren ateşli ve tehlikeli bir hastalık; kazıklı humma
TETEBBU	a.,esk.	Bir şeyi iyice inceleme, onunla ilgili bilgi edinme, araştırma
TETİKÇİ	a.	► kiralık katil
TETİKLİ	sf.	Tetiği (I) olan
TEVAFUK	a.,esk.	Birbirine uyma, uygun gelme
TEVAKKİ	a.,esk.	► sakınma
TEVARÜS	a.,esk.	Bir kimseden miras kalma, mirasa konma
TEVATÜR	a.	Yaygın söylenti
TEVAZÜN	a.,esk.	Birbirine denk olma, dengede bulunma
TEVDİAT	a.,esk.	► mevduat
TEVESSÜ	a.,esk.	► genişleme
TEVKİCİ	a.,tar.	► nişancı
TEVRİYE	a.,ed.	Birden çok anlamı olan bir sözün yakın anlamının değil de uzak anlamının kullanılması sanatı
TEVZİAT	a.,esk.	Dağıtmalar
TEYELLİ	sf.	Teyelle tutturulmuş, teyellenmiş
TEZAHÜR	a.,esk.	Ortaya çıkma
TEZATLI	sf.	► karşıtlı
TEZAYÜT	a.,esk.	► artma
TEZKERE	a.	► pusula (II)
TEZKİRE	a.,ed.	► şuara tezkiresi
TEZKİYE	a.,esk.	► aklama
TEZLEME	a.	Tezlemek işi
TEZYİNÎ	sf.,esk.	Bezemecilikle, süslemecilikle ilgili
TIBBİYE	a.,esk.	Doktor yetiştiren fakülte
TIKAÇLI	sf.	Tıkacı olan, tıkaçlanmış; tıkamalı
TIKAMAK	-e,nsz.	Bir şeyin ağzını, deliğini, içine konulan veya dışarıdan uygulanan bir nesneyle kapamak; berkitmek
TIKANIK	sf.	Tıkanmış olan
TIKANIŞ	a.	Tıkanmak işi
TIKANMA	a.	Tıkanmak işi; bekiniş, bekinme
TIKATMA	a.	Tıkatmak işi
TIKILIŞ	a.	Tıkılmak işi
TIKILMA	a.	Tıkılmak işi
TIKINIŞ	a.	Tıkınmak işi
TIKINMA	a.	Tıkınmak işi
TIKIRTI	a.	Tıkırdayan bir şeyin çıkardığı sesin adı
TIKIŞIK	sf.	Tıkışmış olan
TIKIŞMA	a.	Tıkışmak işi
TIKLAMA	a.	Tıklamak işi; klikleme
TIMARCI	a.	Tımar yapan kimse
TIMARLI	sf.	Tımar edilmiş (binek hayvanı)
TINLAMA	a.	Tınlamak işi; tanin
TIPASIZ	sf.	► tapasız
TIPATIP	zf.	Her bakımdan birbirinin aynı bir biçimde; tastamam, tıpkısının aynısı, aynısının tıpkısı, tıpkı tıpkısına, tıpkısı tıpkısına
TIPIRTI	a.	Tıpırdayan bir şeyin çıkardığı sesin adı
TIPKISI	a.	► aynısı
TIRAŞÇI	sf.,argo	► palavracı
TIRAŞLI	sf.	Tıraş olmuş, sakalını tıraş etmiş; matruş
TIRIŞKA	sf.,argo	İşe yaramaz, yararsız
TIRPANA	a.,hay. b.	Öz kedi balığıgillerden, yan kanatları vücuduna yapışık, uzun kuyruklu, iri bir balık; rina (Raja batis)
TIRSMAK	-den	Ürkmek, korkmak, çekinmek
TISLAMA	a.	Tıslamak işi
TİCARET	a.	Ürün, mal vb. alım satımı; tecim
TİFDRUK	a.	Oyulmuş bakır kalıplarla yapılan, renkli fotoğraf baskılarına elverişli bir baskı tekniği
TİKSİNÇ	sf.	► tiksindirici
TİLAVET	a.	Kur'an'ı güzel ve yüksek sesle, usulünce okuma
TİNERCİ	a.	Uçucu madde bağımlısı olan kimse
TİPLEME	a.	Tiplemek işi
TİRYAKİ	sf.	Afyon, tütün, kahve, çay vb. keyif veren maddelere alışmış olan (kimse)
TİTİZCE	zf.	Titiz bir biçimde
TİTREME	a.	Titremek işi; lerze
TOHUMCU	a.	Tohum yetiştiren veya satan kimse
TOHUMLU	sf.	Tohumu olan
TOKASIZ	sf.	Tokası olmayan
TOKATÇI	a.,argo	► dolandırıcı
TOKURTU	a.	Tokurdama sırasında çıkan sesin adı
TOKUŞMA	a.	Tokuşmak işi
TOLGALI	sf.	Miğferi olan
TOLKŞOV	a.,TV	► söz gösterisi
TOMARLA	sf.	► pek çok
TOMBALA	a.	Torbadan numaralı taşlar çekilerek üzerinde numara yazılı kâğıtlarla oynanan bir talih oyunu
TOMURMA	a.	Tomurmak işi
TOPAÇÇI	a.	Topaç yapan veya satan kimse
TOPALAK	a.,bit. b.	Hünnapgillerden, yapraklarından yeşil boya çıkarılan bir bitki (Rhamnus clorophorus globosus)
TOPALTI	a.,tar.	Kale toplarının koruması altındaki yer
TOPATAN	a.,bit. b.	Güzel kokulu, sarı renkte, uzunca bir tür kavun
TOPHANE	a.,tar.	Top yapılan, top dökülen yer
TOPLAMA	a.	Toplamak işi; cemetme, icma
TOPLESS	sf.	343 üstsüz
TOPLUCA	sf.	Vücutça biraz dolgun
TOPUKLU	sf.	Topuğu bulunan (ayakkabı, terlik vb.)
TOPUZLU	sf.	Topuzu olan
TORAKÇI	a.	Meşe odununu yakarak odun kömürü elde edilmesini iş edinmiş kimse; torlukçu
TORAMAN	sf.	İri yapılı (genç)
TORBALI	sf.	Torbası olan
TORNACI	a.	Torna işi yapan kimse, torna işçisi
TORNADO	a.,coğ.	Batı Afrika kıyılarında esen çok kuvvetli hava akımı
TORNALI	sf.	Tornada işlenmiş
TORPİDO	a.	Otomobillerde, içinde sürücü için gerekli şeylerin bulunduğu kapaklı küçük bölme; torpido gözü
TORTULU	sf.	Tortusu olan
TOSBAĞA	a.,ağz.	► kaplumbağa
TOSLAMA	a.	Toslamak işi
TOTEMCİ	sf.,top. b.	Totemcilik yanlısı; onguncu
TOZARMA	a.	► tozlaşma
TOZUMAK	nsz.	► tozmak
TOZUNTU	a.	Tozumakla havaya kalkıp uçan tozlar
TOZUTMA	a.	Tozutmak durumu
TÖKEZME	a.	Tökezmek işi
TÖMBEKİ	a.,bit. b.	Özellikle İran'da yetişen ve nargile ile içilen bir tütün türü; nargile tütünü (Nicotiana persica)
TÖRELCİ	sf.,fel.	► ahlakçı
TÖRENLİ	sf.	Törenle yapılan; merasimli
TÖRESEL	sf.	► törel
TÖRESİZ	sf.	Töresi olmayan
TÖRPÜLÜ	sf.	Törpülenmiş
TÖSKÜRÜ	zf.,ağz.	► geri geri
TÖVBELİ	sf.	Tövbe etmiş olan; tövbekâr
TRAJEDİ	a.,tiy.	Konusunu efsanelerden veya tarihsel olaylardan alan, acıklı sonuçlarla bağlanan bir tür tiyatro eseri;  ağlatı, facia, tragedya
TRAKEİT	a.,anat.	► soluk borusu
TRAKTÖR	a.	Arkasına römork takılabilen, çift sürmek, yük taşımak vb. işlerde kullanılan motorlu iş makinesi
TRAMPET	a.	İki değnek ile çalınan küçük davul
TRAMVAY	a.	Şehirlerde yol üzerine döşenmiş özel raylarda hareket eden yolcu taşıtı
TRANSİT	zf.	Bir yerden dinlenmeden, beklemeden, durmadan (geçmek)
TRAVERS	a.	► tabanlık
TREYLER	a.	Traktör veya kamyonlara, genellikle yük taşımalarını sağlamak için takılan araba
TRİLEÇE	a.	Pandispanya kekinin üzerine şekerle kaynatılmış inek, manda ve keçi sütü karışımının dökülmesiyle yapılan bir tür tatlı
TRİLOJİ	a.,ed.	► üçleme
TRİLYON	a.	Milyar kere bin, 1.000.000.000.000
TRİPOLİ	a.,jeol.	Ufalandığında toz, madenî eşya, taş, mermer, cam vb.ni temizlemeye ve parlatmaya yarayan silisli kaya
TRİPTİK	a.	Otomobiller için verilen geçici gümrük belgesi
TRİTYUM	a.,kim.	Atom ağırlığı 3 olan radyoaktif hidrojen izotopu
TROMBON	a.,müz.	Sürgü kolunun hareketiyle değişik yükseklikte seslerin elde edildiği nefesli çalgı
TROMBOZ	a.,tıp	Kan pıhtısı oluşumu nedeniyle kan akışının engellenmesi
TROMPET	a.,müz.	Bir ağızlık ve kendi üstüne kıvrılmış silindir bir borudan oluşan nefesli çalgı
TROPİKA	a.,gök b.,coğ.	► dönence
TROPİZM	a.,biy.	► yönelim
TROPLAR	a.,fel.	Antik Çağ kuşkucu düşünürlerinin var olan şeyler hakkında nesnel bilgi edinebilmenin imkânsızlığını kanıtlamak için kullandıkları ilkeler
TSUNAMİ	a.	► dev dalga
TUFEYLİ	sf.,esk.	► asalak
TUĞLACI	a.	Tuğla yapan veya satan kimse
TUĞRALI	sf.	Tuğrası olan
TUHAFÇI	a.	► tuhafiyeci
TULUMBA	a.	Sıvıları alçak yerlerden çekmeye veya yüksek yerlere çıkarmaya yarayan araç
TULUMCU	a.	Tulum çalan veya yapan kimse
TURANCI	sf.	Turancılık yanlısı (kimse, görüş vb.); Panturanist
TURKUAZ	a.	Mavi, yeşil ve beyazın karışımından ortaya çıkan renk; turkuaz mavisi, turkuaz yeşili, firuze
TURLAMA	a.	Turlamak işi
TURNACI	a.,tar.	Yeniçeri Ocağında padişahla ava giden, av köpeklerine ve tazılara bakan, turna taşıyan bir sınıf asker
TURNİKE	a.	İnsanların teker teker geçmesini sağlamak amacıyla bazı yerlere konulan, uçlarından biri çevresinde dönebilecek düzende yatay olarak yerleştirilmiş çarpı biçiminde araç
TURNUVA	a.,sp.	Oyuncu veya takımlar arasında sırayla yapılan yarışma dizisi
TURŞUCU	a.	Turşu yapan veya satan kimse
TURŞULU	sf.	İçinde turşu bulunan
TURUNCU	a.	Sarı ve kırmızının karışımından ortaya çıkan renk, turunç meyvesinin rengi
TUŞLAMA	a.	Tuşlamak işi
TUTACAK	a.	Sıcak mutfak araçlarını tutmakta kullanılan, birbirine şeritle bağlı bez çifti; tutaç, tutak
TUTAMAÇ	a.	Bir şeyin tutulup çekilecek yeri
TUTAMAK	a.	► tutamaç
TUTANAK	a.	Meclis, kurul, mahkeme vb. yerlerde söylenen sözlerin olduğu gibi yazıya geçirilmesi; tutulga, zabıt, zabıtname
TUTARAK	a.,ağz.	► sara
TUTARGA	a.,ağz.	► sara
TUTARIK	a.,ağz.	► sara
TUTARLI	sf.	Aralarında çelişki bulunmayan, her bakımdan uyumlu; insicamlı
TUTKULU	sf.	Tutkusu olan; ihtiraslı
TUTUKLU	sf.,huk.	Kanun yoluyla hürriyetlerinden alıkonularak bir yere kapatılan (kimse); tutuk, mevkuf
TUTULGA	a.	► tutanak
TUTULMA	a.	Tutulmak işi
TUTULUM	a.,gök b.	Bir yıl boyunca Güneş'in gök küre üzerinde çizdiği çemberin sınırladığı daire; ekliptik
TUTULUŞ	a.	Tutulmak işi
TUTUMLU	sf.	Aşırı harcamalardan kaçınan; hesaplı, idareli, muktesit
TUTUNMA	a.	Tutunmak işi
TUTUNUŞ	a.	Tutunmak işi
TUTURUK	a.,ağz.	Ateş tutuşturacak çalı, çırpı, yonga vb. şeyler
TUTUŞMA	a.	Tutuşmak işi
TUVALET	a.	İnsanın dışkısıyla idrarını boşalttığı yer; abdesthane, aralık, ayakyolu, yüznumara, hacet yeri, hela, kabine, kenef, memişhane, kademhane, lavabo
TUZAKÇI	a.	Tuzak kuran kimse
TUZAKLI	sf.	Tuzağı bulunan
TUZLAMA	a.	Tuzlamak işi
TUZLUCA	sf.	İçerisinde biraz tuz bulunan (su vb.)
TUZUMSU	sf.	► tuzsu
TÜFEKÇİ	a.	Tüfek yapan, onaran veya satan kimse
TÜFEKLİ	sf.	Tüfeği olan
TÜKENİK	sf.	Bitmiş, tükenmiş
TÜKENİŞ	a.	Tükenmek işi
TÜKENME	a.	Tükenmek işi
TÜKETİM	a.	Tüketmek işi
TÜKETİŞ	a.	Tüketmek işi
TÜKETME	a.	Tüketmek işi; yoğaltma, ifna
TÜKÜRME	a.	Tükürmek işi
TÜKÜRÜK	a.	Tükürük bezlerinin ağza akan salgısı
TÜKÜRÜŞ	a.	Tükürmek işi
TÜLBENT	a.	İnce ve seyrek dokunmuş, hafif ve yumuşak pamuklu bez
TÜLEMEK	nsz.,ağz.	Kuş veya kümes hayvanları tüylerini değiştirmek
TÜMLEME	a.	► bütünleme
TÜMÜYLE	zf.	► tamamen
TÜNEMEK	nsz.	Kuşlar ve kümes hayvanları uyumak için bir dala veya sırığa konmak; tüneklemek
TÜNEYİŞ	a.	Tünemek işi
TÜPLEME	a.	Tüplemek işi
TÜREMEK	nsz.	Oluşmak, ortaya çıkmak, meydana çıkmak; gelmek
TÜRENTİ	a.,db.	Dilde kullanılan bir söz yerine yeni söz türetme; neolojizm: imtihan > sınav, ihtiyaç > gereksinim vb
TÜRETİŞ	a.	Türetmek işi
TÜRETME	a.	Türetmek işi
TÜREYİŞ	a.	Türemek işi
TÜRKÜCÜ	a.,müz.	Türkü söyleyen kimse; okuyucu
TÜRKÜLÜ	sf.	Türküsü olan
TÜRÜMCÜ	sf.,fel.	Türümcülük öğretisini benimseyen
TÜTSÜCÜ	a.	Tütsü yapan (kimse)
TÜTSÜLÜ	sf.	Tütsü yapılmış (yer, kimse veya yiyecek)
TÜTÜNCÜ	a.	Tütün yetiştiren veya satan kimse
TVİSTÇİ	a.	Tvisti seven ve yapan kimse
UCUZLUK	a.	Ucuz olma durumu; ferahi
UCUZUNA	zf.	► ucuzca
UÇAKSIZ	sf.	Uçağı olmayan
UÇARICA	zf.	Uçarıya yakışır bir biçimde
UÇKURLU	sf.	Uçkuru olan
UÇLANMA	a.	Uçlanmak durumu
UÇUKLUK	a.	Uçuk olma durumu
UÇURMAK	-i	Uçma işini yaptırmak; uçurtmak
UÇUŞMAK	nsz.	Hep birlikte uçmak
UFAKLIK	a.	Ufak olma durumu
UFALAMA	a.	Ufalamak işi
UFALMAK	nsz.	Büyükken daha ufak duruma gelmek; küçülmek
UFALTMA	a.	Ufaltmak işi
UFLAMAK	nsz.	Acı, sızı duyarak uf demek
UFLAYIŞ	a.	Uflamak işi
UFUKSUZ	sf.	Ufku olmayan
UĞRAMAK	-e	Yola devam etmek üzere, bir yerde kısa bir süre kalmak
UĞRANIŞ	a.	Uğranmak işi
UĞRANMA	a.	Uğranmak işi
UĞRAŞMA	a.	Uğraşmak işi; müsademe
UĞRATIŞ	a.	Uğratmak işi
UĞRATMA	a.	Uğratmak işi
UĞRAYIŞ	a.	Uğramak işi
UĞRULUK	a.	► hırsızlık
UĞRUNDA	zf.	...nın önünde
UĞUNMAK	nsz.,ağz.	Büyük bir üzüntü veya acıdan kıvranmak
UĞURLUK	a.,ağz.	Uğur sayılan kimse, hayvan veya nesne; maskot
UĞURSUZ	sf.	Kendinde uğursuzluk bulunan; çifteli, yomsuz, kademsiz, menhus, meret, meşum, meymenetsiz, musibet, muzlim, şom
UHUVVET	a.,esk.	► kardeşlik
UKALACA	zf.	Ukala bir biçimde
UKULELE	a.	Ahşap veya metal malzemeden yapılan, gitara benzeyen, gitardan daha küçük boyutta olan, dört telli bir yaylı çalgı
ULANMAK	nsz.	Ulama işi yapılmak
ULAŞMAK	-e	Belli bir yere varmak, erişmek, gitmek
ULUFECİ	a.,tar.	Yeniçerilikte bir sınıf süvari askeri
ULULAMA	a.	Ululamak işi; tazim, taziz
ULUSLUK	a.	Bir kimseyi, bir tüzel kişiyi veya bir şeyi ulusa bağlayan bağ
ULUSSUZ	sf.	► milletsiz
ULUSTAŞ	a.	► millettaş
ULUTMAK	-i	Ulumasını sağlamak
ULVİYET	a.,esk.	► yücelik
UMARSIZ	sf.	► çaresiz
UMDURMA	a.	Umdurmak işi
UMULMAK	nsz.	Umma durumu yaratılmak veya umma durumuna konu olmak
UMUTSUZ	sf.	Umudu olmayan, hiç umudu kalmayan; ümitsiz, nevmit
UNCULUK	a.	Un alıp satma işi
UNLAMAK	-i	Una bulamak
UNLANMA	a.	Unlanmak durumu
UNUTKAN	sf.	Çok unutan, unutma huyu olan
UNUTMAK	-i	Aklında kalmamak, hatırlamamak, aklından çıkmak
UPUYGUN	sf.	Çok uygun
URANYUM	a.,kim.	Atom numarası 92, atom ağırlığı 238,03, yoğunluğu 18,7 olan, 1800 °C'ye doğru eriyen, demir görünüşünde, nükleer enerji elde etmede kullanılan bir element (simgesi U)
URBASIZ	sf.	► giysisiz
URGANCI	a.	Urgan yapan veya satan kimse
URLAŞMA	a.	Urlaşmak durumu; tümörlenme, tümörleşme
USANGIN	sf.,ağz.	Usanmış
USANMAK	-den	Tekrarlanması, uzun sürmesi dolayısıyla bir şeyden hoşlanmaz veya sıkılır duruma gelmek
USARELİ	sf.	Usaresi olan, usaresi çıkarılan (bitki)
USÇULUK	a.,fel.,top. b.	► akılcılık
USKUMRU	a.,hay. b.	Uskumrugillerden, sıcak ve ılık denizlerde sürü hâlinde yaşayan, çizgili bir deniz balığı (Scomber scombrus)
USKURLU	sf.	Uskuru olan
USLANMA	a.	Uslanmak durumu
USLULUK	a.	Uslu olma durumu
USTALIK	a.	Usta olma durumu
USTURPA	a.	İnce bir halatın ucuna bir kurşun parçası bağlanarak yapılan bir çeşit kırbaç
USTURUP	a.	“Biçimine getirmek, uygun zamanı bulmak, denk düşürmek” anlamındaki usturubuna getirmek deyiminde geçen bir söz
USULDAN	zf.	► usul (III)
USULDEN	zf.,huk.	Usule dayalı olarak
USULSÜZ	sf.	► yöntemsiz
UŞAKLIK	a.	Uşak olma durumu; hizmetkârlık
UTANGAÇ	sf.	Bir topluluk içinde gereken güven ve cesareti kendinde bulamayan, rahat konuşamayan ve rahat davranamayan; sıkılgan, utangan, mahcup
UTANGAN	sf.,ağz.	► utangaç
UTANMAK	nsz.	Onursuz sayılacak veya gülünç olacak bir duruma düşmekten üzüntü duymak; arlanmak, mahcup olmak
UTANMAZ	sf.	Utanması olmayan; arlanmaz, pek yüzlü, sıkılmaz, pişkin, yüzsüz
UTÇULUK	a.	Utçunun yaptığı iş
UTULMAK	-e,ağz.	Yenme işi yapılmak veya yenme işine konu olmak
UVERTÜR	a.,müz.	Opera, bale veya konçertonun açılışındaki parça
UYAKSIZ	sf.,ed.	► kafiyesiz
UYANMAK	nsz.	Uyku durumundan çıkmak
UYARICI	sf.	Uyarma özelliği olan; münebbih
UYARLIK	a.	► uyumluluk
UYARMAK	-i	Bir kimseye bir davranışta bulunmasını veya bulunmamasını söylemek; ikaz etmek
UYARSIZ	sf.	Uygun davranışta bulunmayan, uyumlu görünmeyen (kimse)
UYARTMA	a.	Uyartmak işi
UYDULUK	a.	Uydu olma durumu; peyklik
UYDUMCU	sf.	Kolayca uyum sağlayan, buyruğa kolayca uyan
UYDURMA	a.	Uydurmak işi; tasni
UYDURUK	sf.	► uydurma
UYDURUŞ	a.	Uydurmak işi
UYGARCA	zf.	Uygar bir biçimde; medenice
UYKULUK	a.	Kasaplık hayvanların timüs ve pankreas bezlerine verilen ortak ad
UYKUSUZ	sf.	Uyumamış veya uykusunu alamamış
UYLAMAK	nsz.	Sürekli aynı şeyi yapmak, bıktıracak kadar tekrarlamak
UYLAŞIM	a.	Saymaca bir şey benimsemek için yapılan anlaşma
UYLAŞMA	a.	► uzlaşma
UYRUKLU	sf.	Bir devletin yönetimi altında olan; tabiiyetli
UYSALCA	zf.	Uysal bir biçimde
UYULMAK	nsz.	Uyma işi yapılmak
UYUMSAL	sf.	Uyuma yönelik, uyumla ilgili
UYUMSUZ	sf.	Uyumu olmayan; ahenksiz, imtizaçsız
UYUNMAK	nsz.	Uyuma işi yapılmak
UYUŞKAN	sf.	Herkesle veya her şeyle kolayca uyuşabilen
UYUŞMAK	nsz.	Soğuk, basınç vb. yüzünden vücudun bir yerinde, duygu ve hareket geçici olarak azalmak
UYUTMAK	-i	Uyumasını sağlamak, uyur duruma getirmek; yatırmak
UYUTUCU	sf.	Uyku getiren, uyku veren
UYUZLUK	a.	Uyuz olma durumu
UZAKLIK	a.	Uzak olma durumu; ıraklık
UZAKTAN	zf.	Uzak yerden; alarga
UZANMAK	-e	Boylu boyunca yatmak
UZATMAK	nsz.	Uzamasına sebep olmak, uzamasını sağlamak
UZGÖREN	sf.,mec.	► uzgörür
UZGÖRÜR	sf.,mec.	Gerçeği önceden görebilen, ileri görüşlü olan; uzgören
UZLAŞIM	a.	► uzlaşma
UZLAŞMA	a.	Uzlaşmak işi; uylaşım, uylaşma, uymaca, uyuşma (II), uzlaşı, uzlaşım, mutabakat, antant, konsensüs
UZUNLUK	a.	Bir şeyin bir uçtan öbür uca kadar olan uzaklığı
UZVİYET	a.,esk.,anat.	► organizma
ÜCRETLİ	a.	Ücretle çalıştırılan kimse
ÜÇBUDAK	a.,bit. b.	İzmir'de üretilen bir tütün türü
ÜÇÇATAL	a.	Büyük balıkları avlamak için kullanılan ucu üç çatallı zıpkın
ÜÇKÂĞIT	a.	Oynatıcının el çabukluğuyla yer değiştirip kapalı olarak bıraktığı, ikisi aynı, biri değişik üç iskambil kâğıdından değişik olanını bulmaya dayanan hileli oyun
ÜÇLEMEK	-i	Üçe çıkarmak
ÜÇLEŞME	a.	Üçleşmek işi
ÜÇTEKER	a.	İkisi arkada, biri önde üç tekerleği olan, çocukların düşmeden binmesi için yapılmış araç
ÜÇTELLİ	a.	Üç teli olan saz
ÜÇÜNCÜL	sf.,kim.	Organik bir birleşiğin formülünde öbür üç karbon atomuna bağlı olan (karbon atomu); tersiyer
ÜFLEMEK	-e,-i	Dudakları büzerek soluğu bir şey üzerine hızla vermek; üfürmek
ÜFLENİŞ	a.	Üflenmek işi
ÜFLENME	a.	Üflenmek işi
ÜFLETME	a.	Üfletmek işi
ÜFLEYİŞ	a.	Üflemek işi
ÜFÜRMEK	-i	► üflemek
ÜLEŞMEK	nsz.,-le	► paylaşmak
ÜLKESEL	sf.	Ülkeye ilişkin
ÜLKÜDAŞ	a.	Aynı ülküye bağlı olanlardan her biri
ÜLKÜSEL	sf.	Ülkü ile ilgili; ideal
ÜMİTSİZ	sf.	► umutsuz
ÜMİTVAR	sf.	► umutlu
ÜMMETÇE	zf.	Ümmet olarak
ÜMMETÇİ	sf.	Ümmetçilik yanlısı olan (kimse, görüş vb.)
ÜMMİLİK	a.	Ümmi olma durumu
ÜMRANLI	sf.	Bayındır, gelişmiş olan
ÜNDEŞLİ	sf.	► cinaslı
ÜNİSEKS	sf.	Herhangi bir cinsiyete özgü olmayan, kadın ve erkek için uygun
ÜNLEMEK	-e	► seslenmek
ÜNLENİŞ	a.	Ünlenmek işi veya durumu
ÜNLENME	a.	Ünlenmek işi
ÜNLETME	a.	Ünletmek işi
ÜNLÜLÜK	a.	Ünlü olma durumu; meşhurluk, namdarlık, şöhretlilik
ÜNSİYET	a.	► yakınlık
ÜNSÜZLÜ	sf.	İçinde ünsüz harf bulunan (söz)
ÜNVANLI	sf.	Ünvanı olan
ÜREMSEL	sf.	Üremeye ilişkin
ÜRETİCİ	a.,tic.	Üretimle uğraşan kimse; yetiştirici, müstahsil, prodüktör, tüketici karşıtı
ÜRETKEN	sf.	Üretme gücü olan, çok üreten
ÜRETMEK	nsz.	Aynı türden canlıları çoğaltmak
ÜRKEKÇE	sf.	► ürkek
ÜRKÜNTÜ	a.	Ürkme duygusu
ÜRKÜSÜZ	sf.	Ürkü vermeyen
ÜRKÜTME	a.	Ürkütmek işi
ÜRKÜTÜŞ	a.	Ürkütmek işi
ÜROLOJİ	a.,tıp	Böbrek ve idrar yolları hastalıkları ile erkek üreme sistemi bozukluklarıyla uğraşan bilim dalı; bevliye
ÜRPERİŞ	a.	Ürpermek işi
ÜRPERME	a.	Ürpermek işi
ÜRPERTİ	a.	Ürperme duygusu
ÜRTİKER	a.,tıp	► kurdeşen
ÜRÜNSÜZ	sf.	Ürünü olmayan
ÜRÜŞMEK	nsz.	Hep birden ürümek
ÜSLENİŞ	a.	Üslenmek işi
ÜSLENME	a.	Üslenmek işi
ÜSLUPÇU	a.	Üslubu beğenilen yazar
ÜSLUPLU	sf.	Üslubu olan
ÜSTATÇA	zf.	Üstat gibi, üstadın yaptığına benzer bir biçimde üstada yakışır tarzda; üstadane
ÜSTELİK	a.	Üste verilen şey, fazladan verilen şey; fark
ÜSTENCİ	a.	► yüklenici
ÜSTENME	a.	Üstenmek işi; taahhüt
ÜSTÜBEÇ	a.	Boyacılıkta kullanılan zehirli, bazik kurşun karbonat
ÜSTYAPI	a.,mim.	Altyapı üzerine kurulan, oturmaya veya üretime yarayan yapıların tümü
ÜŞENGEÇ	sf.	Çok üşenen; üşengen
ÜŞENGEN	sf.	► üşengeç
ÜŞENMEK	nsz.	Kendinde bir gevşeklik duyarak bir işi yapmaya isteği olmamak; erinmek
ÜŞÜRMEK	-e,-i	► saldırtmak
ÜŞÜŞMEK	-e	Her yandan çokça bir araya gelmek, toplanmak, birikmek; üşmek
ÜŞÜTMEK	-i	Üşümesine sebep olmak
ÜTOPİST	sf.	► hayalci
ÜTÜLEME	a.	Ütülemek işi
ÜTÜLMEK	nsz.,ağz.	Oyunda, yenilmek, kaybetmek
ÜVEYMEK	nsz.,ağz.	Güvercin, kumru vb. kuşlar, göğüslerinden ötmek
ÜZERİNE	zf.	► üstüne
ÜZERLİK	a.,bit. b.	Sedef otugillerden, yaprakları almaşık, çiçekleri beyaz renkte, susama benzeyen tohumları acı olan, halk hekimliğinde tedavi amaçlı, tütsü olarak kullanılan bir bitki (Peganum harmala)
ÜZGÜSÜZ	sf.	► eziyetsiz
ÜZÜLMEK	nsz.	Üzme işine konu olmak
ÜZÜMSÜZ	sf.	İçinde üzüm olmayan
ÜZÜNÇLÜ	sf.	► üzüntülü
VABESTE	sf.,esk.	► bağlı
VADESİZ	sf.	Vadesi olmayan
VADETME	a.	Vadetmek işi
VAGONET	a.	Yana veya arkaya doğru devrilebilen ve bazı toprak düzleme işlerinde kullanılan küçük vagon
VAHAMET	a.	Güçlük, korkulacak tehlikeli durum
VAHİLİK	a.	► saçmalık
VAHŞİCE	zf.	Vahşi bir biçimde; vahşicesine, vahşiyane
VAİZLİK	a.	Vaizin yaptığı iş
VAKARLI	sf.	► ağırbaşlı
VAKFİYE	a.	► vakıfname
VAKİTÇE	zf.	Vakit bakımından, vakte göre
VAKİTLİ	sf.	Zamanında yapılan, zamanında olan
VAKLAMA	a.	Vaklamak işi
VAKUMLU	sf.	Vakumlanmış
VALELİK	a.	Valenin yaptığı iş
VALİLİK	a.	Vali olma durumu
VALLAHA	ünl.,ağz.	► vallahi
VALLAHİ	ünl.	"Tanrı'yı tanık tutarım, Tanrı hakkı için" anlamında kullanılan bir yemin sözü; billahi, tallahi, valla, vallaha
VANİLYA	a.,bit. b.	Salepgillerden, çiçekleri beyaz, kokulu, tırmanıcı küçük bir bitki (Vanilla planifolia)
VAPURCU	a.	Vapur işleten kimse
VARAKÇI	a.	Varakla süs yapan zanaatkâr
VARAKLI	sf.	Varağı olan, varaklanmış
VARDACI	a.	Varda işini sesle veya araçla yapan kimse
VARDELA	a.	Yaklaşık 3 santimetre genişliğinde yumuşak kösele şerit
VARDİYA	a.	Yirmi dört saatlik çalışma gününün, çalışma bölümlerinden her biri; posta
VARESTE	sf.,esk.	Kurtulmuş
VARILIŞ	a.	Varılmak işi
VARILMA	a.	Varılmak işi
VARİDAT	a.	Gelirler
VARİSLİ	sf.	Varis rahatsızlığı olan (kimse)
VÂRİSLİ	sf.	Mirasçısı olan
VARİYET	a.,ağz.	► zenginlik
VAROLUŞ	a.,fel.	Yaşama, var olma, bir şeyin ne olduğu, nasıl olduğu değil, var olduğu olgusu; mevcudiyet, öz karşıtı
VARSAĞI	a.	Güney Anadolu Bölgesi’nde yaşayan Varsak Türklerinin özel bir ezgiyle söyledikleri koşma
VARSANI	a.,ruh b.	► sanrı
VARYANT	a.	Bir yol şebekesi üzerinde, belli bir noktadan ayrılarak başka bir noktadan aynı yolla birleşen ikinci derecedeki yol
VARYETE	a.	Şarkı, dans, hokkabazlık, temsil gibi aralarında ilişki bulunmayan farklı oyunlardan oluşan gösteri
VASIFLI	sf.	► nitelikli
VASİLİK	a.	Vasi olma durumu; vesayet
VASİYET	a.	Bir kimsenin ölümünden sonra yapılmasını istediği şey
VATSAAT	a.,fiz.	Gücü bir vat olan bir makinenin bir saatte yapacağı iş
VAVEYLA	a.	► çığlık
VAZEDİŞ	a.	Vazetmek işi
VAZELİN	a.,kim.	Ham petrolden çıkarılan, merhem ve kremlerde kullanılan ve 31 °C'de eriyen bir tür mineral yağ
VAZETME	a.	Vazetmek işi
VAZİYET	a.	► durum
VAZOLUK	a.	Vazo yapmaya elverişli malzeme
VEBALLİ	sf.	Vebali olan
VEFAKÂR	sf.	Vefası olan, sevgisi geçici olmayan; hakikatli, vefalı
VEFASIZ	sf.	Vefası olmayan, sevgisi çabuk geçen; hakikatsiz, bivefa
VEHİMLİ	sf.	► kuruntulu
VEKÂLET	a.	► vekillik
VELADET	a.,esk.	► doğum
VELAKİN	bağ.	► ama
VELAYET	a.,esk.	► velilik
VELENSE	a.	Yüzü uzun tüylü, kalın ve ağır battaniye
VELİAHT	a.	Bir hükümdarın ölümünden veya tahttan çekilmesinden sonra tahta geçmeye aday olan kimse
VELİLİK	a.	Veli olma durumu; velayet
VELVELE	a.	Gereksiz telaş, gürültü ve heyecan
VERANDA	a.	Daha çok müstakil yapıların zemin katında yer ile aynı seviyede veya biraz yükseltilmiş, ön cepheyi kaplayan, üzeri bir çatıyla örtülü, yanları açık veya camlı büyükçe sundurma
VERASET	a.,biy.	► kalıtım
VERECEK	a.	► borç, alacak karşıtı
VEREMLİ	sf.,tıp	Vereme tutulmuş; müteverrim
VERGİCİ	a.	► tahsildar
VERGİLİ	sf.	Vergisi olan, vergi ödenen
VERİLİŞ	a.	Verilmek işi
VERİLME	a.	Verilmek işi
VERİMLİ	sf.	Verimi iyi ve bol olan; bitek, vergili, randımanlı, mahsuldar, mümbit, müsmir, verimkâr, velut
VERİNTİ	a.	Bir dilden başka bir dile verilen söz
VERNİYE	a.	Milimetrenin onda biri vb. küçük boyutları ölçmeye yarayan, biri diğeri üzerinde kayan iki cetvelden oluşan alet
VERTİGO	a.,tıp	► baş dönmesi
VESAİRE	a.	► ve benzeri
VESAYET	a.,esk.	► vasilik
VESVESE	a.	► kuruntu
VEYAHUT	bağ.	► veya
VEZARET	a.,esk.	► vezirlik
VEZİKÜL	a.	İçi su dolu kabarcık
VEZİNLİ	sf.,ed.	► ölçülü
VEZNECİ	a.	Banka vb. kurum ve kuruluşlarda para alıp veren görevli; kasacı, veznedar
VINILTI	a.	Vınlayan bir şeyin çıkardığı sesin adı
VINLAMA	a.	Vınlamak işi
VIRILTI	a.	Vırıldama sırasında çıkan sesin adı
VIRLAMA	a.	► vırıldama
VIZILTI	a.	Vızıldayan bir şeyin çıkardığı sesin adı
VIZLAMA	a.	► vızıldama
VİBRİYO	a.,biy.	Koleraya neden olan virgül biçimindeki bakteri
VİCAHEN	zf.,esk.	► karşı karşıya
VİCDANİ	sf.	Vicdanla ilgili olan, vicdana dayanan
VİDASIZ	sf.	Vidası olmayan
VİDEOCU	a.	Video alıp satan veya onaran kimse
VİDOSUZ	sf.	Vido ile oynanmayan
VİGLACI	a.	Savaş ve ticaret gemilerinde gönderler üzerinde nöbet tutan kimse
VİLAYET	a.	► il
VİRAJLI	sf.	► dönemeçli
VİROLOG	a.,tıp	Viroloji uzmanı
VİRTÜÖZ	a.,müz.	Herhangi bir müzik aracını büyük ustalıkla çalabilen sanatçı
VİRÜTİK	sf.	Virüsle ilgili, virüse bağlı
VİTAMİN	a.,biy.	Besinlerde bulunan, yağda veya suda çözünebilme özelliği olan, vücudun sağlıklı gelişimi, sindirim fonksiyonları, enfeksiyonlara karşı bağışıklık kazanması açısından gerekli olan, eksikliği veya fazlalığı çeşitli hastalıklara yol açan, katalizör görevli en basit organik madde
VİTESLİ	sf.	Vitesi olan
VİYADÜK	a.	► köprü yol
VİZİYER	a.	Kasket siperi
VİZONET	a.	Taklit vizon
VOLANLI	sf.	Volanı olan
VOLFRAM	a.,kim.	Atom numarası 74, atom ağırlığı 183,85, yoğunluğu 19,3 olan, sert, 3482 °C'de eriyebilen bir element; tungsten (simgesi W)
VOYVODA	a.,tar.	Osmanlı Devleti’nde Eflak, Boğdan ve Erdel beylerine verilen ünvan
VUKUFLU	sf.	Bilgisi olan
VURGULU	sf.	Vurgu ile söylenen
VURMALI	sf.	Vurularak çalınan (çalgı)
VURULMA	a.	Vurulmak işi
VURULUŞ	a.	Vurulmak işi
VURUNMA	a.	Vurunmak işi
VURUNTU	a.	Ateşleme bozukluğu veya yanmanın sıra dışı olması sebebiyle bir motorun içinden gelen gürültü
VURUŞMA	a.	Vuruşmak işi
VÜCUTÇA	zf.	Vücut bakımından, vücudun durumuna göre
VÜCUTLU	sf.	Vücudu iri ve şişman olan
YABANCI	sf.	Başka bir milletten olan, başka devlet uyruğunda olan (kimse); bigâne, ecnebi
YABANIL	sf.	İlkel yaşayan (kimse)
YABANSI	sf.	► acayip
YADIRGI	sf.	► yabancı
YADİGÂR	a.	► hatıra
YADSIMA	a.	Yadsımak işi; yokumsama, inkâr
YAĞHANE	a.	Bitkisel ve hayvansal yağ elde edilen yer
YAĞILIK	a.	► düşmanlık
YAĞILTI	a.	Derideki yağ ve ter bezleri tarafından salgılanan, lifleri bir kılıf gibi sararak dış tesirlerden koruyan madde
YAĞIMSI	sf.	► yağsı
YAĞIŞLI	sf.	Yağışı olan
YAĞLAMA	a.	Yağlamak işi
YAĞMACI	a.	Yağma eden kimse veya ordu
YAKACAK	a.	Odun, kömür gibi ısı sağlamak amacıyla yakılan madde; mahrukat
YAKALIK	a.	Yaka yapılmaya uygun olan şey
YAKAMOZ	a.	Denizde balıkların veya küreklerin kımıldanışıyla oluşan parıltı
YAKARCA	a.,ağz.	► tatarcık
YAKARIŞ	a.	Yakarmak işi; yakarı
YAKARMA	a.	Yakarmak işi; tazarru
YAKASIZ	sf.	Yakası olmayan
YAKILIŞ	a.	Yakılmak işi
YAKILMA	a.	Yakılmak işi
YAKIMCI	a.,ağz.	Türkü yakan kimse
YAKINDA	zf.	Yakın bir yerde
YAKINIŞ	a.	Yakınmak işi
YAKINMA	a.	Yakınmak (I) işi
YAKINTI	a.	Yakılan bir şeyin kalıntısı
YAKIŞIK	a.	► uygunluk
YAKIŞMA	a.	Yakışmak işi
YAKITÇI	a.	Yakıt satan kimse
YAKİNEN	zf.	Kesin olarak
YALABIK	a.,ağz.	Alevin oynayarak parıldaması
YALAMAK	-i	Bir şeyin üzerinden dilini sürüp geçirmek
YALAMUK	a.,ağz.	► soymuk
YALANCI	a.	Yalan söylemeyi huy edinmiş olan kimse; kaltaban
YALANIŞ	a.	Yalanmak işi
YALANMA	a.	Yalanmak işi
YALATMA	a.	Yalatmak işi
YALAVAÇ	a.,esk.,din b.	► peygamber
YALAYIŞ	a.	Yalamak işi
YALELLİ	a.	Uzun ve tekrarlardan oluşan şarkı
YALITIM	a.	Bir ortamı, bir nesneyi elektrik, ses, ısı, su, nem veya gürültü geçirmeyen maddelerle kaplama işlemi; yalıtma, tecrit, izolasyon
YALITMA	a.,fiz.	► yalıtım
YALPILI	sf.	Bir yanı öbüründen yüksek veya kalın
YAMALIK	a.	Yama için kullanılan parça
YAMALMA	a.	Yamalmak işi
YAMAMAK	-i	Yama koyarak onarmak
YAMANMA	a.	Yamanmak işi
YAMATMA	a.	Yamatmak işi
YAMÇILI	sf.	Yamçısı olan
YAMPİRİ	sf.	Eğri büğrü, yan yan ve çarpık giden
YAMULMA	a.	Yamulmak işi
YANAKLI	sf.	Yanağı olan
YANARCA	a.	► meşale
YANAŞIK	sf.	Yanaşmış durumda olan
YANAŞMA	a.	Yanaşmak işi
YANGILI	sf.	► iltihaplı
YANIKSI	sf.	Biraz yanık olan
YANILGI	a.	Yanılma durumu
YANILIŞ	a.	Yanılmak işi
YANILMA	a.	Yanılmak işi; galat
YANILTI	a.	Sonucu bakımından çok önemli olmayan yanlışlık; sehiv
YANINDA	zf.	Bir şeye, bir kimseye göre; indinde, nispetle
YANITLI	sf.	► cevaplı
YANKICA	a.,ruh b.	Başkasının söylediği sözleri yankı gibi yineleme
YANKILI	sf.	Yankısı olan; akisli, ekolu
YANLAMA	a.	Yanlamak işi
YANSICA	a.,ruh b.	Başkasının yaptığı hareket ve davranışları anlamsız olarak tekrarlama; ekopraksi
YANSIMA	a.	Yansımak işi; yansınım, yansılama, aksetme
YANŞAMA	a.	Yanşamak işi
YAPAKÇI	a.	► yapağıcı
YAPALAK	a.,hay. b.	İri bir tür baykuş
YAPILIŞ	a.	Yapılmak işi
YAPILMA	a.	Yapılmak işi
YAPIMCI	a.	Bir şeyin yapılmasında, ortaya konulmasında, gerçekleştirilmesinde emeği geçen kimse veya kuruluş
YAPINMA	a.	Yapınmak işi
YAPINTI	a.,fel.	Gerçekle çeliştiğini, gerçekliğe uymadığını bile bile tasarlanan şey, hayal gücüyle yaratılmış olan şey; tasni
YAPISAL	sf.	Yapı ile, yapılış ile, kuruluş ile ilgili; strüktürel, konstrüktif
YAPIŞAK	a.	Yapışkan bir çeşit ot
YAPIŞIK	sf.	Bir yere yapışmış olan
YAPIŞMA	a.	Yapışmak işi
YARAMAK	-e	Bir şey yararlı olmak, yarar sağlamak
YARAMAZ	sf.	Uygun ve yararlı olmayan, bir işe yaramayan
YARANIŞ	a.	Yaranmak işi
YARANMA	a.	Yaranmak işi
YARARCI	sf.,fel.	Yarar peşinde koşan; faydacı, pragmatik
YARARLI	sf.	Yarar sağlayan, yararı olan; yarayışlı, faydalı, istifadeli, nafi, müfit
YARAŞIK	a.	► yaraşma
YARAŞIR	sf.	Layık, uygun
YARAŞMA	a.	Yaraşmak işi; yaraşık
YARATIK	a.	Yaratılmış canlı varlık; mahluk
YARATIM	a.	Özel yetenekle ortaya konulan eser veya nesne; yaratı, kreasyon
YARATIŞ	a.	Yaratmak işi
YARATMA	a.	Yaratmak işi; halk (II)
YARAYIŞ	a.	Yaramak işi
YÂRENCE	zf.	Yâren gibi, yârene benzer bir biçimde
YARGICI	a.	► hakem
YARGILI	sf.	Herhangi bir biçimde yargısı olan
YARIÇAP	a.,geom.	Çemberin herhangi bir noktasıyla merkezini birleştiren doğru parçası; nısıf kutur
YARILMA	a.	Yarılmak işi
YARIMCA	a.	Vücudun yarısına gelen inme
YARIMCI	a.	Sigarayı yarısına kadar içip zararından korunduğuna inanan tiryaki
YARINKİ	sf.	Yarına özgü, yarın olan, yarın yapılan
YARINTI	a.,coğ.	Selin oluşturduğu, eğim aşağı uzanan, ince, oluk biçimli çukurlar
YARIŞÇI	a.,sp.	Bir spor dalında birbirini geçmeye çalışanlardan her biri; müsabık
YARIŞIM	a.	► yarışma
YARIŞMA	a.	Yarışmak işi; müsabaka
YARIYIL	a.,eğt.	Bir öğretim yılının ayrıldığı iki dönemden her biri; dönem, sömestir
YASAKÇI	a.	Yasağı koyan veya uygulayan kimse
YASAKLI	sf.	Herhangi bir şeyi yapması kendisine yasak edilmiş olan (kimse)
YASAMAK	-i,ağz.	Düzen vermek
YASASIZ	sf.	Yasaya bağlı olmayan; kanunsuz
YASEMİN	a.,bit. b.	Zeytingillerden, beyaz, kırmızı veya sarı renkli güzel kokulu çiçekleri olan, 1-2 metre boyunda, süs bitkisi olarak yetiştirilen tırmanıcı bir ağaççık; Mısır yasemini (Jasminum)
YASLAMA	a.	Yaslamak işi; yastama
YASSICA	sf.	Biraz yassı
YASTAMA	a.	► yaslama
YAŞAMAK	nsz.	Canlılığını, hayatını sürdürmek
YAŞANAK	a.	► kuvöz
YAŞANIŞ	a.	Yaşanmak işi veya durumu
YAŞANMA	a.	Yaşanmak işi
YAŞANTI	a.	Hayat tarzı, içinde yaşanılan şartların tümü; hayat (I)
YAŞARMA	a.	Yaşarmak işi
YAŞASIN	ünl.	► yaşa, kahrolsun karşıtı
YAŞATIŞ	a.	Yaşatmak işi
YAŞATMA	a.	Yaşatmak işi
YAŞAYIŞ	a.	Yaşamak işi
YAŞINDA		bir yaşını henüz bitirmiş
YAŞLICA	sf.	Biraz yaşlı olan
YATAĞAN	a.	Namlusu kavisli, iki yanı da kesici, bir tür uzun savaş bıçağı
YATAKÇI	a.,tar.	Sancak beyleri ve beylerbeyi tarafından geceleyin çarşıları beklemekle görevlendirilen halktan kimse
YATAKLI	sf.	Herhangi bir sayıda yatağı olan, yatak alabilen
YATALAK	sf.	Felç, sakatlık vb. bir sebeple yataktan kalkamayan (kimse)
YATILIŞ	a.	Yatılmak işi
YATILMA	a.	Yatılmak işi
YATIRIM	a.	Yatırmak işi
YATIRIŞ	a.	Yatırmak işi
YATIRMA	a.	Yatırmak işi
YATISIZ	sf.	Geceleri yatılmayan
YATIŞMA	a.	Yatışmak işi
YATUĞAN	a.,müz.	Kanun, santur vb. yatırılarak çalınan sazların ortak adı
YAVAŞÇA	zf.	Oldukça yavaş bir biçimde; usulca, usulcana, usuldan
YAVRUM!		sevecen bir biçimde söylenen bir seslenme sözü
YAVUKLU	ağz.	► nişanlı
YAVUZCA	zf.	Yavuz bir biçimde
YAYALIK	a.	Yaya olma durumu
YAYGARA	a.	Gereksiz olarak yüksek sesle bağırıp çağırma
YAYILIM	a.	Yayılmak işi
YAYILIŞ	a.	Yayılmak işi
YAYILMA	a.	Yayılmak işi; intişar, tevessü
YAYIMCI	a.	Bir sanatçının, bir yazarın eserini yayıma hazırlayan kimse veya kuruluş; naşir, tabi (II), editör
YAYINCI	a.	343 yayımcı
YAYINIK	sf.,fiz.	Pürüzlü yüzeyde yansıyan (ışık)
YAYINIM	a.,fiz.	► yayınma
YAYINMA	a.,fiz.	Işığın, pürüzleri bulunan bir yüzeyin her noktasında yansıyarak pek çok doğrultuda yayılması olayı; yayınım
YAYINTI	a.	Yayılmış, dağılmış şeyler
YAYLACI	a.	Yaz mevsimini yaylada geçiren kimse
YAYLAMA	a.	Yaylamak işi
YAYMACA	a.	► propaganda
YAYMACI	a.	Pazarlarda veya sokaklarda sergi açıp ufak tefek eşya veya hırdavat satan kimse
YAZANAK	a.	► rapor
YAZGICI	sf.,fel.	Yazgıcılık yanlısı olan; kaderci, fatalist
YAZILIM	a.	Bir bilgisayarda donanıma hayat veren ve bilgi işlemde kullanılan programlar, yordamlar, programlama dilleri ve belgelemelerin tümü
YAZILIŞ	a.	Yazılmak işi
YAZILMA	a.	Yazılmak işi; kaydolma
YAZIMCI	a.	Yazı yazma işlerini yapan kimse
YAZINCI	a.	► edebiyatçı
YAZIŞMA	a.	Bir konuda karşılıklı yazı yazma; haberleşme, muhabere
YAZLAMA	a.	Yazlamak işi
YAZMACI	a.	Yemeni, yorgan yüzü vb. şeylere elle veya tahta kalıplarla desen yapan kimse
YEDEKÇİ	a.	Bir hayvanı yedeğe alan kimse
YEDEKLİ	a.,ed.	Halk edebiyatında yedeklerle yazılan manzume
YEDİGEN	a.,mat.	Yedi kenarlı çokgen
YEDİLER	a.,din b.	Yedi kişilik evliya topluluğu
YEDİLİK	sf.	Yedisi bir arada, yedi taneden oluşmuş, yedi tane alabilen
YEDİLME	a.	Yedilmek durumu
YEDİNCİ	sf.	Yedi sayısının sıra sıfatı, sırada altıncıdan sonra gelen
YEDİRİŞ	a.	Yedirmek işi
YEDİRME	a.	Yedirmek işi
YEDİŞER	sf.	Yedi sayısının üleştirme sayı sıfatı
YEDİTAŞ	sf.	Üzerinde yedi adet pırlantası veya elması olan (yüzük, küpe)
YEĞLEME	a.	Yeğlemek durumu; tercih
YEKİNİŞ	a.	Yekinmek işi
YEKİNME	a.	Yekinmek işi
YEKPARE	sf.	► bütün
YELEKEN	sf.,ağz.	► havadar
YELLEME	a.	Yellemek işi
YELPAZE	a.	Sallandığında küçük bir hava akımı yapan ve özellikle yüzü serinletmeye yarayan, katlanabilir, taşınabilir araç
YELSEME	a.	Yelsemek işi veya durumu
YEMEKÇİ	a.	Çalışanları, üyeleri, öğrencileri, işçileri çok olan kuruluşlara yemek yapıp satan kimse
YEMEKLİ	sf.	Yemek verilen (nişan, düğün, parti vb.)
YEMİNLİ	sf.	Açıklamasını yemin ederek yapan
YEMİŞÇİ	a.	► meyveci
YEMİŞEN	a.,bit. b.	Gülgillerden, meyvesi elmaya benzeyen, yaprakları kısa saplı, yumurtamsı biçimde ve kenarları dişli olan, dikenli bir bitki
YEMİŞLİ	sf.	► meyveli
YEMLEME	a.	Yemlemek işi
YENİDEN	zf.	► yeni baştan
YENİKLİ	sf.	Fare, kurt vb. tarafından yenilmiş olan
YENİLGİ	a.	Bir yarışmada kaybetme, yenilme; mağlubiyet
YENİLİK	a.	Yeni olma durumu
YENİLİŞ	a.	Yenilmek işi
YENİLME	a.	Yenilmek işi
YENİMSİ	sf.	Yeniyi andıran, yeniye benzeyen, yeni gibi
YENİRCE	a.,tıp	Kemik ve diş dokusunun harap olması durumu
YENİŞME	a.	Yenişmek işi
YEPELEK	sf.,ağz.	► narin
YEPYENİ	sf.	Çok yeni, hiç kullanılmamış; gıcır gıcır
YERALTI	sf.,mec.	Gizli ve yasa dışı
YERBERİ	a.,gök b.	Dünya çevresinde dolanan bir uydunun gerçek veya görünür yörüngesinin Dünya'ya en yakın noktası
YERGİCİ	a.	Yerme huyu olan kimse; heccav
YERİDİR		"layıktır, uygundur, münasiptir" anlamında kullanılan bir söz
YERİLME	a.	Yerilmek işi
YERİNDE	sf.	İyi, yeterli olan; münasip
YERİNEL	sf.,ed.	► alegorik
YERİNME	a.	Yerinmek işi; esef
YERKÜRE	a.,coğ.	Üstünde yaşadığımız gök cismi; yer, yer yuvarı, yer yuvarlağı
YERMELİ	sf.	► pejoratif
YERYÜZÜ	a.,coğ.	► yer kabuğu
YEŞERME	a.	Yeşermek işi
YEŞERTİ	a.	Yeşermiş yer
YEŞİLLİ	sf.	Yeşili olan
YETENEK	a.	Bir kimsenin bir şeyi anlama veya yapabilme niteliği; istidat, kabiliyet
YETERLİ	sf.	Bir işi yapma gücünü sağlayan özel bilgisi olan; kifayetli, ehliyetli
YETİNİŞ	a.	Yetinmek durumu
YETİNME	a.	Yetinmek durumu; kanıklanma, idare, kanaat, iktifa
YETİRİŞ	a.	Yetirmek işi
YETİRME	a.	Yetirmek işi
YETİŞEK	a.	Yetişmek işi
YETİŞİM	a.,eğt.	Yetişmek işi
YETİŞME	a.	Yetişmek işi
YETKELİ	sf.	► otoriteli
YETKİLİ	sf.	Herhangi bir işte yetkisi olan (kimse); salahiyetli, salahiyettar
YEVMİYE	a.	► gündelik
YIĞILIM	a.	Yığılmak işi
YIĞILIŞ	a.	Yığılmak işi
YIĞILMA	a.	Yığılmak işi; tahaşşüt
YIĞINAK	a.	Bir şeyin biriktiği yer
YIĞINLA	sf.	Çok, pek çok
YIĞINTI	a.	Bir araya yığılmış şeyler kümesi
YIĞIŞIK	sf.	Üst üste birikmiş
YIĞIŞIM	a.,jeol.	Molozların çimento durumuna dönüşmesiyle oluşan kütle; konglomera
YIĞIŞMA	a.	Yığışmak işi
YIKAMAÇ	a.	Fotokopi makinelerinde veya fotoğraf basımı işinde kullanılan yıkama aleti
YIKAMAK	-i	Su veya başka bir sıvı kullanarak bir şeyi temizlemek; yumak (II)
YIKANIŞ	a.	Yıkanmak işi
YIKANMA	a.	Yıkanmak işi
YIKATMA	a.	Yıkatmak işi
YIKAYIŞ	a.	Yıkamak işi
YIKILIŞ	a.	Yıkılmak işi
YIKILMA	a.	Yıkılmak işi; çöküş, yıkıntı, inhidam
YIKIMCI	a.	Yapıları yıkma işini yapan kimse
YIKINTI	a.	► yıkılma
YIKIŞMA	a.	► güreşme
YIKMACI	a.	Yıkılması uygun görülen bir yapının yıkılması işini üstlenen ve yıkıntılarını satın alan kimse; yıkıcı
YILANCI	a.	Yılan besleyen veya yılan oynatan kimse
YILANLI	sf.	Yılanı olan
YILBAŞI	a.	Ocak ayının birinci günü
YILDIRI	a.	► terör
YILIŞIK	sf.	Yapmacık davranışlarla hoş görünmeye çalışan; yıvışık
YILIŞMA	a.	Yılışmak işi
YILKICI	a.	Yılkı işiyle uğraşan kimse
YILLAMA	a.	Yıllamak işi
YIPRAMA	a.	Yıpramak işi
YIRLAMA	a.	► ırlama
YIRTICI	sf.	Beslenmek için başka hayvanları parçalayarak yiyen (hayvan); müfteris
YIRTLAK	sf.,ağz.	Göz kuyruğu yırtılmış gibi açık duran (göz)
YIRTMAÇ	a.	Çoğunlukla etek, paça veya kol yeninde, dikilmemiş uzunca açıklık
YIRTMAK	-i	Kâğıt, kumaş gibi bükülüp katlanan şeyleri parçalamak
YIVIŞIK	sf.,ağz.	Islak, kaygan, yapışkan olan
YIVIŞMA	a.	Yıvışmak işi veya durumu
YİĞİTÇE	zf.	Yiğit gibi, yiğide yaraşır bir biçimde
YİRMİLİ	sf.	Yirmi parçası bulunan, yirmi parçadan oluşan
YİTİRİŞ	a.	Yitirmek işi
YİTİRME	a.	Yitirmek işi
YİVAÇAR	a.	Metal çubuk ve borulara diş açan alet; pafta
YİVLEME	a.	Yivlemek işi
YİYECEK	a.	Yenmeye elverişli olan her şey; kayıt (II)
YİYİMLİ	sf.	Zevkle yenen
YİYİNTİ	a.	Yeme içme
YİYORSA	argo	kendine güveniyorsa, yürekliyse
YOBAZCA	zf.	Yobaz bir biçimde
YOĞALMA	a.	Yoğalmak işi
YOĞURMA	a.	Yoğurmak işi
YOĞUŞMA	a.,fiz.	Yoğuşmak işi
YOKLAMA	a.	Yoklamak işi; kontrol
YOKUŞÇU	a.,sp.	Özellikle tepe ve yamaçlı yollarda başarılı olan bisiklet yarışçısı
YOKUŞLU	sf.	Yokuşu olan
YOLLAMA	a.	Yollamak işi; izam (I)
YOLUNMA	a.	Yolunmak işi
YOLUYLA	e.	“Aracılığıyla” anlamında kullanılan bir söz
YOLÜSTÜ	a.	Yolun hemen kenarı
YONTMAK	-i	Bir şeye istenilen biçimi vermek için dış bölümünü keskin bir araçla biçmek, kesmek; yonmak
YONTUCU	a.	► heykelci
YONULMA	a.	► yontulma
YORDAMA	a.	Yordamak işi
YORTMAK	nsz.,ağz.	Sürekli yol yürümek
YORULMA	a.	Yorulmak işi
YORULUŞ	a.	Yorulmak işi
YORUMCU	a.	Yorum yapan kimse
YORUMLU	sf.	Yorum içeren
YOSMACA	zf.	Yosmaya yaraşır bir biçimde, yosma gibi
YOSUNLU	sf.	Yosunu olan, yosunla kaplanmış olan
YÖNELİK	sf.	Belli bir yöne çevrilmiş olan; müteveccih
YÖNELİM	a.	Yönelmek işi
YÖNELİŞ	a.	Yönelmek işi; yönleniş
YÖNELME	a.	Yönelmek işi; yönlenme
YÖNERGE	a.	Herhangi bir konuda tutulacak yol için üst makamlardan alt makamlara belli bir esasa dayanarak verilen buyruk; talimat, direktif
YÖNETİM	a.	Yönetmek işi; idare
YÖNETİŞ	a.	Yönetmek işi
YÖNETME	a.	Yönetmek işi
YÖNSEME	a.,ruh b.	Belli bir amaca veya sonuca yönelen, faaliyete dönüşmeyen etki gücü; temayül
YÖNÜYLE	zf.	-den dolayı, -den ötürü; cihetiyle
YÖRESEL	sf.	Belli bir yöre ile ilgili; yerel, mahallî, lokal
YÖRÜNGE	a.,gök b.	Bir gök cisminin hareketi süresince izlediği yol; mahrek
YUFKACI	a.	Yufka, kadayıf vb.ni yapıp satan kimse
YUMULMA	a.	Yumulmak işi
YUMURTA	a.,biy.	Bir dişinin vücudunda oluşan, yumurtlama ve döllenmeden sonra aynı türden bir canlı oluşturan hücre
YUMUŞAK	sf.	Dokunulduğunda veya üzerine basıldığında çukurlaşan, eski biçimini kaybeden, katı karşıtı
YURTLUK	a.	► malikâne
YURTSAL	sf.	Yurtla ilgili; vatani
YURTSUZ	sf.	Yurdu olmayan (kimse)
YURTTAŞ	a.	Yurtları veya yurt duyguları bir olanlardan her biri; vatandaş
YUTULMA	a.	Yutulmak işi
YUTULUŞ	a.	Yutulmak işi
YÜCELİK	a.	Yüce olma durumu; ulviyet
YÜCELİM	a.,gök b.	► üst geçiş
YÜCELİŞ	a.	Yücelmek durumu
YÜCELME	a.	Yücelmek durumu; itila, teali
YÜKLEME	a.	Yüklemek işi; tahmil
YÜKLÜCE	sf.	Oldukça çok, bir hayli fazla
YÜKÜMLÜ	sf.	Bir şeyi yapma zorunluluğu olan; memur, mükellef
YÜKÜNME	a.	Yükünmek işi
YÜLÜMEK	-i,ağz.	Vücudun fazla kıllarını ustura ile almak; tıraş etmek
YÜLÜNME	a.	Yülünmek işi
YÜPÜRME	a.	Yüpürmek işi
YÜREKLİ	sf.,mec.	Tehlikeyi korkusuzca karşılayan, hiçbir şeyden korkusu olmayan; koçak
YÜREKSİ	sf.	Yüreği andıran, yüreğe benzeyen, yürek gibi
YÜRÜMEK	nsz.	Adım atarak ilerlemek, gitmek
YÜRÜNME	a.	Yürünmek işi
YÜRÜTEÇ	a.	Yürüme çağına gelen çocukların çabuk yürümelerini sağlayan, dört tekerlekli araç; örümcek, tay tay arabası, yürüten
YÜRÜTEN	a.	► yürüteç
YÜRÜTME	a.	Yürütmek işi
YÜRÜTÜM	a.	Yürütmek işi
YÜRÜTÜŞ	a.	Yürütmek işi
YÜRÜYÜŞ	a.	Yürümek işi
YÜZBAŞI	a.,ask.	Orduda rütbesi üsteğmenle binbaşı arasında olan subay
YÜZDECİ	a.	Çalışılan yerden ücret yerine kazançtan yüzde hesabına göre pay alan kimse
YÜZERLİ	sf.	Yüzer yüzer sıralanmış
YÜZEYLİ	sf.	Yüzeyi olan
YÜZLEME	a.	Yüzlemek işi
YÜZSUYU	a.,mec.	Bir kimsenin onuru, haysiyeti
YÜZÜKSÜ	sf.	Yüzüğü andıran, yüzüğe benzer, yüzük gibi
YÜZÜLME	a.	Yüzülmek işi
YÜZÜNCÜ	sf.	Yüz sayısının sıra sıfatı, sırada doksan dokuzuncudan sonra gelen
YÜZÜSTÜ	zf.	Yüzü yere gelecek biçimde; yüzükoyun
ZABİTAN	a.,esk.	Subaylar
ZADEGÂN	a.,esk.	Soylular
ZAFİYET	a.	► zayıflık
ZAĞANOS	a.,hay. b.	Bir cins doğan
ZAĞARCI	a.,tar.	Osmanlı Devleti’nde padişahın av köpeklerini yetiştirmek ve bakmakla görevli kimse
ZAĞLAMA	a.	► kılağılama
ZAHİRDE	zf.	► görünüşte
ZAHİREN	zf.,esk.	► görünüşte
ZALİMCE	sf.	► acımasız
ZAMANLA	zf.	Aradan süre geçtikçe, giderek
ZAMANLI	sf.,müz.	Zamanı olan
ZAMPARA	sf.	Sürekli kadın peşinde koşan, kadınlara düşkün (erkek); kadıncıl, keskin, zendost
ZAPPİNG	a.	343 geçgeç
ZAPTİYE	a.,tar.	Osmanlı Devleti'nde toplum güvenliğini sağlamakla görevli askerî polis kuruluşu
ZARAFET	a.	► zariflik
ZARARLI	sf.	Zarar veren, zararı dokunan; dokuncalı, muzır
ZARFSIZ	sf.	Zarfı olmayan
ZARGANA	a.,hay. b.	Uskumrumsugillerden, 40-60 santimetre boyunda, vücudu silindir biçiminde, gaga gibi ince, uzun, sivri ağızlı bir balık (Belone belone)
ZARIMSI	sf.	► zarsı
ZARİFÇE	zf.	Zarife yakışır bir biçimde; zarifane
ZARURET	a.	► zorunluluk
ZATÜRRE	a.,tıp	Ateş, öksürük ve balgamla beliren, tehlikeli bir akciğer hastalığı; batar
ZAVALLI	sf.	Acınacak kadar kötü durumda bulunan; biçare, fukara
ZEBELLA	a.,ağz.	İri yarı kimse
ZEDESİZ	sf.	Zedelenmemiş olan
ZEHİRLİ	sf.	Zehri olan; ağılı, toksik
ZEKÂSIZ	sf.	Zeki olmayan
ZEKÂVET	a.,esk.	Çabuk anlama ve kavrama
ZEKİLİK	zm.	Zeki olma durumu; zeyreklik
ZELZELE	a.,coğ.	► deprem
ZEMHERİ	a.	► kara kış
ZEMİNLİ	sf.	Zemini olan
ZENDOST	sf.,esk.	► zampara
ZENGÛLE	a.	Klasik Türk müziğinde basit bir makam
ZENNECİ	a.	Kadın eşyası satan kimse
ZEPHİYE	a.,esk.	Kesimevinde kesilen hayvanlar için kasapların ödedikleri vergi
ZERDALİ	a.,bit. b.	Kayısı ağacının Akdeniz ülkelerinde yetiştirilen küçük meyveli bir türü (Armeniaca vulgaris)
ZERDEVA	a.,hay. b.	► ağaç sansarı
ZERRECE	zf.	Zerre kadar
ZEVAHİR	a.	► görünüm
ZEVEBAN	a.,esk.	► ergime
ZEVKSİZ	sf.	Beğenilmeyen, hoşa gitmeyen
ZEYTUNİ	a.,esk.	► zeytin rengi
ZIBARIŞ	a.	Zıbarmak işi
ZIBARMA	a.	Zıbarmak işi
ZIHLAMA	a.	Zıhlamak işi
ZIMBALI	sf.	Zımbası olan
ZIMPARA	a.,jeol.	Çok sert alümin billurları kapsayan ve aşındırıcı olarak kullanılan doğal kaya
ZIPIRCA	zf.	Zıpıra yaraşır biçimde; zirzopça, zırtapozca
ZIPLAMA	a.	Zıplamak işi
ZIRDELİ	sf.	Aşırı deli, çılgın olan
ZIRHSIZ	sf.	Zırhı olmayan
ZIRILTI	a.	Zırıldama sırasında çıkan sesin adı
ZIRLAMA	a.	► zırıldama
ZIRTLAK	sf.	Yavan, tatsız olan
ZİFİRLİ	sf.	İs, duman vb. sebeplerle siyah renge dönmüş olan
ZİHAYAT	sf.,esk.	► canlı
ZİHİNCE	zf.	Zihin bakımından; zihnen
ZİHNİYE	a.,fel.	► anlıkçılık
ZİLKADE	a.,esk.	Ay takviminin on birinci ayı
ZİYADAR	sf.,esk.	► ışıklı
ZİYAFET	a.	Eğlenmek veya bir olayı kutlamak amacıyla birçok kimsenin bir araya gelerek yedikleri yemek; şölen, toy (II)
ZİYARET	a.	Birini görmeye, biriyle görüşmeye gitme, görüşme
ZİYASIZ	sf.	► ışıksız
ZOOLOJİ	a.	► hayvan bilimi
ZOOSPOR	a.,biy.	Suda yaşayan mantarlarda ve su yosunlarında bulunan, selüloz zardan yoksun, üzerindeki iki veya daha çok titrek tüyle hareket eden üreme hücresi
ZORBACA	zf.	Zorbaya yakışır bir biçimde
ZORGULU	sf.,ruh b.	Davranışları uygunsuz ve yersiz olmasına karşın bunları yapmak için önüne geçilmez bir zorgu duyan (kimse)
ZORLAMA	a.	Zorlamak işi; zecir
ZORUNLU	sf.	Kesin olarak gereksinim duyulan; zaruri, mecburi, ıztırari
ZUHURAT	a.,esk.	Gerçekleşeceği düşünülmeyen, hesapta olmayan, umulmadık, olağan dışı olgular
ZULADAN	zf.	► gizlice
ZUMLAMA	a.	Zumlamak işi
ZURNACI	a.	Zurna çalan kimse; zurnazen
ZURNALI	sf.	Zurnası olan
ZÜLBİYE	a.	► Bergama tatlısı
ZÜLÜFLÜ	sf.	Zülfü olan
ZÜMRÜDİ	a.,esk.	► zümrüt yeşili
ZÜPPECE	zf.	Züppeye yakışır bir biçimde